hero_1,hero_2,games,winrate
11,29,2095,0.5011933174224343
11,86,2885,0.5043327556325823
11,119,505,0.39603960396039606
11,131,510,0.4803921568627451
29,86,3305,0.556732223903177
29,119,670,0.4626865671641791
29,131,595,0.5126050420168067
86,119,710,0.5211267605633803
86,131,570,0.45614035087719296
119,131,130,0.38461538461538464
12,15,415,0.5301204819277109
12,31,910,0.46153846153846156
12,93,215,0.5581395348837209
12,138,155,0.4838709677419355
15,31,975,0.48205128205128206
15,93,1245,0.4779116465863454
15,138,470,0.3829787234042553
31,93,2530,0.5691699604743083
31,138,745,0.436241610738255
93,138,480,0.5104166666666666
4,26,1300,0.5038461538461538
4,61,170,0.4117647058823529
4,86,995,0.507537688442211
4,96,215,0.5348837209302325
26,61,950,0.4
26,86,3930,0.48982188295165396
26,96,1320,0.4962121212121212
61,86,630,0.5079365079365079
61,96,100,0.3
86,96,1185,0.47257383966244726
21,35,1880,0.4627659574468085
21,45,440,0.38636363636363635
21,85,960,0.5
21,135,495,0.45454545454545453
35,45,810,0.5061728395061729
35,85,1940,0.49742268041237114
35,135,895,0.547486033519553
45,85,295,0.3898305084745763
45,135,210,0.42857142857142855
85,135,300,0.3333333333333333
20,27,760,0.5592105263157895
20,35,1440,0.5520833333333334
20,82,300,0.6666666666666666
20,114,465,0.5698924731182796
27,35,3230,0.5185758513931888
27,82,760,0.5921052631578947
27,114,1695,0.5339233038348082
35,82,450,0.6333333333333333
35,114,1800,0.48055555555555557
82,114,250,0.62
2,12,1355,0.5645756457564576
2,13,930,0.4731182795698925
2,30,2930,0.5238907849829352
2,105,1815,0.5013774104683195
12,13,500,0.53
12,30,1555,0.5498392282958199
12,105,1065,0.5774647887323944
13,30,845,0.44970414201183434
13,105,635,0.49606299212598426
30,105,1295,0.5135135135135135
29,46,985,0.5177664974619289
29,70,910,0.4945054945054945
29,79,510,0.6372549019607843
46,70,175,0.37142857142857144
46,79,225,0.4666666666666667
46,131,320,0.4375
70,79,180,0.3888888888888889
70,131,335,0.3880597014925373
79,131,40,0.625
14,86,4815,0.5223260643821391
14,97,2040,0.46568627450980393
14,105,2520,0.5099206349206349
14,138,1700,0.5029411764705882
86,97,1970,0.4847715736040609
86,105,1575,0.5333333333333333
86,138,1295,0.4980694980694981
97,105,1590,0.5314465408805031
97,138,545,0.5688073394495413
105,138,645,0.4728682170542636
2,4,775,0.47096774193548385
2,15,565,0.49557522123893805
2,25,2150,0.5488372093023256
2,54,2525,0.5425742574257426
4,15,355,0.676056338028169
4,25,685,0.46715328467153283
4,54,390,0.6153846153846154
15,25,975,0.48205128205128206
15,54,1190,0.5168067226890757
25,54,2590,0.5501930501930502
9,21,645,0.4108527131782946
9,63,850,0.47058823529411764
9,93,1330,0.5526315789473685
9,112,120,0.4583333333333333
21,63,1130,0.415929203539823
21,93,1750,0.48857142857142855
21,112,285,0.40350877192982454
63,93,1155,0.49783549783549785
63,112,350,0.44285714285714284
93,112,675,0.5259259259259259
22,31,1405,0.47686832740213525
22,80,355,0.6056338028169014
22,104,2795,0.554561717352415
22,106,870,0.5287356321839081
31,80,300,0.6166666666666667
31,104,2590,0.5386100386100386
31,106,1070,0.5327102803738317
80,104,360,0.5555555555555556
80,106,125,0.56
104,106,1370,0.5583941605839416
1,38,965,0.45077720207253885
1,58,275,0.4909090909090909
1,71,3130,0.4424920127795527
1,73,725,0.5517241379310345
38,58,240,0.5
38,71,2030,0.49261083743842365
38,73,895,0.4692737430167598
58,71,515,0.4563106796116505
58,73,265,0.5660377358490566
71,73,2900,0.5241379310344828
1,21,1125,0.4088888888888889
1,47,1000,0.455
1,74,2305,0.44251626898047725
1,76,615,0.43902439024390244
21,47,840,0.4107142857142857
21,74,1630,0.3834355828220859
21,76,500,0.57
47,74,1040,0.4855769230769231
47,76,260,0.38461538461538464
74,76,420,0.42857142857142855
5,48,920,0.532608695652174
5,53,645,0.5193798449612403
5,85,780,0.5576923076923077
5,99,1135,0.5594713656387665
48,53,615,0.4796747967479675
48,85,775,0.45806451612903226
48,99,500,0.49
53,85,510,0.5294117647058824
53,99,675,0.4888888888888889
85,99,575,0.5478260869565217
1,31,1605,0.5514018691588785
1,49,515,0.42718446601941745
1,72,210,0.38095238095238093
31,49,840,0.4226190476190476
31,71,2675,0.5289719626168224
31,72,435,0.40229885057471265
49,71,1320,0.4962121212121212
49,72,205,0.34146341463414637
71,72,785,0.45222929936305734
40,74,2995,0.4724540901502504
40,94,1115,0.5426008968609866
40,101,1560,0.46474358974358976
40,108,1295,0.5173745173745173
74,94,1045,0.4784688995215311
74,101,1945,0.5012853470437018
74,108,1050,0.5095238095238095
94,101,750,0.5133333333333333
94,108,330,0.5454545454545454
101,108,705,0.524822695035461
6,14,3830,0.5
6,15,745,0.5100671140939598
6,39,1690,0.4378698224852071
6,111,395,0.5316455696202531
14,15,2370,0.47257383966244726
14,39,4105,0.46163215590742995
14,111,870,0.5287356321839081
15,39,995,0.45226130653266333
15,111,215,0.46511627906976744
39,111,430,0.46511627906976744
26,52,1260,0.4642857142857143
26,73,2750,0.49818181818181817
26,74,4595,0.4352557127312296
26,114,2420,0.4793388429752066
52,73,505,0.46534653465346537
52,74,485,0.5773195876288659
52,114,430,0.47674418604651164
73,74,2220,0.46621621621621623
73,114,860,0.46511627906976744
74,114,1530,0.45098039215686275
5,26,1520,0.4473684210526316
5,35,2270,0.6013215859030837
5,46,670,0.4552238805970149
5,104,2065,0.5399515738498789
26,35,4990,0.48296593186372744
26,46,1920,0.4609375
26,104,5235,0.5023877745940784
35,46,985,0.4873096446700508
35,104,3550,0.532394366197183
46,104,1315,0.49809885931558934
27,40,2015,0.5359801488833746
27,43,585,0.4700854700854701
27,67,1625,0.5538461538461539
27,71,3060,0.5228758169934641
40,43,615,0.3902439024390244
40,67,2305,0.5748373101952278
40,71,4160,0.5108173076923077
43,67,415,0.5060240963855421
43,71,855,0.4853801169590643
67,71,2770,0.5505415162454874
4,9,325,0.4307692307692308
4,14,1505,0.584717607973422
4,69,610,0.5983606557377049
4,80,130,0.46153846153846156
9,14,1705,0.4809384164222874
9,69,880,0.4715909090909091
9,80,175,0.4857142857142857
14,69,3355,0.4903129657228018
14,80,690,0.5362318840579711
69,80,240,0.4583333333333333
29,37,1640,0.5487804878048781
29,56,855,0.52046783625731
29,71,2940,0.5459183673469388
29,145,490,0.46938775510204084
37,56,655,0.5038167938931297
37,71,1910,0.4973821989528796
37,145,305,0.4426229508196721
56,71,1520,0.46381578947368424
56,145,150,0.5333333333333333
71,145,1010,0.5099009900990099
74,97,1840,0.421195652173913
74,102,645,0.3953488372093023
74,123,1560,0.42628205128205127
74,145,565,0.40707964601769914
97,102,210,0.47619047619047616
97,123,805,0.4782608695652174
97,145,425,0.4823529411764706
102,123,265,0.4528301886792453
102,145,130,0.5384615384615384
123,145,340,0.5147058823529411
31,37,750,0.5666666666666667
31,42,2405,0.6133056133056133
31,76,630,0.48412698412698413
31,126,1075,0.5488372093023256
37,42,1630,0.5153374233128835
37,76,580,0.6293103448275862
37,126,715,0.5804195804195804
42,76,945,0.5502645502645502
42,126,1135,0.5066079295154186
76,126,115,0.43478260869565216
4,5,560,0.5625
4,104,720,0.5555555555555556
4,112,175,0.5714285714285714
4,126,260,0.6346153846153846
5,112,280,0.5178571428571429
5,126,915,0.546448087431694
104,112,795,0.49056603773584906
104,126,1045,0.5550239234449761
112,126,325,0.5230769230769231
14,35,6020,0.526578073089701
14,40,4805,0.5088449531737773
14,56,1700,0.46176470588235297
14,137,955,0.45549738219895286
35,40,3805,0.4835742444152431
35,56,1075,0.5441860465116279
35,137,660,0.5075757575757576
40,56,1080,0.4583333333333333
40,137,770,0.525974025974026
56,137,260,0.4423076923076923
40,42,3585,0.5369595536959554
40,47,2065,0.5230024213075061
40,145,805,0.4720496894409938
42,43,565,0.5752212389380531
42,47,1230,0.524390243902439
42,145,480,0.5416666666666666
43,47,315,0.3968253968253968
43,145,150,0.43333333333333335
47,145,255,0.43137254901960786
26,70,1920,0.4635416666666667
26,101,2360,0.4915254237288136
26,105,2040,0.47549019607843135
70,101,950,0.4473684210526316
70,104,1245,0.46586345381526106
70,105,805,0.4658385093167702
101,104,3380,0.5162721893491125
101,105,995,0.5577889447236181
104,105,2265,0.5364238410596026
15,40,1755,0.4672364672364672
15,69,710,0.47183098591549294
15,71,2075,0.4843373493975904
15,81,200,0.35
40,69,2990,0.46488294314381273
40,81,790,0.4936708860759494
69,71,3115,0.5040128410914928
69,81,210,0.42857142857142855
71,81,680,0.5147058823529411
26,36,3735,0.5087014725568942
26,63,2945,0.5008488964346349
36,63,1580,0.5063291139240507
36,73,1520,0.5131578947368421
36,104,1875,0.544
63,73,1055,0.4834123222748815
63,104,1880,0.5079787234042553
73,104,1690,0.5295857988165681
1,11,1420,0.4647887323943662
1,69,1465,0.4948805460750853
1,114,500,0.43
11,69,1665,0.5075075075075075
11,71,3560,0.5084269662921348
11,114,800,0.4375
69,114,1325,0.5018867924528302
71,114,2275,0.5010989010989011
28,29,260,0.6153846153846154
28,31,1270,0.515748031496063
28,63,1230,0.524390243902439
28,75,1175,0.5361702127659574
29,31,2310,0.5432900432900433
29,63,1925,0.5272727272727272
29,75,1995,0.5739348370927319
31,63,1375,0.5345454545454545
31,75,815,0.5214723926380368
63,75,1435,0.4878048780487805
1,22,1755,0.47863247863247865
1,29,1765,0.5269121813031161
1,50,535,0.5514018691588785
22,29,2595,0.5337186897880539
22,50,455,0.4945054945054945
22,71,3235,0.5471406491499228
29,50,685,0.5620437956204379
50,71,845,0.47928994082840237
15,20,595,0.5294117647058824
15,36,895,0.5139664804469274
15,131,275,0.5272727272727272
20,36,945,0.48148148148148145
20,69,770,0.525974025974026
20,131,140,0.5357142857142857
36,69,1645,0.5075987841945289
36,131,470,0.44680851063829785
69,131,630,0.49206349206349204
7,31,1375,0.5672727272727273
7,32,555,0.6036036036036037
7,39,1505,0.5049833887043189
7,129,885,0.3954802259887006
31,32,740,0.5202702702702703
31,39,1915,0.5430809399477807
31,129,1255,0.46215139442231074
32,39,585,0.5555555555555556
32,129,390,0.44871794871794873
39,129,1345,0.43866171003717475
28,41,835,0.5329341317365269
28,76,530,0.4528301886792453
28,112,335,0.5223880597014925
41,75,1185,0.510548523206751
41,76,615,0.5528455284552846
41,112,375,0.5866666666666667
75,76,600,0.5166666666666667
75,112,325,0.49230769230769234
76,112,170,0.5
2,8,1965,0.5089058524173028
2,11,2140,0.49065420560747663
2,26,4415,0.4824462061155153
2,110,930,0.521505376344086
8,11,1065,0.460093896713615
8,26,3450,0.4971014492753623
8,110,715,0.4825174825174825
11,26,3650,0.46301369863013697
11,110,885,0.5706214689265536
26,110,1560,0.5352564102564102
7,14,2860,0.5052447552447552
7,20,725,0.6068965517241379
7,73,1215,0.4897119341563786
7,87,655,0.48091603053435117
14,20,1940,0.5231958762886598
14,73,3065,0.5057096247960848
14,87,1680,0.49107142857142855
20,73,690,0.5217391304347826
20,87,375,0.6
73,87,890,0.5112359550561798
12,14,2135,0.5456674473067916
12,35,1370,0.551094890510949
12,75,795,0.5408805031446541
14,75,3045,0.5336617405582923
15,35,1270,0.44881889763779526
15,75,905,0.47513812154696133
35,75,2225,0.5258426966292135
22,36,1650,0.5575757575757576
22,63,1745,0.5100286532951289
22,110,810,0.5493827160493827
22,126,915,0.5027322404371585
36,110,880,0.5454545454545454
36,126,460,0.43478260869565216
63,110,745,0.5167785234899329
63,126,905,0.4861878453038674
110,126,455,0.45054945054945056
7,40,2220,0.46396396396396394
7,78,130,0.5
7,90,565,0.4778761061946903
7,114,920,0.4782608695652174
40,78,265,0.4339622641509434
40,90,645,0.4418604651162791
40,114,2060,0.4393203883495146
78,90,75,0.6666666666666666
78,114,145,0.5862068965517241
90,114,410,0.524390243902439
25,26,3250,0.5030769230769231
25,44,1185,0.45569620253164556
25,101,1455,0.44673539518900346
25,104,2650,0.5
26,44,2560,0.390625
44,101,1085,0.4838709677419355
44,104,1575,0.41904761904761906
47,59,460,0.4782608695652174
47,91,200,0.4
47,110,405,0.5555555555555556
47,136,295,0.5254237288135594
59,91,315,0.5714285714285714
59,110,470,0.574468085106383
59,136,245,0.6122448979591837
91,110,225,0.5333333333333333
91,136,705,0.46099290780141844
110,136,275,0.43636363636363634
26,27,2370,0.4810126582278481
26,29,4065,0.5375153751537516
26,54,5140,0.519455252918288
26,80,645,0.5503875968992248
27,29,2465,0.5578093306288032
27,54,3320,0.5090361445783133
27,80,475,0.5473684210526316
29,54,2860,0.541958041958042
29,80,235,0.46808510638297873
54,80,340,0.5882352941176471
26,30,2845,0.507908611599297
26,69,3700,0.48243243243243245
26,113,1000,0.475
30,69,2510,0.549800796812749
30,113,815,0.5705521472392638
30,114,1415,0.4734982332155477
69,113,470,0.4787234042553192
113,114,245,0.4489795918367347
3,14,565,0.5486725663716814
3,39,400,0.5375
3,41,275,0.4
3,85,95,0.47368421052631576
14,41,2825,0.5132743362831859
14,85,1570,0.49363057324840764
39,41,1355,0.5350553505535055
39,85,1270,0.5196850393700787
41,85,730,0.5068493150684932
17,18,295,0.5084745762711864
17,31,1095,0.4977168949771689
17,42,1300,0.5538461538461539
17,123,710,0.44366197183098594
18,31,550,0.5454545454545454
18,42,435,0.5632183908045977
18,123,335,0.582089552238806
31,123,815,0.5398773006134969
42,123,1310,0.5648854961832062
1,15,710,0.528169014084507
1,82,440,0.5113636363636364
1,97,1165,0.39914163090128757
1,100,795,0.48427672955974843
15,82,290,0.5517241379310345
15,97,575,0.5565217391304348
15,100,530,0.46226415094339623
82,97,365,0.6575342465753424
82,100,275,0.5818181818181818
97,100,585,0.5042735042735043
56,75,595,0.4957983193277311
56,86,1115,0.5381165919282511
56,105,810,0.5185185185185185
75,86,1620,0.5185185185185185
75,105,765,0.5555555555555556
1,16,810,0.4444444444444444
1,36,1610,0.5838509316770186
1,62,565,0.5221238938053098
1,121,600,0.45
16,36,790,0.4620253164556962
16,62,360,0.5416666666666666
16,121,370,0.5945945945945946
36,62,750,0.47333333333333333
36,121,610,0.5163934426229508
62,121,120,0.5833333333333334
22,25,1400,0.5285714285714286
22,65,370,0.6216216216216216
22,84,2065,0.5254237288135594
22,93,2615,0.5258126195028681
25,65,300,0.55
25,84,2010,0.5024875621890548
25,93,2315,0.5356371490280778
65,84,400,0.5375
65,93,550,0.5818181818181818
84,93,3035,0.5024711696869851
1,9,870,0.5402298850574713
1,88,795,0.48427672955974843
9,74,1075,0.4418604651162791
9,88,415,0.5180722891566265
9,97,645,0.4496124031007752
74,88,960,0.4635416666666667
88,97,365,0.5205479452054794
17,26,2175,0.45057471264367815
17,37,750,0.5133333333333333
17,82,115,0.391304347826087
17,138,465,0.46236559139784944
26,37,1430,0.47202797202797203
26,82,945,0.5925925925925926
26,138,1540,0.474025974025974
37,82,390,0.5384615384615384
37,138,605,0.35537190082644626
82,138,205,0.5365853658536586
28,70,655,0.5190839694656488
28,71,1795,0.5515320334261838
28,90,395,0.5949367088607594
28,101,1125,0.5022222222222222
70,71,1570,0.46496815286624205
70,90,450,0.5333333333333333
71,90,1065,0.5352112676056338
71,101,2465,0.5192697768762677
90,101,445,0.5056179775280899
27,36,2490,0.5040160642570282
27,104,3210,0.4781931464174455
36,54,2525,0.504950495049505
36,82,310,0.6290322580645161
54,82,580,0.6293103448275862
54,104,3080,0.525974025974026
82,104,680,0.5588235294117647
34,42,665,0.48120300751879697
34,84,565,0.4424778761061947
34,89,130,0.46153846153846156
34,100,255,0.45098039215686275
42,84,2700,0.5259259259259259
42,89,330,0.48484848484848486
42,100,835,0.49700598802395207
84,89,370,0.4189189189189189
84,100,615,0.4065040650406504
89,100,150,0.5
2,17,1145,0.4410480349344978
2,27,2775,0.5207207207207207
2,41,1495,0.5317725752508361
2,88,970,0.5618556701030928
17,27,1315,0.4752851711026616
17,41,700,0.4857142857142857
17,88,555,0.5945945945945946
27,41,1640,0.5304878048780488
27,88,820,0.573170731707317
41,88,685,0.5036496350364964
8,30,2450,0.5163265306122449
8,40,2725,0.4954128440366973
8,42,1435,0.5470383275261324
8,59,880,0.48295454545454547
30,40,1820,0.5247252747252747
30,42,3050,0.5622950819672131
30,59,1150,0.45217391304347826
40,59,1180,0.5211864406779662
42,59,930,0.5376344086021505
8,14,3595,0.47983310152990266
8,47,965,0.46113989637305697
8,53,1060,0.4481132075471698
14,30,3865,0.4851228978007762
14,47,2440,0.5122950819672131
14,53,1715,0.46355685131195334
30,47,1410,0.4326241134751773
30,53,1050,0.44761904761904764
47,53,565,0.3893805309734513
2,6,2050,0.5073170731707317
2,22,2385,0.5157232704402516
2,84,2305,0.5227765726681128
6,22,1710,0.5614035087719298
6,26,3150,0.5031746031746032
6,84,2380,0.49789915966386555
22,26,3010,0.49667774086378735
26,84,3175,0.462992125984252
7,15,780,0.46794871794871795
7,27,1725,0.4927536231884058
7,44,1170,0.49145299145299143
7,84,1715,0.5801749271137027
15,27,1410,0.5354609929078015
15,44,680,0.4338235294117647
15,84,1505,0.5049833887043189
27,44,1560,0.48717948717948717
27,84,1965,0.5267175572519084
44,84,1875,0.49066666666666664
14,36,3905,0.5236875800256082
14,93,5205,0.5283381364073007
14,104,4730,0.4989429175475687
36,86,2715,0.5377532228360957
36,93,2545,0.5579567779960707
86,93,3875,0.5174193548387097
86,104,3725,0.5020134228187919
93,104,2845,0.5430579964850615
14,60,1930,0.533678756476684
14,62,1140,0.4649122807017544
14,72,1055,0.44075829383886256
60,62,515,0.5145631067961165
60,72,300,0.48333333333333334
60,93,1395,0.5053763440860215
62,72,120,0.5
62,93,750,0.46
72,93,355,0.5070422535211268
39,53,885,0.3502824858757062
39,97,1335,0.48314606741573035
39,99,1410,0.4574468085106383
39,100,1015,0.5073891625615764
53,97,595,0.31932773109243695
53,100,390,0.47435897435897434
97,99,500,0.5
99,100,480,0.4479166666666667
13,86,1000,0.49
13,94,245,0.5510204081632653
13,97,610,0.4180327868852459
13,120,190,0.47368421052631576
86,94,1100,0.4863636363636364
86,120,1350,0.5444444444444444
94,97,485,0.5567010309278351
94,120,390,0.5
97,120,475,0.4421052631578947
2,5,1855,0.568733153638814
2,35,3415,0.5007320644216691
2,40,3080,0.5048701298701299
4,35,905,0.5082872928176796
4,40,935,0.5294117647058824
5,40,1380,0.4963768115942029
30,39,2390,0.4916317991631799
30,41,1835,0.5040871934604905
30,79,245,0.5714285714285714
39,42,2700,0.5314814814814814
39,79,485,0.4948453608247423
41,42,1025,0.5658536585365853
41,79,260,0.4807692307692308
42,79,505,0.504950495049505
32,36,655,0.6030534351145038
32,84,925,0.5567567567567567
32,93,570,0.5350877192982456
32,110,315,0.5873015873015873
36,84,2210,0.5542986425339367
84,110,775,0.535483870967742
93,110,1180,0.5550847457627118
28,86,1795,0.5459610027855153
28,100,570,0.5
28,119,430,0.46511627906976744
41,86,2070,0.5193236714975845
41,100,570,0.43859649122807015
41,119,405,0.49382716049382713
86,100,1050,0.4857142857142857
100,119,195,0.41025641025641024
15,22,1165,0.5579399141630901
15,26,2075,0.4891566265060241
15,155,220,0.4772727272727273
22,54,2900,0.5586206896551724
22,155,345,0.4492753623188406
26,155,665,0.43609022556390975
54,155,405,0.5061728395061729
27,32,735,0.6054421768707483
27,49,940,0.526595744680851
27,52,790,0.4810126582278481
32,49,250,0.56
32,52,245,0.46938775510204084
49,52,290,0.4827586206896552
49,84,1085,0.511520737327189
52,84,860,0.46511627906976744
4,36,525,0.5238095238095238
4,37,565,0.49557522123893805
4,60,330,0.4696969696969697
35,36,2095,0.5369928400954654
35,37,1950,0.5153846153846153
35,60,1605,0.5514018691588785
36,37,1390,0.5215827338129496
36,60,760,0.5657894736842105
37,60,840,0.44642857142857145
29,40,3275,0.517557251908397
29,93,2845,0.5975395430579965
29,104,600,0.5083333333333333
40,75,1785,0.5014005602240896
40,93,3725,0.5194630872483221
40,104,3215,0.5147744945567652
75,93,2170,0.5483870967741935
75,104,2030,0.5541871921182266
10,22,810,0.4691358024691358
10,36,755,0.5695364238410596
10,99,440,0.4772727272727273
10,126,430,0.5581395348837209
22,99,1445,0.4982698961937716
36,99,945,0.5502645502645502
99,126,535,0.5327102803738317
30,44,1500,0.43333333333333335
30,60,1425,0.5228070175438596
30,61,630,0.48412698412698413
44,60,710,0.4647887323943662
44,61,300,0.43333333333333335
44,79,235,0.5531914893617021
60,61,220,0.5
60,79,210,0.5952380952380952
61,79,95,0.631578947368421
12,46,220,0.38636363636363635
12,104,1400,0.5035714285714286
12,123,680,0.5367647058823529
46,75,660,0.45454545454545453
46,123,720,0.4722222222222222
75,123,560,0.5267857142857143
104,123,1780,0.5168539325842697
5,12,780,0.5448717948717948
5,69,1665,0.5675675675675675
5,74,1835,0.4659400544959128
5,87,355,0.39436619718309857
12,69,840,0.5297619047619048
12,74,1540,0.5032467532467533
12,87,465,0.6129032258064516
69,74,2370,0.47257383966244726
69,87,1240,0.5161290322580645
74,87,1200,0.45416666666666666
17,36,520,0.5096153846153846
17,71,1920,0.4895833333333333
17,93,1255,0.5179282868525896
36,71,3285,0.5312024353120244
36,123,1220,0.5655737704918032
71,93,4610,0.5303687635574837
71,123,1565,0.46325878594249204
93,123,1450,0.503448275862069
35,64,2255,0.4700665188470067
35,110,1135,0.5374449339207048
36,64,1560,0.47115384615384615
64,104,1990,0.5100502512562815
64,110,570,0.5
104,110,1025,0.5951219512195122
7,12,1095,0.5570776255707762
7,17,825,0.45454545454545453
7,26,2780,0.5017985611510791
12,17,500,0.56
12,26,2035,0.5208845208845209
12,40,1395,0.4659498207885305
17,40,1665,0.44744744744744747
26,40,3780,0.4470899470899471
10,29,690,0.45652173913043476
10,30,955,0.4816753926701571
22,30,2025,0.5037037037037037
29,30,2625,0.5352380952380953
29,126,990,0.5151515151515151
30,126,1190,0.5252100840336135
6,7,1660,0.4759036144578313
6,27,2115,0.5177304964539007
6,42,1325,0.5471698113207547
7,42,1520,0.5789473684210527
14,27,3965,0.5233291298865069
14,42,4545,0.5511551155115512
27,42,2665,0.5215759849906192
7,35,2355,0.5583864118895966
7,79,295,0.423728813559322
7,109,290,0.46551724137931033
35,44,1795,0.42618384401114207
35,79,500,0.37
35,109,490,0.4489795918367347
44,109,75,0.5333333333333333
79,109,100,0.55
8,25,1725,0.45217391304347826
8,123,1070,0.5233644859813084
11,25,1110,0.43243243243243246
11,123,1310,0.46946564885496184
25,123,1285,0.5252918287937743
26,123,1450,0.4862068965517241
38,67,675,0.4962962962962963
38,86,2010,0.5199004975124378
38,97,715,0.5384615384615384
38,129,625,0.52
67,86,2040,0.5490196078431373
67,97,910,0.46703296703296704
67,129,650,0.49230769230769234
86,129,1880,0.48404255319148937
97,129,490,0.37755102040816324
2,93,2695,0.5454545454545454
26,88,1395,0.5304659498207885
26,93,4975,0.5085427135678392
35,88,1430,0.541958041958042
35,93,3070,0.5244299674267101
88,93,1455,0.5395189003436426
26,28,2445,0.49284253578732107
26,41,2655,0.5065913370998116
26,62,1090,0.5458715596330275
28,62,400,0.475
28,110,490,0.5612244897959183
41,62,445,0.449438202247191
41,110,790,0.5253164556962026
62,110,315,0.42857142857142855
5,17,1095,0.4931506849315068
5,34,425,0.4470588235294118
5,38,985,0.49746192893401014
17,34,65,0.38461538461538464
17,38,555,0.40540540540540543
34,38,350,0.37142857142857144
34,40,715,0.3776223776223776
38,40,1855,0.477088948787062
11,14,4035,0.48946716232961585
11,30,2275,0.4593406593406593
11,42,1825,0.5342465753424658
11,83,430,0.5
14,83,555,0.5135135135135135
30,83,290,0.5
42,83,430,0.5813953488372093
2,31,2005,0.5311720698254364
2,48,1180,0.5169491525423728
2,52,690,0.5289855072463768
31,48,1040,0.5288461538461539
31,52,830,0.536144578313253
31,88,590,0.4576271186440678
48,52,355,0.4225352112676056
48,88,655,0.5572519083969466
52,88,350,0.5428571428571428
26,71,5415,0.47183748845798706
26,90,1040,0.4807692307692308
61,71,910,0.510989010989011
61,74,540,0.48148148148148145
61,90,130,0.46153846153846156
71,74,4000,0.47
74,90,660,0.49242424242424243
12,27,1395,0.5340501792114696
12,54,205,0.5853658536585366
12,65,265,0.5471698113207547
12,83,220,0.4318181818181818
27,65,440,0.4090909090909091
27,83,300,0.4166666666666667
54,65,605,0.5371900826446281
54,83,465,0.5483870967741935
65,83,55,0.6363636363636364
26,58,415,0.6144578313253012
26,72,855,0.49707602339181284
26,119,710,0.49295774647887325
58,72,110,0.3181818181818182
58,113,120,0.5
58,119,105,0.5238095238095238
72,113,115,0.4782608695652174
72,119,205,0.5365853658536586
113,119,200,0.65
1,105,1630,0.4785276073619632
1,145,185,0.4864864864864865
47,88,580,0.5948275862068966
47,105,830,0.4939759036144578
88,105,565,0.5752212389380531
88,145,290,0.46551724137931033
105,145,380,0.5
40,44,1635,0.45565749235474007
40,85,1280,0.4765625
44,69,1075,0.4418604651162791
44,85,810,0.4876543209876543
69,85,1030,0.4563106796116505
69,104,770,0.487012987012987
85,104,1185,0.6118143459915611
12,20,580,0.5172413793103449
12,82,255,0.5490196078431373
12,97,710,0.5704225352112676
12,101,980,0.5459183673469388
20,97,705,0.5035460992907801
20,101,635,0.5590551181102362
82,101,435,0.5632183908045977
97,101,915,0.48633879781420764
2,10,750,0.49333333333333335
2,74,3035,0.4958813838550247
2,86,3255,0.5192012288786483
10,74,1050,0.44285714285714284
10,86,1115,0.42152466367713004
10,105,740,0.4864864864864865
74,86,3395,0.4565537555228277
74,105,2025,0.4740740740740741
7,54,2025,0.5456790123456791
7,99,880,0.5511363636363636
7,113,420,0.6428571428571429
14,54,5285,0.4910122989593188
14,99,1955,0.4961636828644501
14,113,1100,0.5590909090909091
54,99,1390,0.539568345323741
54,113,670,0.5522388059701493
99,113,305,0.5081967213114754
26,48,2010,0.4975124378109453
36,40,2905,0.5111876075731497
36,48,1070,0.4766355140186916
40,48,1680,0.45535714285714285
48,104,1345,0.5687732342007435
9,41,650,0.5538461538461539
9,64,620,0.5161290322580645
9,81,275,0.45454545454545453
14,64,2620,0.46946564885496184
14,81,995,0.4371859296482412
41,64,1100,0.41363636363636364
41,81,200,0.45
64,81,380,0.5
26,67,2860,0.5122377622377622
26,111,520,0.4807692307692308
29,62,740,0.5945945945945946
29,67,1575,0.546031746031746
29,111,505,0.504950495049505
62,67,545,0.6146788990825688
62,111,135,0.48148148148148145
67,111,330,0.5606060606060606
12,71,1840,0.5543478260869565
12,76,315,0.4603174603174603
12,88,520,0.5576923076923077
14,71,5325,0.46854460093896716
14,76,1600,0.48125
14,88,1745,0.5386819484240688
71,76,1350,0.4703703703703704
71,88,1325,0.5094339622641509
76,88,475,0.6105263157894737
36,74,1835,0.49591280653950953
36,75,1730,0.546242774566474
71,75,2445,0.5153374233128835
74,75,1875,0.4666666666666667
74,93,3005,0.5174708818635607
1,26,3460,0.4595375722543353
1,48,245,0.5714285714285714
1,84,2240,0.47098214285714285
1,104,2150,0.5232558139534884
48,84,1370,0.49635036496350365
84,104,2695,0.5380333951762524
1,25,1670,0.5359281437125748
25,38,960,0.4322916666666667
38,84,1235,0.4898785425101215
38,104,1030,0.4854368932038835
15,33,145,0.4482758620689655
15,63,775,0.4774193548387097
31,33,255,0.5490196078431373
31,36,1940,0.5309278350515464
33,36,345,0.42028985507246375
33,63,280,0.5357142857142857
12,29,810,0.6234567901234568
12,39,925,0.5621621621621622
12,79,235,0.6382978723404256
29,39,2370,0.5611814345991561
39,75,1675,0.4955223880597015
75,79,170,0.4411764705882353
5,59,785,0.49044585987261147
5,70,870,0.47126436781609193
5,86,1560,0.5833333333333334
5,98,255,0.5686274509803921
59,70,460,0.3695652173913043
59,86,1280,0.46484375
59,98,140,0.5714285714285714
70,86,1680,0.48214285714285715
70,98,205,0.4146341463414634
86,98,695,0.48201438848920863
29,38,830,0.4939759036144578
29,45,575,0.5826086956521739
29,84,2270,0.5374449339207048
38,45,390,0.5128205128205128
45,84,520,0.4423076923076923
45,86,585,0.5128205128205128
84,86,2755,0.515426497277677
5,9,660,0.5075757575757576
5,16,885,0.5819209039548022
5,68,450,0.5333333333333333
9,16,490,0.42857142857142855
9,68,320,0.484375
9,70,395,0.379746835443038
16,68,515,0.49514563106796117
16,70,575,0.4956521739130435
68,70,430,0.4186046511627907
14,26,6055,0.4888521882741536
14,46,2225,0.42696629213483145
46,93,430,0.4883720930232558
11,38,1135,0.3964757709251101
11,41,860,0.47674418604651164
11,75,1410,0.4716312056737589
30,38,1445,0.49480968858131485
30,75,1305,0.5019157088122606
38,41,625,0.424
38,75,965,0.49222797927461137
6,16,950,0.531578947368421
6,17,665,0.5263157894736842
6,87,845,0.47337278106508873
6,101,1450,0.4793103448275862
16,17,435,0.4827586206896552
16,87,570,0.5087719298245614
16,101,795,0.46540880503144655
17,87,620,0.47580645161290325
17,101,850,0.49411764705882355
87,101,620,0.4435483870967742
37,54,1810,0.4419889502762431
37,81,370,0.5
37,86,1580,0.47468354430379744
37,88,570,0.5701754385964912
54,81,480,0.5208333333333334
54,86,4085,0.5532435740514076
54,88,1285,0.5252918287937743
81,86,755,0.46357615894039733
81,88,245,0.4897959183673469
86,88,990,0.5858585858585859
38,48,690,0.4855072463768116
38,64,1025,0.43902439024390244
38,87,715,0.4125874125874126
38,114,625,0.432
48,64,895,0.4860335195530726
48,87,540,0.42592592592592593
48,114,325,0.5230769230769231
64,87,445,0.48314606741573035
64,114,1085,0.4792626728110599
87,114,800,0.5125
30,37,860,0.5348837209302325
30,73,1805,0.518005540166205
30,74,2985,0.4355108877721943
30,99,1570,0.5063694267515924
37,73,975,0.5128205128205128
37,74,1770,0.4689265536723164
37,99,900,0.45555555555555555
73,99,880,0.6022727272727273
74,99,1700,0.4823529411764706
11,21,1225,0.45714285714285713
11,33,415,0.42168674698795183
11,68,780,0.46153846153846156
11,90,550,0.5181818181818182
21,33,270,0.48148148148148145
21,68,535,0.45794392523364486
21,90,340,0.4852941176470588
33,68,115,0.4782608695652174
33,90,95,0.5789473684210527
68,90,190,0.5789473684210527
12,19,430,0.43023255813953487
12,131,270,0.5185185185185185
19,30,1170,0.4658119658119658
19,39,1175,0.43829787234042555
19,131,275,0.36363636363636365
30,131,320,0.390625
39,131,480,0.5
39,71,3685,0.49796472184531887
39,104,2425,0.5010309278350515
39,138,895,0.4972067039106145
71,104,3575,0.5342657342657343
71,138,1565,0.5271565495207667
104,138,1110,0.4864864864864865
19,40,1510,0.4304635761589404
19,69,965,0.45077720207253885
19,85,500,0.48
19,129,540,0.3611111111111111
40,129,1810,0.43922651933701656
69,129,345,0.391304347826087
85,129,620,0.4435483870967742
30,32,915,0.5792349726775956
30,54,3260,0.553680981595092
30,71,2940,0.5306122448979592
32,54,500,0.58
32,71,1160,0.5129310344827587
32,126,255,0.47058823529411764
54,71,5040,0.5248015873015873
54,126,1225,0.5387755102040817
71,126,1840,0.4673913043478261
7,11,1640,0.4695121951219512
7,50,480,0.5833333333333334
7,86,2200,0.4772727272727273
7,93,2200,0.55
11,50,770,0.44805194805194803
11,93,1670,0.48502994011976047
50,86,665,0.556390977443609
50,93,810,0.5617283950617284
27,47,1605,0.5015576323987538
27,70,1780,0.5056179775280899
27,102,495,0.46464646464646464
27,113,770,0.525974025974026
47,70,650,0.4153846153846154
47,102,240,0.5208333333333334
47,113,205,0.5609756097560976
70,102,180,0.5
70,113,305,0.5409836065573771
102,113,155,0.4838709677419355
9,54,1235,0.5303643724696356
9,87,420,0.5238095238095238
9,106,520,0.5480769230769231
9,129,640,0.421875
54,87,1400,0.5214285714285715
54,106,1425,0.5403508771929825
54,129,1390,0.45323741007194246
87,106,620,0.5806451612903226
87,129,695,0.48201438848920863
106,129,620,0.45161290322580644
50,52,230,0.5217391304347826
50,114,395,0.45569620253164556
50,120,395,0.5063291139240507
50,128,145,0.3448275862068966
52,120,130,0.6153846153846154
52,128,220,0.4772727272727273
114,120,575,0.5217391304347826
114,128,495,0.45454545454545453
120,128,365,0.410958904109589
17,79,220,0.5
17,98,215,0.5116279069767442
27,79,220,0.5681818181818182
27,93,3260,0.5521472392638037
27,98,510,0.5588235294117647
79,93,480,0.53125
79,98,55,0.45454545454545453
93,98,485,0.4948453608247423
6,25,1730,0.4595375722543353
6,63,710,0.4225352112676056
6,71,3330,0.5195195195195195
6,86,2330,0.4656652360515021
25,63,1580,0.48417721518987344
25,71,3245,0.5238828967642527
25,86,2385,0.480083857442348
63,71,2960,0.4831081081081081
63,86,2205,0.5011337868480725
71,86,4230,0.5342789598108747
14,17,2155,0.4988399071925754
14,29,3575,0.5062937062937063
17,29,1220,0.5040983606557377
17,54,1730,0.4797687861271676
40,54,3915,0.5210727969348659
38,69,765,0.49673202614379086
38,70,565,0.415929203539823
69,70,735,0.5374149659863946
69,86,3110,0.4903536977491961
3,6,365,0.5068493150684932
3,107,100,0.5
3,126,215,0.5813953488372093
3,131,45,0.4444444444444444
6,107,450,0.5555555555555556
6,126,790,0.4620253164556962
6,131,425,0.3411764705882353
107,126,240,0.5
107,131,150,0.3
126,131,305,0.4918032786885246
7,72,525,0.5142857142857142
15,42,945,0.4126984126984127
15,72,305,0.5081967213114754
26,42,4835,0.5232678386763185
42,72,485,0.4329896907216495
5,54,2060,0.5703883495145631
5,75,895,0.5307262569832403
5,88,555,0.6126126126126126
54,75,2350,0.5085106382978724
75,88,715,0.5874125874125874
88,104,1135,0.5418502202643172
2,59,895,0.4581005586592179
2,62,875,0.5542857142857143
2,73,1625,0.5753846153846154
30,62,640,0.515625
59,62,295,0.5084745762711864
59,73,695,0.539568345323741
62,73,630,0.5952380952380952
40,72,625,0.448
40,100,855,0.49707602339181284
40,110,915,0.4972677595628415
72,100,255,0.45098039215686275
72,110,200,0.525
72,114,240,0.3541666666666667
100,110,385,0.44155844155844154
100,114,530,0.5660377358490566
110,114,715,0.5524475524475524
14,49,1550,0.4612903225806452
14,84,3890,0.4910025706940874
15,49,325,0.47692307692307695
15,76,375,0.4266666666666667
49,76,270,0.37037037037037035
76,84,890,0.5056179775280899
27,39,2360,0.5063559322033898
27,62,620,0.5241935483870968
27,96,1035,0.5797101449275363
32,62,235,0.46808510638297873
32,96,230,0.5217391304347826
39,62,710,0.5774647887323944
39,96,695,0.5323741007194245
62,96,300,0.5833333333333334
32,61,130,0.6153846153846154
32,65,155,0.4838709677419355
32,113,170,0.5294117647058824
61,65,140,0.39285714285714285
61,113,85,0.47058823529411764
65,71,725,0.5310344827586206
65,113,125,0.56
71,113,910,0.521978021978022
27,38,1855,0.5040431266846361
27,101,1380,0.4927536231884058
27,129,1315,0.4752851711026616
38,101,980,0.4744897959183674
101,114,1120,0.44642857142857145
101,129,1000,0.41
114,129,890,0.38202247191011235
25,67,1490,0.5637583892617449
25,155,385,0.5064935064935064
38,123,870,0.4367816091954023
38,155,200,0.45
67,123,940,0.5851063829787234
67,155,225,0.5111111111111111
123,155,200,0.575
29,74,3410,0.533724340175953
29,97,810,0.5740740740740741
74,119,700,0.4928571428571429
93,97,1675,0.5313432835820896
93,119,840,0.5595238095238095
97,119,360,0.4861111111111111
49,70,315,0.42857142857142855
49,129,310,0.3387096774193548
70,129,600,0.4083333333333333
71,129,1635,0.44954128440366975
9,26,1425,0.47368421052631576
9,67,805,0.4968944099378882
9,104,1295,0.5096525096525096
26,106,2190,0.547945205479452
67,104,1885,0.5755968169761273
67,106,765,0.5816993464052288
38,62,570,0.5877192982456141
38,88,565,0.5929203539823009
38,94,295,0.4406779661016949
62,75,440,0.48863636363636365
62,88,235,0.5106382978723404
62,94,310,0.5161290322580645
75,94,630,0.5
88,94,440,0.6136363636363636
32,63,395,0.5443037974683544
32,101,595,0.5462184873949579
36,101,1670,0.5419161676646707
63,84,2145,0.4731934731934732
63,101,1220,0.46311475409836067
84,101,1615,0.47678018575851394
27,59,1145,0.537117903930131
29,59,875,0.56
59,71,1595,0.5015673981191222
59,93,1015,0.5172413793103449
5,10,595,0.5126050420168067
5,76,640,0.4609375
5,129,990,0.4595959595959596
10,76,220,0.29545454545454547
10,129,565,0.39823008849557523
74,129,1795,0.3593314763231198
76,129,340,0.3382352941176471
17,19,635,0.41732283464566927
17,63,1035,0.43478260869565216
17,86,1410,0.524822695035461
17,97,620,0.4596774193548387
19,63,855,0.4502923976608187
19,86,1560,0.4807692307692308
19,97,695,0.49640287769784175
63,97,1105,0.4751131221719457
13,22,615,0.5772357723577236
13,53,320,0.390625
13,54,1060,0.4528301886792453
13,71,1275,0.4666666666666667
22,53,1030,0.441747572815534
53,54,1105,0.4751131221719457
53,71,1840,0.41847826086956524
2,42,1300,0.5538461538461539
2,64,1815,0.4765840220385675
2,101,2150,0.5395348837209303
2,106,1070,0.5327102803738317
42,64,2010,0.48756218905472637
42,101,2265,0.5187637969094923
42,106,1225,0.5428571428571428
64,101,980,0.42346938775510207
64,106,920,0.5163043478260869
101,106,765,0.6339869281045751
7,8,1440,0.5277777777777778
7,21,1240,0.4435483870967742
7,69,1330,0.5413533834586466
8,21,1205,0.44813278008298757
8,35,2580,0.49612403100775193
8,69,1685,0.4540059347181009
21,69,1410,0.43617021276595747
35,69,2595,0.5086705202312138
5,31,680,0.5
5,42,1975,0.5544303797468354
31,38,1205,0.46473029045643155
31,40,1600,0.5125
38,42,925,0.5027027027027027
7,97,1065,0.4647887323943662
32,35,1005,0.5870646766169154
32,87,405,0.5185185185185185
32,97,415,0.6144578313253012
35,87,1440,0.4895833333333333
35,97,1715,0.5131195335276968
87,97,620,0.5564516129032258
32,64,580,0.4396551724137931
32,120,250,0.54
32,131,155,0.5483870967741935
64,71,2120,0.47641509433962265
64,120,765,0.4444444444444444
64,131,245,0.40816326530612246
71,120,1495,0.5518394648829431
71,131,730,0.4726027397260274
120,131,320,0.390625
14,28,2220,0.5405405405405406
14,44,2755,0.4482758620689655
14,121,1095,0.5570776255707762
28,40,1955,0.5166240409207161
28,44,835,0.5269461077844312
28,121,325,0.5384615384615384
40,121,530,0.5471698113207547
44,121,435,0.47126436781609193
17,50,360,0.4583333333333333
17,70,505,0.39603960396039606
17,108,520,0.5096153846153846
40,50,560,0.44642857142857145
40,70,1470,0.4931972789115646
50,70,375,0.5866666666666667
50,108,265,0.49056603773584906
70,108,310,0.532258064516129
5,71,2155,0.5475638051044084
5,101,1020,0.5784313725490197
35,71,5325,0.5023474178403756
35,101,2065,0.5036319612590799
12,36,1075,0.5534883720930233
12,155,145,0.5862068965517241
14,74,5095,0.48086359175662413
14,155,600,0.5166666666666667
36,155,325,0.676923076923077
74,155,405,0.49382716049382713
43,50,170,0.6176470588235294
43,70,260,0.46153846153846156
43,86,670,0.5597014925373134
43,90,160,0.375
50,90,260,0.5192307692307693
86,90,805,0.5962732919254659
14,33,615,0.4715447154471545
14,109,765,0.5163398692810458
14,128,1175,0.46808510638297873
33,35,455,0.5494505494505495
33,109,105,0.5238095238095238
33,128,85,0.35294117647058826
35,128,935,0.48663101604278075
109,128,125,0.36
39,54,3010,0.5382059800664452
39,64,1575,0.473015873015873
39,123,1235,0.5182186234817814
42,54,1675,0.5164179104477612
54,64,2065,0.46731234866828086
54,123,1845,0.5203252032520326
64,123,625,0.4
7,47,905,0.5138121546961326
7,59,680,0.5367647058823529
7,63,1490,0.47315436241610737
7,75,1260,0.5833333333333334
47,63,870,0.5057471264367817
47,75,880,0.4772727272727273
59,63,770,0.461038961038961
59,75,710,0.47183098591549294
11,31,1795,0.49303621169916434
11,36,1415,0.46996466431095407
11,65,390,0.48717948717948717
31,65,460,0.5217391304347826
36,65,385,0.5974025974025974
26,59,1715,0.46647230320699706
35,59,885,0.5141242937853108
59,104,920,0.5054347826086957
8,17,1060,0.49528301886792453
8,84,2420,0.48760330578512395
8,88,870,0.5919540229885057
8,98,350,0.38571428571428573
17,84,1355,0.4575645756457565
84,88,850,0.5411764705882353
84,98,420,0.44047619047619047
88,98,180,0.3888888888888889
14,106,2160,0.4861111111111111
14,114,2640,0.48674242424242425
15,106,580,0.5344827586206896
15,114,660,0.49242424242424243
106,114,650,0.46923076923076923
27,30,1585,0.5205047318611987
27,63,1715,0.5626822157434402
27,85,1105,0.5384615384615384
30,63,1995,0.46365914786967416
30,85,1160,0.5646551724137931
39,63,1805,0.4487534626038781
63,85,1135,0.5418502202643172
5,64,685,0.4744525547445255
5,81,520,0.5096153846153846
5,93,2150,0.5767441860465117
5,94,605,0.5041322314049587
64,93,2115,0.4846335697399527
64,94,515,0.4563106796116505
81,93,545,0.5321100917431193
81,94,135,0.48148148148148145
93,94,365,0.6712328767123288
7,68,710,0.5563380281690141
7,138,795,0.5283018867924528
68,72,180,0.4166666666666667
68,86,1000,0.51
68,138,425,0.5176470588235295
72,86,750,0.4
72,138,135,0.6296296296296297
35,62,1050,0.5571428571428572
35,63,2155,0.5011600928074246
35,80,330,0.45454545454545453
62,63,540,0.5185185185185185
62,80,90,0.6111111111111112
62,87,255,0.45098039215686275
63,80,260,0.5384615384615384
63,87,930,0.510752688172043
80,87,200,0.5
1,30,2365,0.5095137420718816
1,106,870,0.5229885057471264
11,97,1500,0.45666666666666667
11,106,645,0.5038759689922481
30,97,1325,0.5018867924528302
30,106,1210,0.5247933884297521
97,106,655,0.5572519083969466
2,71,2960,0.535472972972973
17,30,1500,0.5033333333333333
41,71,2085,0.5083932853717026
8,22,2140,0.5280373831775701
8,101,1545,0.517799352750809
8,108,830,0.5602409638554217
8,126,815,0.49079754601226994
22,101,1260,0.5
22,108,850,0.5
101,126,730,0.5
108,126,390,0.6025641025641025
40,41,2035,0.5061425061425061
40,76,1300,0.4653846153846154
40,97,1445,0.45674740484429066
41,97,910,0.47802197802197804
41,101,1330,0.518796992481203
76,97,530,0.41509433962264153
76,101,575,0.5217391304347826
6,67,230,0.5217391304347826
6,104,2025,0.5185185185185185
15,67,760,0.5394736842105263
15,104,700,0.5071428571428571
67,84,1755,0.5071225071225072
6,31,1520,0.5460526315789473
6,93,570,0.631578947368421
31,87,455,0.5164835164835165
87,93,1435,0.5261324041811847
87,104,1250,0.556
29,82,570,0.6403508771929824
27,46,1350,0.5037037037037037
27,60,1565,0.5271565495207667
46,60,590,0.559322033898305
46,67,250,0.48
46,88,405,0.48148148148148145
60,67,795,0.6352201257861635
60,88,600,0.575
67,88,835,0.5149700598802395
25,64,1430,0.43356643356643354
25,80,245,0.4897959183673469
25,111,455,0.43956043956043955
63,64,1260,0.44047619047619047
63,111,320,0.515625
64,80,205,0.5853658536585366
64,111,210,0.5238095238095238
80,111,175,0.7428571428571429
35,43,595,0.5630252100840336
35,48,1150,0.4826086956521739
35,68,1295,0.5057915057915058
43,48,305,0.47540983606557374
43,60,110,0.5454545454545454
43,68,230,0.43478260869565216
48,60,690,0.5362318840579711
48,68,560,0.5892857142857143
60,68,505,0.5346534653465347
28,47,530,0.5188679245283019
28,54,1515,0.5544554455445545
31,47,1060,0.4811320754716981
31,54,2555,0.5636007827788649
31,62,510,0.5490196078431373
47,54,1425,0.5543859649122806
47,62,425,0.5411764705882353
54,62,1015,0.5270935960591133
25,31,1630,0.5337423312883436
25,70,995,0.48743718592964824
31,70,1065,0.5164319248826291
31,84,1480,0.543918918918919
31,86,2000,0.495
70,84,1120,0.5
2,7,1310,0.5610687022900763
2,39,2120,0.4858490566037736
26,39,3505,0.463623395149786
36,114,1155,0.5584415584415584
40,64,1225,0.4530612244897959
26,34,1035,0.5120772946859904
26,57,650,0.6307692307692307
26,91,580,0.49137931034482757
34,57,105,0.42857142857142855
34,91,150,0.5333333333333333
34,93,680,0.4411764705882353
57,91,100,0.4
57,93,525,0.5047619047619047
91,93,710,0.5563380281690141
54,84,2890,0.5553633217993079
54,90,950,0.4631578947368421
84,90,670,0.5447761194029851
84,99,1280,0.515625
86,99,1790,0.4972067039106145
90,99,540,0.5925925925925926
14,82,995,0.5778894472361809
71,82,1000,0.665
18,45,225,0.4666666666666667
18,71,870,0.4942528735632184
18,120,310,0.45161290322580644
18,131,135,0.48148148148148145
45,71,725,0.4827586206896552
45,120,260,0.5384615384615384
45,131,100,0.4
1,37,1325,0.5094339622641509
11,37,1495,0.46488294314381273
37,50,180,0.4166666666666667
37,69,1445,0.5259515570934256
50,69,660,0.5075757575757576
6,29,1685,0.5489614243323442
86,126,1545,0.5598705501618123
8,23,560,0.48214285714285715
8,37,1165,0.44635193133047213
8,54,380,0.42105263157894735
23,26,1035,0.46859903381642515
23,37,375,0.48
23,54,725,0.5724137931034483
1,7,1615,0.47368421052631576
1,35,2245,0.48552338530066813
1,55,190,0.42105263157894735
1,108,700,0.4642857142857143
7,55,180,0.5277777777777778
7,108,550,0.4636363636363636
35,55,365,0.4246575342465753
35,108,1215,0.4691358024691358
55,108,35,0.5714285714285714
8,15,1000,0.445
8,71,3200,0.5125
8,81,370,0.3108108108108108
15,17,605,0.5454545454545454
17,81,315,0.5238095238095238
11,87,995,0.49748743718592964
11,105,1755,0.50997150997151
71,87,1545,0.44660194174757284
71,105,1990,0.5201005025125628
71,106,1890,0.5502645502645502
87,105,440,0.5568181818181818
105,106,870,0.5057471264367817
44,86,1645,0.44072948328267475
44,119,440,0.4318181818181818
44,145,150,0.5333333333333333
86,145,845,0.4911242603550296
104,119,860,0.5174418604651163
104,145,615,0.5447154471544715
119,145,255,0.49019607843137253
10,14,1565,0.46645367412140576
10,79,270,0.46296296296296297
10,87,390,0.46153846153846156
10,94,70,0.5
14,79,690,0.5072463768115942
14,94,1695,0.5457227138643068
79,87,115,0.43478260869565216
79,94,200,0.6
87,94,340,0.4852941176470588
8,27,2350,0.5170212765957447
8,49,570,0.47368421052631576
8,138,310,0.3709677419354839
27,53,1155,0.4588744588744589
27,138,1025,0.5073170731707317
49,53,405,0.5555555555555556
49,138,350,0.38571428571428573
53,138,445,0.3595505617977528
3,35,480,0.4895833333333333
3,102,70,0.5
3,110,105,0.5714285714285714
35,102,780,0.5064102564102564
35,126,770,0.525974025974026
102,110,200,0.525
102,126,280,0.5178571428571429
30,90,780,0.5192307692307693
30,104,3275,0.5679389312977099
30,128,525,0.42857142857142855
54,128,1105,0.45248868778280543
90,104,960,0.5677083333333334
90,128,185,0.5945945945945946
104,128,890,0.4943820224719101
39,40,3085,0.47649918962722854
39,114,1260,0.4642857142857143
40,62,760,0.5
54,114,615,0.5040650406504065
62,114,420,0.4880952380952381
2,14,3540,0.4901129943502825
2,43,585,0.6068376068376068
2,72,665,0.47368421052631576
2,75,1790,0.5977653631284916
14,43,1170,0.48717948717948717
43,72,155,0.3225806451612903
43,75,395,0.4430379746835443
72,75,365,0.3972602739726027
2,19,1005,0.47761194029850745
2,104,565,0.3805309734513274
14,19,1930,0.44041450777202074
19,62,330,0.4393939393939394
19,104,1100,0.509090909090909
62,104,915,0.5409836065573771
31,51,295,0.4576271186440678
31,58,150,0.3333333333333333
31,108,780,0.5064102564102564
42,51,450,0.5444444444444444
42,58,345,0.5652173913043478
42,108,635,0.5748031496062992
51,58,50,0.8
51,108,140,0.4642857142857143
58,108,100,0.55
29,88,1040,0.5528846153846154
43,84,730,0.4178082191780822
43,93,735,0.42857142857142855
43,101,410,0.4268292682926829
43,110,255,0.5686274509803921
93,101,2525,0.5168316831683168
101,110,555,0.5675675675675675
11,12,840,0.5059523809523809
11,19,1185,0.4050632911392405
11,120,690,0.5072463768115942
12,86,1525,0.5868852459016394
12,120,545,0.5779816513761468
19,120,545,0.5504587155963303
21,62,500,0.54
21,70,710,0.3732394366197183
21,87,690,0.4855072463768116
21,123,710,0.47183098591549294
62,70,340,0.5
62,123,235,0.5531914893617021
70,87,605,0.4049586776859504
70,123,635,0.4881889763779528
87,123,315,0.47619047619047616
3,54,565,0.5486725663716814
3,86,500,0.58
3,123,145,0.5172413793103449
3,129,245,0.4489795918367347
86,123,1145,0.4759825327510917
123,129,745,0.3624161073825503
2,34,550,0.4818181818181818
26,31,1960,0.5127551020408163
31,34,430,0.4069767441860465
31,35,2395,0.5448851774530271
34,35,465,0.40860215053763443
30,31,1235,0.5465587044534413
30,70,1185,0.45569620253164556
30,80,360,0.5833333333333334
30,129,1510,0.4337748344370861
70,80,140,0.5714285714285714
80,129,150,0.5666666666666667
1,40,2510,0.4800796812749004
1,53,945,0.36507936507936506
1,99,1070,0.49065420560747663
40,53,1025,0.5024390243902439
40,55,255,0.49019607843137253
40,99,1675,0.46865671641791046
53,55,105,0.47619047619047616
55,99,60,0.5
1,3,360,0.5555555555555556
1,52,555,0.46846846846846846
3,11,335,0.44776119402985076
3,15,180,0.5
3,52,120,0.5833333333333334
11,15,760,0.5197368421052632
11,52,345,0.463768115942029
15,52,330,0.5757575757575758
14,18,1245,0.5622489959839357
14,22,3605,0.5131761442441054
14,95,655,0.4580152671755725
18,22,640,0.5703125
18,47,425,0.35294117647058826
18,95,60,0.4166666666666667
22,47,1065,0.5258215962441315
22,95,385,0.4805194805194805
47,95,180,0.4722222222222222
8,31,2055,0.48905109489051096
8,106,875,0.5085714285714286
15,30,1445,0.4671280276816609
2,36,1730,0.5578034682080925
2,63,1835,0.46321525885558584
29,100,800,0.475
29,113,535,0.514018691588785
40,113,615,0.4634146341463415
93,100,1000,0.565
93,113,555,0.5405405405405406
100,113,230,0.5434782608695652
11,64,1510,0.4105960264900662
12,64,780,0.5
64,86,1455,0.42955326460481097
26,56,1595,0.46394984326018807
26,108,1455,0.49140893470790376
31,56,760,0.4605263157894737
56,108,240,0.3125
2,67,1625,0.5507692307692308
2,99,165,0.45454545454545453
39,67,1500,0.5166666666666667
67,99,795,0.5723270440251572
85,86,1590,0.5628930817610063
85,93,1395,0.5519713261648745
85,100,300,0.55
85,107,235,0.46808510638297873
86,107,585,0.49572649572649574
93,107,535,0.4953271028037383
100,107,175,0.4857142857142857
11,155,440,0.4431818181818182
19,71,1620,0.4567901234567901
19,75,930,0.478494623655914
19,155,135,0.5185185185185185
71,155,505,0.48514851485148514
75,155,240,0.6666666666666666
64,69,1565,0.4472843450479233
64,138,625,0.496
69,123,1140,0.5219298245614035
69,138,965,0.47668393782383417
123,138,465,0.5268817204301075
14,25,3745,0.5006675567423231
25,40,2610,0.49233716475095785
25,73,1415,0.6113074204946997
25,99,1195,0.4811715481171548
40,73,2060,0.5169902912621359
6,30,1955,0.4782608695652174
6,92,150,0.36666666666666664
25,30,2130,0.5046948356807511
25,92,135,0.5555555555555556
25,107,370,0.4594594594594595
30,92,285,0.5263157894736842
30,107,450,0.5777777777777777
92,107,70,0.35714285714285715
28,34,335,0.44776119402985076
28,85,575,0.4956521739130435
28,123,790,0.5316455696202531
34,70,305,0.4098360655737705
34,85,235,0.5106382978723404
34,123,355,0.5492957746478874
70,85,560,0.4642857142857143
85,123,560,0.5625
20,60,525,0.5238095238095238
20,80,125,0.56
20,105,685,0.5547445255474452
20,107,245,0.6122448979591837
60,80,225,0.6444444444444445
60,105,960,0.5364583333333334
60,107,240,0.6041666666666666
80,105,210,0.5238095238095238
80,107,75,0.5333333333333333
105,107,300,0.5833333333333334
6,69,1745,0.44412607449856734
6,74,2170,0.44930875576036866
1,20,830,0.5
1,61,515,0.5242718446601942
20,31,605,0.48760330578512395
20,61,215,0.5348837209302325
20,71,1405,0.5480427046263345
31,61,520,0.5192307692307693
14,52,1360,0.4889705882352941
14,136,1050,0.4380952380952381
41,52,410,0.5
41,136,395,0.45569620253164556
52,79,150,0.5666666666666667
52,136,170,0.4411764705882353
79,136,125,0.44
11,27,2575,0.516504854368932
11,59,760,0.42105263157894735
11,73,1300,0.49230769230769234
27,73,1620,0.5524691358024691
27,86,2400,0.5291666666666667
73,86,2405,0.5550935550935551
13,26,1325,0.4226415094339623
13,67,525,0.5238095238095238
13,104,930,0.478494623655914
26,53,1665,0.47147147147147145
53,67,690,0.5507246376811594
53,104,1240,0.43951612903225806
8,43,480,0.53125
8,86,2650,0.4811320754716981
14,21,2890,0.47231833910034604
21,43,415,0.39759036144578314
21,86,1820,0.4532967032967033
31,41,1275,0.5215686274509804
31,97,1215,0.5432098765432098
35,41,1865,0.514745308310992
37,41,1015,0.5172413793103449
37,97,1010,0.49504950495049505
42,86,3600,0.5611111111111111
48,63,520,0.4807692307692308
48,73,600,0.45
48,97,805,0.5093167701863354
48,129,825,0.4121212121212121
63,129,975,0.441025641025641
73,97,1020,0.4852941176470588
73,129,865,0.45664739884393063
6,28,1025,0.4634146341463415
6,62,640,0.484375
6,106,930,0.4946236559139785
25,28,1120,0.5401785714285714
25,62,655,0.5419847328244275
25,106,415,0.4457831325301205
28,106,640,0.53125
62,106,460,0.5
1,39,1685,0.5192878338278932
26,97,2120,0.47877358490566035
97,114,795,0.41509433962264153
40,84,2760,0.4927536231884058
42,69,1275,0.592156862745098
42,93,1945,0.5681233933161953
69,84,2210,0.49547511312217196
69,93,2665,0.5422138836772983
14,107,755,0.4966887417218543
49,104,510,0.5784313725490197
49,106,360,0.5972222222222222
49,107,185,0.32432432432432434
104,107,365,0.4383561643835616
106,107,155,0.6129032258064516
42,63,1535,0.495114006514658
42,85,1250,0.56
42,98,210,0.38095238095238093
63,98,400,0.375
85,98,205,0.34146341463414637
5,22,1335,0.5131086142322098
5,29,1815,0.5702479338842975
5,36,1755,0.5441595441595442
22,42,2820,0.5585106382978723
29,36,1615,0.6377708978328174
29,42,1400,0.5857142857142857
36,42,2020,0.5074257425742574
6,50,475,0.5684210526315789
6,83,400,0.525
39,50,580,0.5086206896551724
39,83,360,0.4722222222222222
50,83,95,0.631578947368421
50,104,925,0.5459459459459459
83,104,565,0.5398230088495575
6,66,80,0.625
6,94,150,0.4666666666666667
66,74,155,0.4838709677419355
66,86,115,0.4782608695652174
66,94,30,0.5
36,41,1305,0.5095785440613027
36,97,1070,0.5560747663551402
75,97,1010,0.5445544554455446
7,29,1140,0.5657894736842105
7,56,705,0.5531914893617021
27,56,1065,0.5539906103286385
29,129,215,0.5116279069767442
56,129,515,0.4077669902912621
36,55,185,0.43243243243243246
36,61,310,0.6129032258064516
55,61,65,0.5384615384615384
55,63,200,0.45
55,75,180,0.3611111111111111
61,63,300,0.35
61,75,290,0.4827586206896552
37,112,205,0.43902439024390244
41,99,765,0.5424836601307189
86,112,660,0.5454545454545454
99,112,380,0.618421052631579
1,14,3875,0.49806451612903224
1,64,1445,0.48788927335640137
2,20,1085,0.5576036866359447
2,46,1065,0.5070422535211268
20,30,730,0.5342465753424658
20,46,485,0.4845360824742268
30,36,2450,0.5510204081632653
30,46,1190,0.47478991596638653
36,46,755,0.46357615894039733
14,96,1210,0.4793388429752066
14,110,1765,0.5325779036827195
22,96,915,0.45901639344262296
22,111,395,0.6075949367088608
96,110,315,0.5238095238095238
96,111,230,0.5
110,111,170,0.5882352941176471
33,72,105,0.7142857142857143
33,84,355,0.6197183098591549
33,94,165,0.45454545454545453
33,100,150,0.6
72,84,625,0.512
72,94,80,0.5625
84,94,880,0.5284090909090909
94,100,330,0.4696969696969697
36,53,930,0.43548387096774194
36,105,1590,0.5345911949685535
53,105,765,0.43137254901960786
29,48,1230,0.5487804878048781
29,76,945,0.5079365079365079
29,128,805,0.5217391304347826
30,48,1265,0.5059288537549407
30,76,890,0.5224719101123596
48,76,325,0.46153846153846156
48,128,365,0.3835616438356164
76,128,170,0.35294117647058826
21,84,1595,0.4263322884012539
21,104,1855,0.46630727762803237
11,111,550,0.41818181818181815
15,41,755,0.46357615894039733
15,86,1435,0.4738675958188153
41,111,355,0.5070422535211268
86,111,565,0.5663716814159292
2,83,380,0.4605263157894737
2,87,1005,0.5174129353233831
17,83,275,0.4727272727272727
83,87,125,0.44
8,39,1900,0.5236842105263158
8,62,825,0.5393939393939394
8,85,1095,0.5068493150684932
53,62,315,0.49206349206349204
62,85,355,0.5774647887323944
11,135,805,0.45962732919254656
14,135,1275,0.5058823529411764
86,135,1035,0.5265700483091788
93,135,775,0.5290322580645161
42,62,995,0.5628140703517588
42,68,1230,0.5650406504065041
59,68,420,0.4166666666666667
59,84,1035,0.4251207729468599
62,68,275,0.4
62,84,630,0.3888888888888889
68,84,795,0.5094339622641509
21,37,885,0.423728813559322
21,129,755,0.37748344370860926
37,70,680,0.4264705882352941
37,123,440,0.5454545454545454
37,129,1045,0.48325358851674644
26,99,2470,0.47368421052631576
35,54,3220,0.5124223602484472
35,99,1900,0.5052631578947369
54,63,1090,0.5091743119266054
63,99,1025,0.4926829268292683
8,9,995,0.4723618090452261
8,16,970,0.5618556701030928
8,46,295,0.3220338983050847
8,97,1195,0.5523012552301255
9,46,360,0.4305555555555556
16,46,540,0.4537037037037037
16,97,670,0.5597014925373134
46,97,620,0.5403225806451613
37,105,660,0.5303030303030303
42,71,3690,0.5420054200542005
42,105,1840,0.5
14,123,1990,0.5402010050251256
39,93,2670,0.5374531835205992
39,135,715,0.4965034965034965
123,135,580,0.4827586206896552
2,113,740,0.5202702702702703
12,113,380,0.6052631578947368
86,101,1650,0.4696969696969697
86,113,595,0.5462184873949579
101,113,405,0.4567901234567901
11,22,1825,0.4328767123287671
11,54,1795,0.5292479108635098
11,74,1875,0.43466666666666665
22,74,2165,0.49653579676674364
54,74,3405,0.5066079295154186
31,89,300,0.5166666666666667
31,105,860,0.5581395348837209
33,39,300,0.5
33,89,90,0.5555555555555556
33,105,195,0.6923076923076923
39,89,335,0.5522388059701493
39,105,1405,0.5373665480427047
89,105,345,0.5362318840579711
21,41,980,0.46938775510204084
21,71,2395,0.46555323590814196
35,84,3635,0.5020632737276479
41,84,1645,0.513677811550152
71,84,3300,0.5060606060606061
8,87,1025,0.4634146341463415
39,84,2465,0.4969574036511156
39,87,1175,0.4808510638297872
39,108,990,0.48484848484848486
84,87,935,0.47593582887700536
84,108,900,0.5111111111111111
87,108,540,0.5092592592592593
5,11,1425,0.48771929824561405
11,40,2710,0.47601476014760147
54,69,2270,0.5044052863436124
8,52,615,0.5203252032520326
8,79,380,0.5789473684210527
8,93,580,0.35344827586206895
52,86,845,0.46745562130177515
52,93,840,0.48214285714285715
79,86,395,0.5316455696202531
75,110,520,0.5192307692307693
11,39,1120,0.5223214285714286
11,109,335,0.40298507462686567
38,39,1120,0.45089285714285715
38,74,1630,0.43558282208588955
38,109,310,0.5161290322580645
39,74,1485,0.468013468013468
39,109,475,0.5052631578947369
74,109,590,0.3728813559322034
10,23,200,0.425
10,53,290,0.3793103448275862
10,59,440,0.4659090909090909
23,53,380,0.39473684210526316
23,59,210,0.5714285714285714
23,87,325,0.4
53,59,490,0.46938775510204084
53,87,395,0.3924050632911392
59,87,425,0.4588235294117647
13,35,515,0.4854368932038835
13,51,125,0.6
13,60,480,0.4375
13,121,300,0.4
35,51,635,0.48031496062992124
35,121,740,0.4797297297297297
51,60,220,0.5227272727272727
51,121,80,0.5
60,121,365,0.5068493150684932
19,29,980,0.5204081632653061
19,31,845,0.5088757396449705
19,46,520,0.4423076923076923
19,52,285,0.42105263157894735
29,52,820,0.5426829268292683
31,46,845,0.4911242603550296
46,52,225,0.4666666666666667
8,19,830,0.4819277108433735
8,29,2125,0.5247058823529411
16,19,495,0.40404040404040403
16,29,475,0.42105263157894735
16,69,575,0.46956521739130436
29,69,710,0.5704225352112676
26,75,2310,0.47619047619047616
14,37,2055,0.4793187347931874
29,35,3180,0.5188679245283019
37,40,1250,0.484
11,100,1155,0.4588744588744589
27,100,720,0.4791666666666667
27,120,1165,0.5021459227467812
27,155,315,0.42857142857142855
100,120,590,0.5
100,155,185,0.5945945945945946
120,155,145,0.4827586206896552
26,85,1660,0.5240963855421686
84,85,1115,0.5291479820627802
12,48,90,0.6666666666666666
12,96,355,0.5352112676056338
12,106,585,0.5726495726495726
48,96,435,0.4367816091954023
48,105,865,0.4393063583815029
48,106,610,0.5573770491803278
96,105,445,0.5730337078651685
96,106,470,0.5957446808510638
2,21,1555,0.4630225080385852
2,55,130,0.5769230769230769
8,55,250,0.48
21,46,525,0.37142857142857144
21,55,170,0.4117647058823529
46,55,165,0.45454545454545453
15,99,305,0.4426229508196721
39,86,2675,0.4785046728971963
71,99,1720,0.5261627906976745
19,36,960,0.4791666666666667
19,48,575,0.5217391304347826
19,84,1115,0.452914798206278
19,101,830,0.4759036144578313
48,101,835,0.5209580838323353
31,110,735,0.5578231292517006
31,114,1210,0.5247933884297521
61,110,260,0.46153846153846156
61,114,240,0.4791666666666667
61,129,210,0.5714285714285714
110,129,650,0.5230769230769231
5,51,270,0.48148148148148145
5,56,730,0.4863013698630137
5,58,195,0.5641025641025641
5,67,1230,0.6056910569105691
51,56,165,0.48484848484848486
51,67,290,0.4827586206896552
56,58,170,0.5294117647058824
56,67,290,0.5
58,67,225,0.6
35,74,2590,0.4594594594594595
35,94,830,0.5662650602409639
35,129,1615,0.4520123839009288
55,74,320,0.390625
55,94,70,0.35714285714285715
55,129,60,0.25
94,129,480,0.3958333333333333
25,114,1170,0.41452991452991456
104,114,1445,0.47058823529411764
5,96,610,0.5327868852459017
11,96,725,0.4689655172413793
11,126,605,0.47107438016528924
96,126,335,0.4925373134328358
25,41,1310,0.5152671755725191
41,104,1525,0.49508196721311476
12,60,585,0.5897435897435898
12,114,270,0.48148148148148145
60,64,950,0.5157894736842106
60,113,315,0.5396825396825397
60,114,800,0.48125
64,113,340,0.5588235294117647
47,119,310,0.43548387096774194
54,119,895,0.43575418994413406
75,119,280,0.48214285714285715
21,128,410,0.4634146341463415
41,128,665,0.48872180451127817
71,112,685,0.5255474452554745
71,128,975,0.4564102564102564
112,128,145,0.6206896551724138
11,23,495,0.4444444444444444
11,49,570,0.42105263157894735
21,23,390,0.5128205128205128
21,49,580,0.5172413793103449
21,105,965,0.43523316062176165
23,49,130,0.6153846153846154
23,105,430,0.5
49,105,615,0.5121951219512195
5,73,1320,0.5606060606060606
35,73,1905,0.4566929133858268
35,96,1215,0.5432098765432098
73,96,465,0.5268817204301075
74,96,800,0.5125
11,44,910,0.43956043956043955
11,101,1650,0.4727272727272727
11,108,725,0.5655172413793104
44,73,530,0.5094339622641509
44,108,585,0.39316239316239315
73,101,1350,0.4962962962962963
73,108,635,0.48031496062992124
28,42,810,0.5679012345679012
28,74,1470,0.5340136054421769
28,88,685,0.6058394160583942
42,74,3115,0.48635634028892455
42,88,1230,0.5691056910569106
37,64,605,0.4793388429752066
37,95,230,0.6304347826086957
42,95,265,0.5471698113207547
64,95,235,0.5531914893617021
1,2,1905,0.5118110236220472
1,27,2205,0.48299319727891155
1,63,675,0.48148148148148145
63,88,840,0.5357142857142857
12,43,370,0.44594594594594594
12,90,465,0.6666666666666666
43,104,490,0.5102040816326531
75,90,325,0.6153846153846154
5,28,1115,0.5605381165919282
5,78,215,0.4883720930232558
28,78,40,0.5
28,93,1470,0.5476190476190477
78,93,285,0.5263157894736842
37,63,1150,0.49130434782608695
60,87,630,0.5158730158730159
60,97,515,0.47572815533980584
60,112,405,0.6049382716049383
87,112,165,0.48484848484848486
97,112,335,0.44776119402985076
25,29,2265,0.5673289183222958
25,35,1820,0.49175824175824173
19,42,995,0.4824120603015075
19,90,285,0.43859649122807015
19,99,450,0.43333333333333335
19,119,280,0.5178571428571429
42,90,720,0.4930555555555556
42,99,675,0.5037037037037037
42,119,850,0.5294117647058824
90,119,155,0.4838709677419355
99,119,490,0.5306122448979592
42,73,1285,0.5797665369649806
42,97,1100,0.55
6,9,845,0.5207100591715976
6,47,760,0.5394736842105263
7,9,890,0.5393258426966292
9,47,605,0.5289256198347108
38,53,680,0.36764705882352944
38,85,670,0.5149253731343284
38,106,590,0.559322033898305
53,88,370,0.5945945945945946
53,106,515,0.4368932038834951
85,88,550,0.6181818181818182
85,106,530,0.5943396226415094
88,106,565,0.5132743362831859
16,84,1275,0.49019607843137253
16,93,1445,0.4602076124567474
54,85,1425,0.5263157894736842
54,135,1005,0.5422885572139303
71,85,1445,0.5813148788927336
71,135,1195,0.5815899581589958
5,128,395,0.5316455696202531
22,28,1305,0.5555555555555556
22,67,1705,0.592375366568915
22,128,610,0.4918032786885246
28,67,895,0.5363128491620112
28,128,405,0.5802469135802469
67,128,575,0.4956521739130435
3,12,290,0.5862068965517241
3,43,120,0.5833333333333334
3,45,80,0.5625
3,71,505,0.46534653465346537
12,45,270,0.5
43,45,185,0.5135135135135135
10,50,325,0.35384615384615387
10,81,205,0.3902439024390244
10,82,220,0.5681818181818182
50,81,160,0.75
50,82,210,0.6428571428571429
50,105,415,0.4578313253012048
81,82,145,0.5172413793103449
81,105,370,0.4594594594594595
82,105,460,0.5434782608695652
36,39,1090,0.5045871559633027
36,49,830,0.5120481927710844
36,78,185,0.43243243243243246
39,49,700,0.4857142857142857
39,78,235,0.48936170212765956
49,78,35,0.2857142857142857
49,86,1255,0.47808764940239046
78,86,345,0.37681159420289856
14,67,2865,0.5445026178010471
19,67,630,0.46825396825396826
29,112,525,0.5047619047619047
29,114,1545,0.5598705501618123
30,112,405,0.49382716049382713
74,112,685,0.43795620437956206
112,114,405,0.5308641975308642
19,25,995,0.47738693467336685
19,108,295,0.559322033898305
19,121,260,0.4423076923076923
25,108,880,0.48295454545454547
25,121,610,0.5573770491803278
25,131,450,0.3888888888888889
108,121,285,0.43859649122807015
108,131,210,0.40476190476190477
121,131,70,0.35714285714285715
46,71,1625,0.4553846153846154
60,71,1650,0.5757575757575758
11,28,1240,0.532258064516129
11,137,460,0.5108695652173914
28,30,1550,0.5193548387096775
28,137,115,0.6086956521739131
30,137,590,0.559322033898305
90,137,160,0.65625
27,106,1415,0.5724381625441696
27,135,940,0.5638297872340425
36,106,530,0.5
36,135,610,0.5
41,106,540,0.5277777777777778
41,135,490,0.4489795918367347
106,135,430,0.6046511627906976
9,71,1440,0.53125
9,76,305,0.4918032786885246
9,90,260,0.6538461538461539
70,76,280,0.5357142857142857
76,90,105,0.6666666666666666
19,107,210,0.5476190476190477
19,123,555,0.5315315315315315
42,75,2135,0.5269320843091335
42,107,475,0.5157894736842106
75,107,305,0.6065573770491803
107,123,255,0.49019607843137253
21,29,1480,0.5878378378378378
21,48,690,0.4420289855072464
21,121,360,0.4166666666666667
29,121,595,0.5042016806722689
46,48,170,0.5882352941176471
46,121,255,0.47058823529411764
48,121,330,0.6060606060606061
2,121,730,0.541095890410959
12,22,1050,0.5952380952380952
12,121,415,0.5060240963855421
22,40,2210,0.4638009049773756
22,121,455,0.34065934065934067
21,25,1145,0.5021834061135371
21,82,325,0.6923076923076923
21,98,195,0.28205128205128205
25,74,1390,0.49640287769784175
25,82,205,0.7317073170731707
25,98,385,0.4155844155844156
74,82,440,0.4772727272727273
74,98,485,0.32989690721649484
82,98,125,0.4
27,57,440,0.4659090909090909
27,74,3155,0.5007923930269413
27,136,680,0.5367647058823529
44,57,285,0.40350877192982454
44,74,1660,0.43373493975903615
44,136,365,0.410958904109589
57,74,530,0.4716981132075472
57,136,160,0.53125
74,136,705,0.44680851063829785
1,5,1470,0.5204081632653061
1,17,975,0.4256410256410256
5,84,1420,0.45774647887323944
5,114,1065,0.5117370892018779
17,114,680,0.45588235294117646
84,114,1395,0.4551971326164875
10,57,160,0.46875
10,61,265,0.4716981132075472
10,64,660,0.4318181818181818
10,71,1445,0.4602076124567474
57,61,120,0.4166666666666667
57,64,260,0.5192307692307693
57,71,480,0.5104166666666666
61,64,340,0.5147058823529411
54,93,835,0.4491017964071856
54,145,375,0.5333333333333333
75,145,460,0.4673913043478261
93,145,350,0.5857142857142857
25,42,2420,0.5495867768595041
25,96,715,0.5314685314685315
30,96,795,0.4591194968553459
41,96,435,0.5057471264367817
42,96,410,0.4878048780487805
31,64,840,0.5059523809523809
31,107,410,0.4878048780487805
52,54,945,0.47619047619047616
52,64,555,0.5225225225225225
52,107,120,0.375
54,107,630,0.46825396825396826
64,107,265,0.5660377358490566
48,86,1660,0.536144578313253
48,108,530,0.5094339622641509
53,86,1145,0.4672489082969432
53,108,460,0.45652173913043476
86,106,1710,0.5614035087719298
86,108,1225,0.4816326530612245
106,108,465,0.5698924731182796
16,18,255,0.45098039215686275
16,26,2135,0.4964871194379391
16,27,1425,0.5473684210526316
16,71,1540,0.5227272727272727
18,26,1055,0.4928909952606635
18,27,720,0.5902777777777778
37,39,1475,0.5186440677966102
37,67,1155,0.5021645021645021
37,119,230,0.391304347826087
39,119,720,0.4027777777777778
42,67,965,0.6217616580310881
67,119,515,0.4563106796116505
5,6,1390,0.5
6,64,1225,0.46530612244897956
29,64,1670,0.5149700598802395
64,126,805,0.5217391304347826
5,110,580,0.5689655172413793
35,86,3655,0.53077975376197
48,110,605,0.5454545454545454
86,110,1215,0.588477366255144
36,87,1155,0.5757575757575758
36,98,285,0.5087719298245614
53,98,245,0.4897959183673469
71,98,615,0.4796747967479675
87,98,245,0.42857142857142855
8,121,580,0.4224137931034483
8,137,425,0.43529411764705883
25,27,2220,0.5180180180180181
25,137,485,0.4742268041237113
27,121,485,0.4845360824742268
27,137,760,0.5197368421052632
121,137,215,0.6976744186046512
26,129,2325,0.3956989247311828
88,129,525,0.5047619047619047
15,19,665,0.45112781954887216
15,46,380,0.42105263157894735
39,46,780,0.40384615384615385
46,84,1150,0.4260869565217391
41,105,1185,0.510548523206751
62,105,410,0.5121951219512195
37,136,435,0.45977011494252873
67,136,455,0.5604395604395604
71,136,860,0.4476744186046512
88,136,245,0.5306122448979592
14,131,700,0.38571428571428573
36,44,1345,0.4349442379182156
44,71,2040,0.4534313725490196
44,131,300,0.4666666666666667
17,22,825,0.509090909090909
17,104,1535,0.4723127035830619
71,97,1635,0.5045871559633027
11,34,355,0.323943661971831
11,70,675,0.4148148148148148
11,112,495,0.46464646464646464
34,106,60,0.6666666666666666
34,112,145,0.4827586206896552
70,106,625,0.536
70,112,355,0.43661971830985913
106,112,335,0.44776119402985076
9,111,190,0.5263157894736842
9,120,470,0.4574468085106383
47,111,280,0.48214285714285715
47,120,305,0.4918032786885246
54,111,705,0.5531914893617021
54,120,1275,0.4823529411764706
111,120,325,0.49230769230769234
19,20,495,0.494949494949495
19,87,565,0.37168141592920356
20,39,870,0.4942528735632184
20,63,750,0.48
16,30,1215,0.5102880658436214
16,96,155,0.3870967741935484
16,111,300,0.43333333333333335
18,30,750,0.4866666666666667
18,96,210,0.6190476190476191
18,111,130,0.4230769230769231
30,111,295,0.6440677966101694
26,60,2330,0.5257510729613734
60,74,1700,0.47352941176470587
1,81,390,0.5256410256410257
1,129,965,0.43005181347150256
7,81,340,0.5588235294117647
31,81,455,0.5054945054945055
81,129,105,0.42857142857142855
20,84,955,0.49214659685863876
20,99,640,0.6171875
14,101,2745,0.5100182149362478
69,101,1775,0.4619718309859155
26,38,2480,0.44556451612903225
38,59,555,0.4594594594594595
39,59,415,0.40963855421686746
39,70,1010,0.4207920792079208
18,74,835,0.49700598802395207
18,84,675,0.5111111111111111
18,104,630,0.6190476190476191
74,84,2735,0.46617915904936014
74,104,3870,0.49870801033591733
5,45,295,0.5423728813559322
5,62,370,0.6216216216216216
11,45,535,0.48598130841121495
11,62,680,0.5367647058823529
28,45,350,0.5571428571428572
45,62,175,0.6
18,59,260,0.5769230769230769
18,75,470,0.574468085106383
16,64,800,0.45625
16,86,1605,0.514018691588785
16,120,385,0.5324675324675324
93,120,1000,0.535
1,8,255,0.4117647058823529
8,63,755,0.46357615894039733
11,63,1250,0.444
7,82,440,0.5795454545454546
7,119,500,0.49
50,119,100,0.6
82,119,230,0.6304347826086957
114,119,455,0.4945054945054945
38,93,1105,0.49321266968325794
56,64,530,0.4056603773584906
56,74,925,0.42702702702702705
56,85,490,0.5612244897959183
56,136,230,0.4782608695652174
64,74,1815,0.4490358126721763
64,85,695,0.4892086330935252
64,136,370,0.47297297297297297
74,85,1450,0.4586206896551724
85,136,345,0.5072463768115942
11,92,220,0.5227272727272727
12,92,200,0.45
92,105,185,0.5135135135135135
92,123,165,0.5757575757575758
105,123,725,0.36551724137931035
35,42,3690,0.5704607046070461
35,50,850,0.5529411764705883
42,50,760,0.5526315789473685
42,128,810,0.5679012345679012
42,129,695,0.4892086330935252
50,129,355,0.43661971830985913
128,129,520,0.4807692307692308
8,36,1830,0.5109289617486339
8,60,965,0.49222797927461137
35,53,1310,0.45038167938931295
53,60,540,0.4537037037037037
2,76,875,0.5142857142857142
73,76,585,0.5726495726495726
17,64,1030,0.4320388349514563
17,75,935,0.5935828877005348
17,94,265,0.4339622641509434
17,137,240,0.4166666666666667
64,75,840,0.5297619047619048
64,137,395,0.45569620253164556
75,137,405,0.48148148148148145
94,137,205,0.6097560975609756
11,55,225,0.5111111111111111
31,55,200,0.725
31,74,2120,0.46226415094339623
55,123,135,0.5185185185185185
1,110,785,0.5414012738853503
39,110,935,0.5133689839572193
22,75,1220,0.4959016393442623
22,100,695,0.5179856115107914
53,75,635,0.48031496062992124
53,80,180,0.5833333333333334
75,80,250,0.56
75,100,500,0.58
80,100,175,0.6
11,84,2410,0.524896265560166
14,38,2570,0.4708171206225681
14,119,1005,0.4129353233830846
38,54,1195,0.4393305439330544
38,119,405,0.49382716049382713
6,110,900,0.5388888888888889
5,7,1185,0.5485232067510548
5,95,245,0.5510204081632653
7,95,295,0.5084745762711864
7,101,1340,0.4925373134328358
35,95,450,0.5555555555555556
95,101,235,0.5319148936170213
36,136,555,0.45045045045045046
62,86,850,0.5470588235294118
62,136,135,0.5185185185185185
86,136,720,0.5694444444444444
14,145,1015,0.47783251231527096
64,88,560,0.4732142857142857
64,145,415,0.3855421686746988
23,40,770,0.43506493506493504
23,84,685,0.5693430656934306
23,138,240,0.4166666666666667
40,138,1090,0.46788990825688076
54,138,370,0.4594594594594595
84,138,1175,0.4723404255319149
34,92,55,0.2727272727272727
34,105,550,0.39090909090909093
42,92,225,0.5111111111111111
84,92,240,0.5208333333333334
84,105,1500,0.5233333333333333
12,38,605,0.5206611570247934
12,103,80,0.4375
12,110,620,0.6209677419354839
38,103,50,0.4
38,110,600,0.4583333333333333
86,103,140,0.5
103,110,35,0.5714285714285714
31,57,300,0.38333333333333336
31,91,260,0.4807692307692308
61,91,205,0.4146341463414634
61,93,510,0.5098039215686274
15,29,570,0.49122807017543857
15,128,320,0.453125
30,52,905,0.5469613259668509
2,128,740,0.4864864864864865
12,25,1010,0.45544554455445546
12,128,315,0.5238095238095238
25,87,1030,0.48058252427184467
25,128,575,0.4434782608695652
87,128,260,0.34615384615384615
1,42,1205,0.5145228215767634
1,94,190,0.47368421052631576
27,94,990,0.5151515151515151
42,94,515,0.5728155339805825
47,94,395,0.5822784810126582
93,155,500,0.58
104,155,300,0.5
138,155,155,0.6451612903225806
74,135,1025,0.4878048780487805
13,25,240,0.375
13,48,395,0.5443037974683544
25,48,920,0.5054347826086957
25,97,1160,0.5086206896551724
11,61,455,0.5274725274725275
28,61,240,0.5833333333333334
28,108,165,0.5454545454545454
61,108,135,0.5185185185185185
71,108,1135,0.4713656387665198
67,70,110,0.45454545454545453
67,74,1880,0.5372340425531915
70,74,1435,0.445993031358885
74,106,675,0.4148148148148148
13,46,390,0.5256410256410257
13,73,725,0.4827586206896552
30,86,2480,0.5181451612903226
46,73,460,0.5434782608695652
46,86,1540,0.5194805194805194
16,73,930,0.5161290322580645
16,112,240,0.625
16,138,450,0.37777777777777777
73,112,495,0.5656565656565656
73,138,455,0.46153846153846156
112,138,190,0.4473684210526316
8,74,2190,0.4703196347031963
8,129,1005,0.4527363184079602
17,74,715,0.5034965034965035
17,129,670,0.41044776119402987
18,35,905,0.5414364640883977
18,112,220,0.6363636363636364
35,47,1345,0.44981412639405205
35,112,685,0.44525547445255476
47,104,1020,0.5686274509803921
47,112,290,0.5
29,34,480,0.4375
34,88,255,0.4117647058823529
70,88,370,0.5675675675675675
12,84,1045,0.5454545454545454
31,155,205,0.3902439024390244
84,155,305,0.5737704918032787
29,49,500,0.47
29,66,80,0.625
36,66,105,0.2857142857142857
40,49,1275,0.43529411764705883
40,66,75,0.3333333333333333
49,66,35,0.7142857142857143
54,68,1300,0.43846153846153846
54,76,1040,0.4855769230769231
54,96,870,0.5689655172413793
68,76,385,0.4675324675324675
68,88,365,0.547945205479452
68,96,360,0.5138888888888888
76,96,375,0.48
88,96,290,0.46551724137931033
2,18,595,0.5630252100840336
18,64,455,0.4725274725274725
18,105,460,0.4782608695652174
64,105,740,0.47297297297297297
21,99,975,0.5076923076923077
43,62,185,0.5405405405405406
43,99,275,0.4909090909090909
62,71,910,0.521978021978022
62,99,480,0.5416666666666666
1,13,620,0.4112903225806452
13,52,60,0.3333333333333333
1,85,970,0.5103092783505154
1,128,675,0.4222222222222222
39,128,695,0.45323741007194246
85,128,275,0.4909090909090909
35,66,105,0.42857142857142855
41,46,255,0.45098039215686275
41,66,75,0.4
46,66,55,0.2727272727272727
46,110,585,0.48717948717948717
66,110,40,0.75
7,43,455,0.5274725274725275
7,64,1225,0.4448979591836735
20,21,655,0.5419847328244275
20,43,285,0.5087719298245614
20,64,525,0.4857142857142857
21,64,1015,0.4236453201970443
43,64,400,0.4
15,47,565,0.4424778761061947
26,47,2145,0.4731934731934732
39,47,825,0.4303030303030303
47,71,2095,0.522673031026253
12,47,460,0.5760869565217391
12,53,410,0.4878048780487805
12,129,595,0.4789915966386555
47,129,530,0.3867924528301887
53,129,630,0.4365079365079365
2,37,1615,0.47678018575851394
7,37,1110,0.5045045045045045
37,84,1255,0.4541832669322709
12,59,530,0.49056603773584906
12,135,360,0.6805555555555556
26,135,1360,0.4411764705882353
59,135,305,0.5737704918032787
18,20,280,0.5714285714285714
18,98,100,0.35
18,106,245,0.42857142857142855
20,98,235,0.3829787234042553
20,106,520,0.5384615384615384
20,123,445,0.5730337078651685
98,106,255,0.47058823529411764
98,123,270,0.46296296296296297
106,123,655,0.4961832061068702
6,119,555,0.4774774774774775
6,129,1000,0.43
71,119,795,0.48427672955974843
119,129,390,0.47435897435897434
54,108,1095,0.5205479452054794
13,42,915,0.48633879781420764
13,44,480,0.4479166666666667
13,50,260,0.40384615384615385
42,44,935,0.48128342245989303
44,50,470,0.5
44,105,1160,0.4353448275862069
17,53,480,0.3645833333333333
17,109,215,0.5348837209302325
29,53,995,0.46733668341708545
29,109,350,0.45714285714285713
53,109,235,0.3191489361702128
71,109,620,0.45161290322580644
44,114,320,0.421875
86,109,620,0.4435483870967742
86,114,2095,0.4701670644391408
109,114,120,0.4583333333333333
16,37,670,0.4701492537313433
16,80,100,0.6
27,37,805,0.4782608695652174
37,80,260,0.5769230769230769
6,38,840,0.5
38,126,495,0.47474747474747475
16,41,740,0.4527027027027027
16,47,445,0.47191011235955055
16,74,1180,0.4322033898305085
41,47,865,0.4913294797687861
41,74,2815,0.4920071047957371
47,101,940,0.5106382978723404
38,63,845,0.4437869822485207
41,59,545,0.44036697247706424
41,63,560,0.48214285714285715
17,33,225,0.5333333333333333
33,70,190,0.6052631578947368
33,86,345,0.5652173913043478
33,97,260,0.4807692307692308
70,97,610,0.45081967213114754
26,136,1025,0.5073170731707317
27,75,1380,0.4927536231884058
29,136,565,0.5398230088495575
75,136,410,0.5365853658536586
22,49,850,0.4764705882352941
22,69,2170,0.5276497695852534
49,69,520,0.5384615384615384
49,74,790,0.4240506329113924
63,131,295,0.5254237288135594
73,126,910,0.554945054945055
73,131,330,0.5
99,131,295,0.3898305084745763
6,61,345,0.463768115942029
26,92,375,0.49333333333333335
61,92,45,0.3333333333333333
61,101,450,0.6
92,101,175,0.4857142857142857
27,90,795,0.5974842767295597
67,85,890,0.5730337078651685
67,90,405,0.5679012345679012
85,90,430,0.6744186046511628
2,50,890,0.601123595505618
2,70,980,0.5051020408163265
14,50,1125,0.5466666666666666
14,70,1865,0.42359249329758714
50,64,285,0.42105263157894735
64,70,875,0.4228571428571429
11,104,2525,0.5386138613861386
71,92,265,0.4528301886792453
92,104,225,0.37777777777777777
7,120,570,0.5701754385964912
7,135,565,0.5309734513274337
26,120,1755,0.49572649572649574
35,120,810,0.4567901234567901
120,135,295,0.4915254237288136
2,100,805,0.515527950310559
36,100,865,0.5953757225433526
41,87,680,0.4852941176470588
87,100,330,0.5151515151515151
6,32,465,0.5268817204301075
6,75,1365,0.45054945054945056
26,32,1315,0.4790874524714829
32,42,770,0.5454545454545454
32,75,650,0.5846153846153846
27,99,1680,0.5357142857142857
73,106,850,0.5823529411764706
73,121,480,0.4583333333333333
99,106,660,0.5303030303030303
99,121,395,0.4430379746835443
106,121,345,0.5362318840579711
59,74,960,0.5364583333333334
59,100,415,0.4819277108433735
74,100,1135,0.45374449339207046
100,104,1010,0.5
100,136,180,0.5833333333333334
104,136,665,0.49624060150375937
34,86,685,0.40145985401459855
34,94,160,0.28125
34,101,425,0.4
34,129,315,0.36507936507936506
1,123,1175,0.49361702127659574
7,123,885,0.4406779661016949
29,123,1305,0.5440613026819924
40,123,895,0.5251396648044693
7,67,1130,0.5707964601769911
7,76,510,0.5294117647058824
67,76,500,0.47
67,93,490,0.5816326530612245
76,93,970,0.4793814432989691
39,44,1240,0.4032258064516129
39,45,565,0.45132743362831856
44,45,350,0.2857142857142857
26,79,540,0.4166666666666667
29,73,1560,0.5608974358974359
63,79,270,0.46296296296296297
73,79,320,0.5
2,44,1445,0.5086505190311419
8,20,875,0.56
8,105,1385,0.51985559566787
20,37,530,0.5094339622641509
29,110,1070,0.5186915887850467
53,110,415,0.37349397590361444
37,44,900,0.55
37,49,680,0.4852941176470588
37,53,635,0.41732283464566927
44,49,430,0.4418604651162791
44,53,680,0.45588235294117646
53,84,1105,0.4796380090497738
14,48,2485,0.4869215291750503
47,48,610,0.5
47,64,835,0.47904191616766467
47,137,180,0.4722222222222222
48,137,265,0.5094339622641509
1,137,445,0.5168539325842697
31,137,640,0.4765625
97,137,205,0.3902439024390244
13,14,1405,0.4697508896797153
13,70,390,0.41025641025641024
13,101,615,0.4634146341463415
13,108,325,0.46153846153846156
14,108,1535,0.48534201954397393
1,86,2500,0.49
37,120,750,0.5066666666666667
44,112,415,0.42168674698795183
44,120,480,0.4375
69,112,500,0.61
69,120,770,0.5844155844155844
112,120,305,0.5409836065573771
35,70,1250,0.472
36,68,970,0.5412371134020618
36,70,1000,0.515
68,71,1590,0.5094339622641509
5,52,575,0.4608695652173913
9,52,275,0.43636363636363634
52,67,440,0.6477272727272727
52,104,850,0.5
7,61,570,0.5614035087719298
7,71,2195,0.510250569476082
8,61,305,0.45901639344262296
14,61,1190,0.4327731092436975
4,17,315,0.4126984126984127
4,42,610,0.5163934426229508
4,68,295,0.5423728813559322
4,74,905,0.5359116022099447
17,68,440,0.5113636363636364
68,74,1175,0.44680851063829785
6,123,875,0.49142857142857144
30,123,985,0.5329949238578681
61,123,355,0.5211267605633803
5,23,505,0.5643564356435643
5,27,995,0.6231155778894473
5,41,1245,0.5180722891566265
23,27,715,0.5384615384615384
23,36,355,0.5352112676056338
23,41,400,0.6
67,81,295,0.4576271186440678
67,92,105,0.5714285714285714
67,131,370,0.5945945945945946
81,92,70,0.7857142857142857
81,131,120,0.4166666666666667
86,92,280,0.5892857142857143
92,131,40,0.5
6,108,615,0.5121951219512195
25,50,565,0.504424778761062
50,62,155,0.6451612903225806
62,108,300,0.55
67,100,560,0.48214285714285715
67,121,460,0.45652173913043476
67,126,700,0.5785714285714286
100,121,175,0.4
100,126,465,0.40860215053763443
121,126,305,0.5245901639344263
3,21,205,0.4878048780487805
3,57,145,0.3793103448275862
11,35,1785,0.4425770308123249
11,57,385,0.5064935064935064
21,57,310,0.3709677419354839
35,57,580,0.4827586206896552
39,69,2295,0.5228758169934641
40,88,1240,0.4838709677419355
11,51,500,0.51
37,51,225,0.5111111111111111
37,93,1675,0.564179104477612
51,71,470,0.48936170212765956
51,93,510,0.5980392156862745
17,60,685,0.45255474452554745
17,126,120,0.5416666666666666
17,131,305,0.45901639344262296
26,126,1825,0.43561643835616437
26,131,590,0.4745762711864407
60,126,555,0.5225225225225225
60,131,395,0.4430379746835443
17,55,140,0.5
17,65,245,0.5918367346938775
17,121,350,0.4857142857142857
17,145,290,0.5
55,65,60,0.5
55,121,35,0.5714285714285714
55,145,70,0.5714285714285714
65,121,135,0.5185185185185185
65,145,120,0.4166666666666667
121,145,210,0.47619047619047616
15,16,480,0.4895833333333333
15,136,315,0.5873015873015873
16,35,1395,0.4946236559139785
16,40,1525,0.45901639344262296
16,136,245,0.4897959183673469
35,136,710,0.528169014084507
40,136,785,0.4840764331210191
1,19,810,0.4567901234567901
14,16,1890,0.5052910052910053
16,25,855,0.5497076023391813
48,74,1460,0.4691780821917808
48,123,645,0.46511627906976744
32,46,235,0.44680851063829785
32,60,365,0.5616438356164384
32,73,375,0.44
60,73,900,0.5611111111111111
60,75,965,0.5284974093264249
73,75,1335,0.48314606741573035
6,85,1300,0.5230769230769231
6,120,655,0.4732824427480916
6,136,475,0.43157894736842106
75,85,755,0.44370860927152317
75,120,755,0.5364238410596026
85,120,465,0.5053763440860215
120,136,245,0.4489795918367347
2,82,665,0.5488721804511278
30,82,715,0.6083916083916084
5,50,230,0.41304347826086957
5,55,165,0.5757575757575758
6,52,515,0.49514563106796117
6,55,215,0.5348837209302325
50,55,100,0.45
52,55,65,0.6153846153846154
93,99,1400,0.5214285714285715
93,136,635,0.4645669291338583
93,137,690,0.47101449275362317
99,136,330,0.5
99,137,65,0.6923076923076923
136,137,195,0.5128205128205128
46,54,530,0.41509433962264153
46,78,85,0.5882352941176471
46,111,315,0.5714285714285714
46,136,305,0.39344262295081966
54,78,225,0.4666666666666667
54,136,700,0.5
78,111,75,0.4
78,136,80,0.4375
111,136,95,0.7894736842105263
25,113,190,0.6052631578947368
96,113,225,0.6
1,65,435,0.4942528735632184
14,65,760,0.5263157894736842
38,65,265,0.4716981132075472
65,74,460,0.5434782608695652
11,48,710,0.45774647887323944
11,82,315,0.4444444444444444
42,48,705,0.6170212765957447
42,82,625,0.656
48,82,370,0.6081081081081081
82,86,865,0.5780346820809249
8,136,450,0.5222222222222223
61,105,525,0.580952380952381
61,136,155,0.3870967741935484
79,105,145,0.7586206896551724
105,136,440,0.4659090909090909
17,69,1215,0.5185185185185185
18,69,485,0.4845360824742268
27,69,2370,0.5126582278481012
21,39,1260,0.4523809523809524
33,71,465,0.4946236559139785
33,93,515,0.6019417475728155
27,145,715,0.5314685314685315
35,145,585,0.4358974358974359
85,145,325,0.5230769230769231
28,64,950,0.4631578947368421
64,67,1110,0.5045045045045045
64,119,290,0.4827586206896552
5,145,435,0.5287356321839081
42,110,1135,0.5638766519823789
54,110,1365,0.5164835164835165
110,145,290,0.4827586206896552
14,68,1620,0.4722222222222222
38,68,590,0.5
38,121,440,0.4772727272727273
68,121,140,0.39285714285714285
71,94,1230,0.6056910569105691
84,113,500,0.53
94,113,195,0.4358974358974359
22,37,1260,0.5357142857142857
22,136,565,0.48672566371681414
6,21,1215,0.448559670781893
21,42,1640,0.5091463414634146
21,50,430,0.5116279069767442
50,63,440,0.48863636363636365
27,76,910,0.46703296703296704
54,137,675,0.5925925925925926
71,137,810,0.5617283950617284
76,137,140,0.5714285714285714
34,66,25,0.2
34,73,400,0.3375
42,66,105,0.42857142857142855
42,70,715,0.5104895104895105
66,70,70,0.21428571428571427
66,73,30,0.5
70,73,470,0.4148936170212766
27,108,800,0.5875
67,108,435,0.5517241379310345
88,108,370,0.47297297297297297
7,10,740,0.5337837837837838
7,80,230,0.45652173913043476
10,73,280,0.5535714285714286
10,80,105,0.38095238095238093
73,80,280,0.48214285714285715
8,50,440,0.4431818181818182
50,54,890,0.47752808988764045
50,74,870,0.4942528735632184
50,106,415,0.5783132530120482
6,96,780,0.4551282051282051
64,96,585,0.4700854700854701
85,96,350,0.5142857142857142
21,81,360,0.3611111111111111
39,81,460,0.4782608695652174
46,81,195,0.41025641025641024
46,128,380,0.42105263157894735
81,128,125,0.32
1,111,385,0.4935064935064935
1,120,660,0.4696969696969697
2,65,425,0.47058823529411764
2,111,470,0.5212765957446809
2,120,710,0.4647887323943662
65,111,175,0.42857142857142855
65,120,200,0.475
15,74,1130,0.4911504424778761
15,89,145,0.41379310344827586
26,89,640,0.4921875
35,89,485,0.5051546391752577
74,89,605,0.48760330578512395
40,60,1680,0.5238095238095238
40,86,3050,0.5098360655737705
60,86,1880,0.5212765957446809
60,123,780,0.6282051282051282
7,25,1590,0.48742138364779874
7,88,635,0.4645669291338583
25,88,890,0.5112359550561798
26,64,1810,0.44751381215469616
26,145,930,0.4731182795698925
106,145,175,0.37142857142857144
44,87,620,0.45161290322580644
86,87,1025,0.47804878048780486
29,51,335,0.6268656716417911
45,46,270,0.4074074074074074
45,51,80,0.5
45,73,420,0.5476190476190477
46,51,165,0.6060606060606061
51,73,260,0.5384615384615384
25,39,975,0.48205128205128206
25,47,760,0.4342105263157895
25,49,585,0.4358974358974359
41,49,420,0.4880952380952381
47,49,390,0.5
2,85,945,0.5079365079365079
2,114,1290,0.45348837209302323
15,21,680,0.49264705882352944
15,85,560,0.5
21,114,965,0.38341968911917096
85,114,700,0.5571428571428572
10,93,245,0.5306122448979592
10,101,605,0.4297520661157025
14,59,1880,0.4920212765957447
59,101,755,0.4900662251655629
19,93,1155,0.43722943722943725
29,85,915,0.5792349726775956
31,85,850,0.5588235294117647
2,94,845,0.5443786982248521
26,94,1445,0.4809688581314879
30,72,635,0.41732283464566927
36,72,460,0.45652173913043476
72,126,295,0.423728813559322
75,126,860,0.38953488372093026
17,85,620,0.5241935483870968
60,70,615,0.4146341463414634
60,85,500,0.59
68,85,450,0.5333333333333333
48,75,885,0.5932203389830508
75,114,1165,0.4678111587982833
22,44,1555,0.4919614147909968
22,55,255,0.5098039215686274
26,55,335,0.5373134328358209
26,65,770,0.512987012987013
44,55,155,0.4838709677419355
44,65,255,0.37254901960784315
6,102,500,0.55
6,105,1445,0.5155709342560554
7,22,1565,0.5111821086261981
7,102,335,0.5373134328358209
7,105,1285,0.49416342412451364
22,102,455,0.46153846153846156
22,105,1085,0.5576036866359447
102,105,370,0.4594594594594595
44,135,440,0.4431818181818182
84,135,650,0.5384615384615384
101,135,630,0.5158730158730159
23,74,590,0.4830508474576271
23,90,180,0.5277777777777778
23,114,310,0.2903225806451613
50,73,385,0.5844155844155844
50,87,175,0.4857142857142857
50,110,235,0.48936170212765956
73,110,905,0.5359116022099447
87,110,375,0.6133333333333333
15,70,475,0.4
15,119,365,0.3972602739726027
15,120,375,0.4666666666666667
70,119,310,0.45161290322580644
70,120,480,0.46875
119,120,385,0.42857142857142855
14,126,1780,0.5252808988764045
16,123,670,0.5074626865671642
16,126,365,0.4794520547945205
93,126,1200,0.5708333333333333
123,126,580,0.5775862068965517
5,14,2795,0.5474060822898033
8,102,355,0.4788732394366197
11,81,410,0.5487804878048781
11,102,455,0.5604395604395604
39,102,490,0.4387755102040816
81,102,130,0.4230769230769231
20,22,895,0.553072625698324
20,42,1060,0.6132075471698113
22,82,480,0.625
9,86,980,0.46938775510204084
9,126,520,0.5096153846153846
9,135,300,0.4666666666666667
126,135,365,0.5205479452054794
17,80,80,0.4375
29,101,1865,0.5067024128686327
80,84,380,0.5921052631578947
80,101,220,0.5454545454545454
19,26,1755,0.42450142450142453
19,37,580,0.43103448275862066
19,76,455,0.4065934065934066
26,76,1455,0.4329896907216495
39,120,540,0.46296296296296297
84,120,935,0.5187165775401069
14,112,915,0.4808743169398907
18,38,250,0.52
38,105,1055,0.46445497630331756
38,112,360,0.4722222222222222
105,112,295,0.423728813559322
27,28,1575,0.5555555555555556
28,94,440,0.45454545454545453
54,94,220,0.5681818181818182
8,41,175,0.45714285714285713
64,90,385,0.44155844155844154
64,108,620,0.5967741935483871
90,108,215,0.5116279069767442
90,110,360,0.5694444444444444
108,110,360,0.4722222222222222
25,83,355,0.5211267605633803
40,83,315,0.4444444444444444
71,83,450,0.4666666666666667
83,93,600,0.5166666666666667
94,104,845,0.5325443786982249
1,67,185,0.5135135135135135
47,67,790,0.6265822784810127
47,84,1390,0.5503597122302158
1,4,240,0.4375
4,38,320,0.390625
4,84,810,0.5432098765432098
4,108,275,0.5818181818181818
38,108,245,0.4489795918367347
5,21,915,0.45901639344262296
21,36,1245,0.4899598393574297
36,85,1115,0.5739910313901345
12,63,465,0.4731182795698925
63,74,2045,0.4449877750611247
17,110,515,0.4854368932038835
8,95,65,0.46153846153846156
8,135,575,0.5478260869565217
15,95,135,0.4074074074074074
15,135,220,0.4772727272727273
49,95,100,0.4
49,135,165,0.6363636363636364
95,135,140,0.6428571428571429
11,43,430,0.43023255813953487
43,69,385,0.44155844155844154
43,126,190,0.3684210526315789
69,126,1165,0.5407725321888412
20,38,715,0.5104895104895105
20,40,990,0.5252525252525253
20,41,605,0.5950413223140496
16,39,865,0.47398843930635837
16,109,235,0.574468085106383
26,109,715,0.46853146853146854
15,73,775,0.4645161290322581
21,73,1020,0.5147058823529411
39,73,1955,0.5191815856777494
16,22,1115,0.4798206278026906
16,61,215,0.4418604651162791
22,61,420,0.47619047619047616
22,138,935,0.48663101604278075
61,138,180,0.5277777777777778
33,40,320,0.515625
33,42,375,0.5866666666666667
33,67,235,0.5531914893617021
33,126,170,0.6176470588235294
40,126,1570,0.47770700636942676
5,47,1085,0.5161290322580645
5,97,815,0.5153374233128835
46,47,410,0.3780487804878049
46,101,820,0.47560975609756095
47,97,630,0.5634920634920635
64,84,1385,0.48375451263537905
6,98,360,0.3472222222222222
26,98,970,0.4484536082474227
52,71,1275,0.47843137254901963
52,98,200,0.4
11,98,395,0.3924050632911392
22,98,400,0.475
31,98,390,0.47435897435897434
13,20,455,0.4945054945054945
13,28,545,0.4954128440366973
20,28,585,0.5384615384615384
28,73,855,0.49122807017543857
20,45,185,0.5135135135135135
20,138,380,0.5131578947368421
45,107,115,0.43478260869565216
45,138,375,0.5866666666666667
71,107,665,0.518796992481203
107,138,170,0.4117647058823529
14,63,3230,0.43343653250773995
28,39,1225,0.49795918367346936
10,26,1455,0.44329896907216493
10,110,455,0.45054945054945056
11,53,890,0.3651685393258427
11,89,345,0.463768115942029
11,121,680,0.4338235294117647
38,89,235,0.574468085106383
53,89,165,0.36363636363636365
53,121,215,0.5348837209302325
89,121,125,0.64
25,109,385,0.5064935064935064
40,109,565,0.5132743362831859
99,109,245,0.4489795918367347
20,26,1375,0.5563636363636364
39,101,1485,0.494949494949495
5,65,325,0.5076923076923077
5,155,230,0.5869565217391305
65,155,80,0.4375
7,30,1670,0.5748502994011976
7,33,295,0.4745762711864407
7,41,1100,0.44545454545454544
7,104,1480,0.5371621621621622
30,33,300,0.4
33,41,185,0.5945945945945946
33,104,355,0.5915492957746479
13,31,805,0.4409937888198758
31,67,1460,0.5547945205479452
31,121,560,0.6160714285714286
42,121,660,0.5075757575757576
10,37,620,0.45161290322580644
15,68,535,0.514018691588785
22,68,690,0.45652173913043476
63,68,745,0.44966442953020136
1,75,1410,0.5673758865248227
1,107,365,0.4931506849315068
74,107,545,0.46788990825688076
74,110,1210,0.4628099173553719
107,110,195,0.6410256410256411
34,41,330,0.4090909090909091
34,96,200,0.45
34,110,280,0.5535714285714286
34,114,305,0.32786885245901637
41,114,420,0.44047619047619047
96,114,450,0.5111111111111111
37,113,340,0.47058823529411764
73,113,385,0.5584415584415584
21,22,1445,0.5121107266435986
21,97,1010,0.37623762376237624
21,126,580,0.47413793103448276
22,97,1090,0.5229357798165137
97,126,565,0.48672566371681414
15,129,250,0.54
30,93,3055,0.5057283142389526
93,129,1540,0.4155844155844156
5,39,1690,0.4881656804733728
5,43,400,0.525
39,43,360,0.4861111111111111
10,32,145,0.4482758620689655
10,40,985,0.43147208121827413
32,40,1015,0.5172413793103449
15,105,880,0.4772727272727273
16,44,635,0.47244094488188976
16,63,735,0.4897959183673469
16,105,825,0.503030303030303
44,63,610,0.45901639344262296
63,105,1145,0.42358078602620086
2,81,170,0.5294117647058824
2,126,935,0.5401069518716578
52,81,150,0.5333333333333333
52,126,125,0.56
55,81,45,0.6666666666666666
55,126,100,0.5
81,126,155,0.5483870967741935
21,32,485,0.5257731958762887
21,75,1035,0.4830917874396135
21,155,230,0.43478260869565216
32,155,105,0.5238095238095238
80,83,70,0.5714285714285714
80,110,125,0.48
83,110,180,0.6388888888888888
87,113,320,0.5
2,90,715,0.5454545454545454
18,90,260,0.5
20,25,840,0.5178571428571429
25,69,1975,0.47341772151898737
63,69,1535,0.5179153094462541
14,32,1425,0.5859649122807018
5,37,605,0.5702479338842975
37,62,310,0.5
37,104,1870,0.5828877005347594
10,17,445,0.47191011235955055
10,68,435,0.4827586206896552
17,99,650,0.5076923076923077
40,68,780,0.3974358974358974
68,99,600,0.4583333333333333
27,97,1415,0.5123674911660777
6,53,830,0.39156626506024095
6,65,320,0.40625
6,103,115,0.4782608695652174
53,65,165,0.24242424242424243
53,69,895,0.39106145251396646
53,103,45,0.5555555555555556
65,69,430,0.45348837209302323
65,103,25,0.6
69,103,60,0.5833333333333334
2,68,1155,0.5021645021645021
2,69,585,0.49572649572649574
26,68,1230,0.44308943089430897
68,69,1010,0.4801980198019802
11,129,1185,0.4388185654008439
14,129,2025,0.4345679012345679
64,97,995,0.5025125628140703
29,120,650,0.6538461538461539
63,120,855,0.52046783625731
101,120,720,0.4930555555555556
2,107,395,0.6075949367088608
73,107,360,0.5833333333333334
107,114,305,0.3770491803278688
16,34,245,0.3877551020408163
30,34,650,0.3923076923076923
30,35,3500,0.5171428571428571
30,87,465,0.46236559139784944
34,87,275,0.4
20,47,520,0.5384615384615384
20,88,400,0.5125
22,88,770,0.5324675324675324
8,82,375,0.6533333333333333
42,53,1335,0.5131086142322098
53,82,265,0.49056603773584906
27,81,675,0.4074074074074074
74,81,630,0.4365079365079365
29,41,1325,0.5509433962264151
29,105,1595,0.5768025078369906
14,90,1275,0.5215686274509804
69,90,700,0.5571428571428572
69,94,535,0.4392523364485981
90,94,290,0.5172413793103449
19,57,210,0.4523809523809524
19,64,775,0.43870967741935485
40,57,500,0.43
48,57,220,0.4772727272727273
9,40,1020,0.49019607843137253
9,62,280,0.4107142857142857
9,123,365,0.5753424657534246
9,145,245,0.5306122448979592
62,145,245,0.6938775510204082
54,105,2190,0.541095890410959
27,50,460,0.5869565217391305
36,50,635,0.6062992125984252
49,50,235,0.48936170212765956
49,97,455,0.37362637362637363
50,97,345,0.4782608695652174
129,136,390,0.46153846153846156
50,99,435,0.5402298850574713
64,99,885,0.4124293785310734
41,60,730,0.5205479452054794
60,63,910,0.521978021978022
13,123,495,0.43434343434343436
13,135,270,0.46296296296296297
73,123,925,0.4810810810810811
73,135,615,0.5528455284552846
1,60,890,0.4887640449438202
1,136,555,0.6126126126126126
60,136,350,0.5571428571428572
9,31,740,0.5608108108108109
9,33,115,0.5217391304347826
9,98,230,0.4782608695652174
33,98,55,0.6363636363636364
98,104,140,0.39285714285714285
1,43,395,0.3924050632911392
1,96,620,0.5161290322580645
43,96,140,0.42857142857142855
84,96,760,0.5263157894736842
20,108,385,0.5194805194805194
20,135,415,0.5421686746987951
20,145,235,0.44680851063829785
84,145,640,0.4140625
108,135,80,0.6875
108,145,220,0.5
135,145,195,0.5384615384615384
22,62,625,0.616
41,80,205,0.4634146341463415
5,8,1755,0.5242165242165242
5,102,330,0.5303030303030303
5,120,805,0.515527950310559
8,34,405,0.4444444444444444
8,120,740,0.527027027027027
34,102,90,0.2777777777777778
34,120,180,0.4166666666666667
102,120,260,0.40384615384615385
99,138,580,0.47413793103448276
64,89,255,0.5490196078431373
89,93,130,0.5
15,38,545,0.5229357798165137
15,87,750,0.49333333333333335
36,38,925,0.43243243243243246
10,52,270,0.48148148148148145
10,106,410,0.5
10,135,285,0.5263157894736842
40,52,1025,0.4878048780487805
40,106,1535,0.5407166123778502
40,135,910,0.510989010989011
52,106,70,0.2857142857142857
52,135,200,0.45
17,72,225,0.5111111111111111
31,50,295,0.6101694915254238
50,72,150,0.36666666666666664
50,98,150,0.4
72,98,165,0.2727272727272727
43,92,40,0.375
92,93,235,0.46808510638297873
36,137,370,0.47297297297297297
5,109,410,0.5365853658536586
27,109,635,0.4409448818897638
47,109,205,0.5609756097560976
14,31,2945,0.5178268251273345
31,43,415,0.4457831325301205
31,96,725,0.46206896551724136
38,43,220,0.45454545454545453
38,96,275,0.45454545454545453
17,20,525,0.4380952380952381
20,93,1215,0.5596707818930041
47,80,140,0.5357142857142857
47,83,275,0.4727272727272727
47,87,515,0.49514563106796117
47,106,405,0.5679012345679012
83,106,195,0.5384615384615384
22,112,495,0.5353535353535354
67,75,1205,0.5850622406639004
67,112,395,0.5569620253164557
75,99,970,0.4845360824742268
49,68,445,0.3707865168539326
49,101,740,0.40540540540540543
68,101,535,0.4953271028037383
101,138,725,0.5379310344827586
94,105,510,0.5882352941176471
2,61,560,0.5446428571428571
50,61,260,0.4807692307692308
50,100,155,0.4838709677419355
61,70,320,0.546875
61,100,195,0.41025641025641024
70,100,580,0.46551724137931033
12,16,595,0.5126050420168067
16,20,550,0.509090909090909
16,128,435,0.40229885057471265
20,74,1250,0.46
20,128,245,0.42857142857142855
74,128,895,0.45251396648044695
8,112,455,0.43956043956043955
26,112,775,0.49032258064516127
54,112,755,0.5231788079470199
42,65,425,0.5647058823529412
63,65,375,0.4533333333333333
18,36,615,0.6341463414634146
18,49,225,0.4
18,86,890,0.4943820224719101
49,75,770,0.487012987012987
42,52,870,0.5287356321839081
54,79,485,0.422680412371134
79,104,440,0.4431818181818182
79,123,145,0.3793103448275862
29,61,370,0.5540540540540541
61,121,160,0.4375
93,121,750,0.6
63,136,570,0.47368421052631576
71,110,1275,0.5411764705882353
21,145,455,0.4945054945054945
47,123,600,0.48333333333333334
76,123,480,0.4583333333333333
76,145,125,0.28
4,33,125,0.56
4,39,605,0.4793388429752066
4,53,375,0.4266666666666667
4,71,1230,0.5813008130081301
33,53,175,0.5714285714285714
1,57,320,0.515625
1,101,1575,0.5111111111111111
57,101,300,0.5333333333333333
25,136,430,0.47674418604651164
102,104,455,0.5604395604395604
102,114,230,0.5217391304347826
105,114,910,0.4835164835164835
6,82,360,0.6388888888888888
21,136,425,0.4117647058823529
82,136,150,0.5
20,34,320,0.421875
20,102,210,0.4523809523809524
20,136,250,0.68
34,136,135,0.3333333333333333
102,136,195,0.41025641025641024
2,47,860,0.5290697674418605
47,93,1515,0.5016501650165016
40,46,1315,0.4372623574144487
46,106,475,0.5263157894736842
46,129,680,0.45588235294117646
75,106,895,0.4972067039106145
75,129,1025,0.4585365853658537
27,105,1285,0.5758754863813229
59,138,310,0.532258064516129
75,138,665,0.47368421052631576
28,80,175,0.6571428571428571
28,136,300,0.5333333333333333
80,136,110,0.5454545454545454
2,129,195,0.358974358974359
44,129,680,0.4411764705882353
42,104,1640,0.5457317073170732
105,110,610,0.5245901639344263
19,21,695,0.41007194244604317
19,35,1525,0.4721311475409836
19,95,155,0.4838709677419355
21,95,265,0.6226415094339622
86,95,430,0.5348837209302325
29,91,480,0.53125
36,45,445,0.5955056179775281
36,91,520,0.5192307692307693
45,91,85,0.4117647058823529
45,93,630,0.47619047619047616
7,131,385,0.5454545454545454
129,131,325,0.35384615384615387
129,138,570,0.42105263157894735
131,138,250,0.34
72,73,405,0.4074074074074074
72,99,290,0.43103448275862066
19,54,1180,0.423728813559322
7,48,1125,0.5066666666666667
20,48,530,0.49056603773584906
48,71,2010,0.4900497512437811
57,106,225,0.4888888888888889
57,145,60,0.5833333333333334
61,106,115,0.391304347826087
61,145,90,0.3888888888888889
99,123,880,0.4602272727272727
99,135,70,0.35714285714285715
113,123,455,0.5054945054945055
113,135,270,0.5740740740740741
17,67,885,0.4971751412429379
9,27,795,0.49056603773584906
9,51,130,0.4230769230769231
9,53,410,0.4268292682926829
27,51,310,0.5806451612903226
51,53,185,0.43243243243243246
51,54,445,0.5393258426966292
22,114,1350,0.4962962962962963
22,129,1335,0.41947565543071164
111,112,85,0.5882352941176471
111,114,375,0.4266666666666667
111,129,270,0.5
112,129,320,0.359375
5,15,1060,0.5235849056603774
5,20,520,0.5961538461538461
15,62,505,0.48514851485148514
20,62,260,0.6923076923076923
20,85,550,0.5
10,90,320,0.46875
10,104,1160,0.5301724137931034
10,123,555,0.44144144144144143
90,123,375,0.5733333333333334
50,109,150,0.43333333333333335
19,41,715,0.5104895104895105
19,106,550,0.6545454545454545
41,129,630,0.3888888888888889
84,106,1165,0.5493562231759657
84,129,1105,0.46153846153846156
20,29,975,0.6102564102564103
20,54,1220,0.47950819672131145
20,78,100,0.5
29,78,50,0.5
21,53,635,0.4094488188976378
21,110,630,0.5555555555555556
21,138,640,0.421875
110,138,430,0.4186046511627907
77,86,195,0.5641025641025641
77,87,35,0.2857142857142857
77,88,30,0.16666666666666666
77,114,65,0.38461538461538464
87,88,390,0.5384615384615384
88,114,690,0.5217391304347826
47,107,160,0.5
47,114,640,0.4453125
62,91,130,0.4230769230769231
62,107,140,0.5357142857142857
91,107,105,0.42857142857142855
91,114,325,0.46153846153846156
2,57,270,0.5
30,57,355,0.4788732394366197
30,94,940,0.5531914893617021
36,57,280,0.32142857142857145
36,94,585,0.5897435897435898
57,94,170,0.6176470588235294
1,68,750,0.5066666666666667
9,105,520,0.5192307692307693
68,105,490,0.47959183673469385
39,68,1015,0.4827586206896552
39,94,700,0.5
68,94,325,0.38461538461538464
47,69,825,0.5272727272727272
69,106,1090,0.5458715596330275
7,91,290,0.4482758620689655
7,96,415,0.46987951807228917
8,91,290,0.43103448275862066
8,96,725,0.4206896551724138
29,96,50,0.6
91,96,160,0.4375
73,82,350,0.5714285714285714
73,93,1250,0.544
82,93,510,0.5980392156862745
15,18,340,0.4411764705882353
15,28,410,0.45121951219512196
18,28,270,0.5370370370370371
18,40,825,0.4727272727272727
17,21,610,0.38524590163934425
57,70,210,0.35714285714285715
57,73,260,0.5
57,100,115,0.34782608695652173
70,91,255,0.47058823529411764
73,91,395,0.5822784810126582
73,100,630,0.5158730158730159
91,100,170,0.47058823529411764
62,112,165,0.5757575757575758
62,126,430,0.6046511627906976
9,25,815,0.4723926380368098
9,101,675,0.45925925925925926
25,120,555,0.5045045045045045
1,95,75,0.6
17,95,135,0.4074074074074074
30,95,445,0.5280898876404494
13,100,405,0.4691358024691358
100,105,460,0.43478260869565216
36,102,520,0.5288461538461539
40,102,635,0.44881889763779526
70,99,620,0.4274193548387097
99,102,190,0.5789473684210527
44,90,460,0.4782608695652174
32,83,175,0.6285714285714286
32,99,545,0.6055045871559633
32,112,160,0.46875
36,83,380,0.5394736842105263
36,112,480,0.5208333333333334
83,99,210,0.5952380952380952
83,112,90,0.7777777777777778
9,35,1520,0.5131578947368421
9,45,260,0.4230769230769231
16,45,355,0.49295774647887325
45,87,170,0.5588235294117647
50,138,295,0.5254237288135594
32,100,270,0.5370370370370371
100,129,550,0.44545454545454544
13,27,1075,0.5813953488372093
26,128,995,0.45226130653266333
59,85,555,0.4864864864864865
59,128,325,0.5384615384615384
85,138,420,0.44047619047619047
128,138,250,0.34
20,70,430,0.5116279069767442
20,92,45,0.6666666666666666
54,70,260,0.5192307692307693
54,92,300,0.6333333333333333
70,92,115,0.6086956521739131
87,92,100,0.6
21,40,1670,0.47005988023952094
21,60,890,0.4943820224719101
60,76,450,0.6666666666666666
76,85,375,0.48
8,80,250,0.5
49,80,115,0.4782608695652174
71,80,635,0.5511811023622047
11,60,1185,0.5654008438818565
26,87,1235,0.44534412955465585
13,37,650,0.4461538461538462
13,69,705,0.46808510638297873
37,46,725,0.496551724137931
46,69,785,0.4585987261146497
11,47,805,0.43478260869565216
14,120,1875,0.49866666666666665
26,95,600,0.5666666666666667
60,95,120,0.5416666666666666
60,120,395,0.5443037974683544
95,120,90,0.6666666666666666
62,74,800,0.4625
74,126,670,0.4626865671641791
37,59,570,0.5526315789473685
44,59,610,0.45081967213114754
59,69,805,0.4906832298136646
13,16,280,0.4107142857142857
13,63,685,0.40875912408759124
13,79,175,0.4
16,79,260,0.38461538461538464
79,101,230,0.5652173913043478
50,53,310,0.45161290322580644
53,74,1080,0.375
53,93,1230,0.47560975609756095
93,106,1410,0.5531914893617021
9,19,570,0.42105263157894735
9,128,270,0.4444444444444444
19,128,365,0.4520547945205479
12,108,350,0.5142857142857142
43,108,145,0.3793103448275862
44,62,485,0.5360824742268041
44,102,270,0.37037037037037035
62,102,140,0.5357142857142857
4,20,325,0.5230769230769231
4,113,225,0.5333333333333333
20,86,1115,0.5515695067264574
20,113,325,0.4
46,61,275,0.41818181818181815
29,135,185,0.5675675675675675
42,135,460,0.5543478260869565
50,135,275,0.4727272727272727
64,68,480,0.4479166666666667
30,102,430,0.5
69,102,355,0.5070422535211268
18,25,560,0.5357142857142857
18,29,490,0.5612244897959183
18,128,170,0.38235294117647056
27,128,535,0.48598130841121495
6,35,1730,0.49710982658959535
5,119,345,0.4492753623188406
5,138,635,0.47244094488188976
119,138,175,0.4
6,59,785,0.445859872611465
6,88,890,0.5112359550561798
59,88,450,0.45555555555555555
59,105,895,0.5139664804469274
85,105,725,0.45517241379310347
2,123,1470,0.5136054421768708
21,67,980,0.4897959183673469
22,123,940,0.48404255319148937
35,39,1780,0.4747191011235955
39,60,1240,0.5443548387096774
31,69,1925,0.5454545454545454
69,97,900,0.45555555555555555
46,56,260,0.46153846153846156
56,60,455,0.5274725274725275
56,121,260,0.4807692307692308
86,121,595,0.5882352941176471
25,105,1265,0.5019762845849802
69,105,1435,0.5226480836236934
6,10,105,0.5238095238095238
6,121,465,0.41935483870967744
10,47,375,0.41333333333333333
10,121,300,0.48333333333333334
47,121,305,0.47540983606557374
104,121,890,0.5561797752808989
38,50,540,0.5462962962962963
38,102,290,0.4827586206896552
50,102,125,0.36
93,102,500,0.55
9,99,605,0.4297520661157025
39,145,435,0.41379310344827586
97,110,620,0.532258064516129
18,68,255,0.5294117647058824
47,68,555,0.4954954954954955
7,16,710,0.5
11,16,860,0.43023255813953487
16,90,305,0.4426229508196721
90,120,235,0.5957446808510638
27,110,990,0.5707070707070707
44,80,190,0.5
44,110,580,0.45689655172413796
80,85,210,0.35714285714285715
85,110,425,0.5647058823529412
55,93,280,0.6071428571428571
55,100,85,0.7058823529411765
55,106,125,0.6
55,155,25,0.4
100,106,495,0.47474747474747475
106,155,245,0.4489795918367347
22,39,1690,0.5177514792899408
22,86,2185,0.4805491990846682
28,98,75,0.6666666666666666
28,102,175,0.5142857142857142
86,102,650,0.5615384615384615
98,102,60,0.0
57,131,60,0.3333333333333333
17,73,950,0.47368421052631576
17,111,260,0.5192307692307693
73,111,450,0.6
23,101,465,0.41935483870967744
23,123,405,0.49382716049382713
23,135,95,0.3684210526315789
101,123,745,0.5234899328859061
15,109,175,0.4857142857142857
15,110,400,0.5375
25,110,650,0.5153846153846153
87,109,200,0.425
109,110,290,0.5862068965517241
80,123,245,0.5102040816326531
80,138,135,0.5185185185185185
28,69,445,0.48314606741573035
28,114,900,0.5277777777777778
69,75,1805,0.5013850415512465
21,30,1445,0.4844290657439446
21,96,555,0.4954954954954955
30,67,1730,0.5924855491329479
35,67,1810,0.5441988950276243
67,96,440,0.5568181818181818
94,99,440,0.4431818181818182
94,119,255,0.43137254901960786
99,104,430,0.6162790697674418
70,126,450,0.4666666666666667
25,32,600,0.5583333333333333
25,85,1160,0.5043103448275862
32,85,375,0.6133333333333333
5,60,980,0.5408163265306123
6,40,2305,0.4490238611713666
6,60,1035,0.47342995169082125
6,76,700,0.5285714285714286
35,61,460,0.45652173913043476
9,30,905,0.5303867403314917
9,96,495,0.5252525252525253
63,96,605,0.4132231404958678
4,88,450,0.5777777777777777
4,97,345,0.4782608695652174
2,56,895,0.4748603351955307
12,56,170,0.4411764705882353
22,56,915,0.4972677595628415
19,28,605,0.4380165289256198
19,70,380,0.23684210526315788
19,73,875,0.45714285714285713
63,70,445,0.33707865168539325
64,129,1030,0.3932038834951456
105,129,910,0.43956043956043955
8,45,545,0.48623853211009177
45,53,240,0.5
45,74,525,0.5047619047619047
45,97,280,0.6071428571428571
14,58,525,0.5238095238095238
58,86,255,0.47058823529411764
72,78,55,0.36363636363636365
78,110,125,0.48
78,119,90,0.3888888888888889
78,126,115,0.391304347826087
110,119,140,0.5
119,126,320,0.484375
32,59,325,0.49230769230769234
32,86,920,0.532608695652174
39,107,395,0.5189873417721519
39,121,610,0.4426229508196721
50,107,175,0.6
50,121,125,0.6
54,121,820,0.5365853658536586
107,121,140,0.5714285714285714
37,114,820,0.4268292682926829
42,114,1065,0.48826291079812206
67,114,365,0.5205479452054794
16,129,365,0.4246575342465753
64,73,1215,0.5020576131687243
11,58,280,0.5178571428571429
29,58,345,0.4927536231884058
58,126,155,0.5806451612903226
3,48,275,0.45454545454545453
3,74,545,0.4954128440366973
3,100,115,0.6956521739130435
15,48,465,0.6129032258064516
48,100,525,0.49523809523809526
16,42,1110,0.6126126126126126
36,79,475,0.45263157894736844
69,82,505,0.5445544554455446
69,98,110,0.5
75,82,410,0.5
75,98,370,0.3783783783783784
75,101,965,0.5129533678756477
98,101,365,0.4794520547945205
38,56,405,0.4567901234567901
54,56,610,0.47540983606557374
54,97,1675,0.5014925373134328
56,97,555,0.4594594594594595
27,92,295,0.4745762711864407
27,111,330,0.5303030303030303
74,92,165,0.36363636363636365
74,111,605,0.5041322314049587
74,138,1070,0.4252336448598131
92,111,80,0.75
92,138,70,0.5714285714285714
111,138,235,0.44680851063829785
2,45,610,0.5081967213114754
35,106,760,0.5592105263157895
45,106,315,0.47619047619047616
22,23,635,0.5511811023622047
22,32,930,0.521505376344086
23,32,200,0.5
32,74,820,0.40853658536585363
32,105,585,0.5726495726495726
14,34,1170,0.32051282051282054
19,34,280,0.30357142857142855
19,44,560,0.35714285714285715
20,44,525,0.4666666666666667
34,44,410,0.36585365853658536
76,138,300,0.5333333333333333
4,22,850,0.5705882352941176
9,23,325,0.5692307692307692
9,137,190,0.47368421052631576
23,137,125,0.52
41,138,245,0.6122448979591837
11,136,670,0.4626865671641791
114,136,390,0.358974358974359
5,103,85,0.4117647058823529
39,103,95,0.42105263157894735
75,103,30,0.16666666666666666
93,103,105,0.5714285714285714
13,64,615,0.45528455284552843
13,85,595,0.5462184873949579
29,94,785,0.5159235668789809
29,95,255,0.6078431372549019
94,95,30,0.6666666666666666
94,112,195,0.5128205128205128
95,112,55,0.09090909090909091
31,44,1100,0.5
31,82,560,0.5803571428571429
44,82,240,0.5
62,82,200,0.65
68,104,1230,0.508130081300813
40,82,800,0.6
13,110,410,0.45121951219512196
18,32,220,0.4318181818181818
18,57,110,0.36363636363636365
18,83,165,0.5454545454545454
31,83,155,0.3548387096774194
32,57,155,0.5483870967741935
57,83,60,0.5
8,104,2045,0.508557457212714
43,63,410,0.43902439024390244
41,69,1200,0.5125
65,101,345,0.4492753623188406
65,129,195,0.3333333333333333
7,110,725,0.4827586206896552
25,68,935,0.5454545454545454
35,131,710,0.4647887323943662
48,131,200,0.425
101,131,275,0.4727272727272727
20,67,720,0.5972222222222222
67,107,260,0.5576923076923077
16,85,520,0.5288461538461539
84,97,1130,0.4911504424778761
85,97,635,0.5354330708661418
13,32,190,0.5526315789473685
32,37,505,0.48514851485148514
38,47,515,0.5145631067961165
38,81,175,0.45714285714285713
47,81,260,0.4423076923076923
81,110,205,0.4878048780487805
28,36,970,0.5515463917525774
28,72,345,0.4927536231884058
21,31,1225,0.46530612244897956
114,126,615,0.4634146341463415
7,106,770,0.5
31,59,815,0.5337423312883436
93,105,1810,0.5165745856353591
12,33,230,0.5217391304347826
12,68,560,0.5982142857142857
30,68,645,0.4573643410852713
7,49,545,0.46788990825688076
40,63,2185,0.459954233409611
49,63,545,0.42201834862385323
47,86,1525,0.49508196721311476
2,9,1140,0.4824561403508772
9,22,930,0.4838709677419355
9,48,570,0.5175438596491229
22,48,1305,0.4674329501915709
48,126,595,0.5126050420168067
7,74,2075,0.4650602409638554
59,95,195,0.46153846153846156
74,95,485,0.4845360824742268
35,123,1585,0.5047318611987381
1,138,290,0.4827586206896552
30,84,2160,0.5208333333333334
30,138,995,0.507537688442211
13,72,225,0.4444444444444444
13,74,445,0.42696629213483145
72,74,665,0.3684210526315789
72,97,320,0.453125
72,105,305,0.45901639344262296
19,60,440,0.45454545454545453
25,60,1245,0.46987951807228917
19,136,305,0.4426229508196721
40,87,915,0.4644808743169399
87,136,300,0.38333333333333336
63,82,470,0.4787234042553192
82,110,260,0.7692307692307693
10,20,340,0.5441176470588235
10,34,250,0.46
34,135,305,0.4918032786885246
87,135,430,0.5581395348837209
30,50,345,0.5797101449275363
50,59,375,0.4
50,94,180,0.5555555555555556
59,94,330,0.5303030303030303
7,36,1570,0.47770700636942676
7,45,425,0.5058823529411764
26,45,800,0.475
45,54,650,0.5076923076923077
63,114,710,0.4788732394366197
21,61,385,0.5064935064935064
21,83,290,0.5
35,83,615,0.5528455284552846
35,105,1950,0.5333333333333333
61,83,85,0.5882352941176471
83,105,190,0.4473684210526316
23,71,840,0.5714285714285714
23,93,745,0.5167785234899329
32,108,340,0.5735294117647058
84,126,1230,0.47560975609756095
40,65,530,0.46226415094339623
65,94,165,0.6666666666666666
65,100,230,0.4782608695652174
6,11,1045,0.45454545454545453
7,126,645,0.5193798449612403
9,42,1290,0.4844961240310077
9,72,260,0.38461538461538464
14,100,1145,0.4410480349344978
20,100,335,0.47761194029850745
35,100,1170,0.5555555555555556
68,75,490,0.47959183673469385
44,123,860,0.436046511627907
60,90,410,0.6341463414634146
90,112,210,0.5
112,123,210,0.6428571428571429
27,95,455,0.5164835164835165
95,102,60,0.5833333333333334
5,13,610,0.4672131147540984
5,30,1015,0.5467980295566502
10,13,280,0.5
10,97,580,0.603448275862069
2,79,445,0.4157303370786517
31,73,1430,0.5944055944055944
31,79,185,0.40540540540540543
4,73,385,0.4675324675324675
22,73,1635,0.5382262996941896
73,84,1615,0.5139318885448917
8,13,650,0.4230769230769231
8,155,250,0.5
13,155,140,0.2857142857142857
42,155,405,0.4567901234567901
79,155,70,0.6428571428571429
39,88,1045,0.5215311004784688
41,78,105,0.42857142857142855
78,87,125,0.64
78,88,65,0.6923076923076923
37,47,890,0.4887640449438202
37,61,335,0.5223880597014925
47,61,215,0.46511627906976744
61,84,535,0.4953271028037383
11,99,1155,0.4329004329004329
52,90,170,0.5294117647058824
52,99,420,0.38095238095238093
71,89,585,0.5128205128205128
76,81,190,0.3157894736842105
76,89,115,0.5217391304347826
76,105,485,0.5154639175257731
81,89,85,0.4117647058823529
16,38,480,0.4895833333333333
16,135,230,0.3695652173913043
17,135,420,0.5595238095238095
38,135,300,0.4166666666666667
36,67,1355,0.5867158671586716
67,69,1490,0.5671140939597316
18,97,395,0.4430379746835443
31,120,930,0.543010752688172
36,59,615,0.5853658536585366
59,72,170,0.3235294117647059
14,45,1010,0.47029702970297027
25,45,535,0.4205607476635514
25,94,600,0.5666666666666667
45,94,260,0.46153846153846156
45,111,90,0.3888888888888889
94,111,170,0.5294117647058824
6,23,540,0.4537037037037037
23,60,175,0.45714285714285713
23,86,855,0.5789473684210527
47,58,195,0.4358974358974359
47,85,750,0.56
58,85,170,0.5
36,129,825,0.4909090909090909
12,136,350,0.5714285714285714
30,136,635,0.5826771653543307
69,136,600,0.4666666666666667
22,38,1215,0.4609053497942387
22,64,1315,0.4600760456273764
43,105,495,0.5151515151515151
28,92,85,0.47058823529411764
36,88,890,0.550561797752809
36,92,110,0.5
88,92,95,0.7368421052631579
9,29,1270,0.5078740157480315
9,84,1150,0.5173913043478261
11,32,580,0.5431034482758621
11,88,1040,0.5288461538461539
32,88,275,0.4727272727272727
73,94,405,0.6049382716049383
82,94,160,0.5
9,60,540,0.5370370370370371
54,60,1400,0.5535714285714286
60,137,90,0.5
105,137,455,0.5274725274725275
20,96,300,0.5166666666666667
40,96,1145,0.4890829694323144
44,96,435,0.47126436781609193
11,107,480,0.5416666666666666
15,107,275,0.6181818181818182
15,112,295,0.5423728813559322
97,107,320,0.5
107,112,135,0.6296296296296297
18,108,200,0.425
30,108,900,0.5666666666666667
42,45,665,0.5413533834586466
42,61,425,0.5882352941176471
45,61,90,0.6111111111111112
2,60,230,0.5217391304347826
11,13,405,0.48148148148148145
8,33,260,0.5769230769230769
8,75,1660,0.49698795180722893
8,131,390,0.32051282051282054
33,75,275,0.6
33,131,65,0.6153846153846154
75,131,180,0.5277777777777778
46,59,450,0.4222222222222222
46,119,265,0.5283018867924528
59,119,340,0.4852941176470588
59,123,590,0.4491525423728814
119,123,270,0.42592592592592593
19,47,570,0.42105263157894735
19,53,510,0.38235294117647056
19,68,460,0.4891304347826087
47,73,745,0.610738255033557
53,68,470,0.39361702127659576
53,73,705,0.48226950354609927
68,73,730,0.4794520547945205
81,101,430,0.5116279069767442
7,94,615,0.5447154471544715
7,145,350,0.5857142857142857
49,94,280,0.4107142857142857
49,145,155,0.25806451612903225
69,145,445,0.5393258426966292
94,145,100,0.65
16,52,350,0.35714285714285715
35,52,670,0.48507462686567165
52,96,280,0.48214285714285715
1,33,320,0.484375
1,119,535,0.514018691588785
33,37,180,0.7222222222222222
33,106,150,0.4666666666666667
33,119,55,0.5454545454545454
37,106,805,0.484472049689441
106,119,305,0.5901639344262295
35,81,835,0.46706586826347307
35,155,490,0.4489795918367347
42,81,315,0.47619047619047616
81,155,45,0.8888888888888888
18,121,235,0.40425531914893614
69,121,755,0.5033112582781457
121,123,215,0.5813953488372093
81,106,165,0.36363636363636365
104,135,145,0.6896551724137931
15,101,815,0.4539877300613497
2,97,815,0.44171779141104295
19,43,295,0.4406779661016949
43,106,200,0.6
63,106,850,0.5235294117647059
68,106,555,0.5045045045045045
19,33,120,0.4166666666666667
25,33,310,0.45161290322580644
6,33,245,0.5714285714285714
26,33,435,0.6091954022988506
22,41,1515,0.49834983498349833
22,60,1425,0.5157894736842106
61,88,190,0.4473684210526316
37,48,835,0.5269461077844312
48,93,385,0.5974025974025974
48,138,190,0.3157894736842105
22,59,885,0.5310734463276836
44,88,610,0.5
35,138,855,0.43859649122807015
106,138,390,0.5256410256410257
87,90,315,0.5555555555555556
20,75,615,0.6097560975609756
75,84,1555,0.5209003215434084
53,91,165,0.42424242424242425
53,126,440,0.4772727272727273
53,136,265,0.39622641509433965
91,108,185,0.5135135135135135
91,126,205,0.6097560975609756
108,136,220,0.5454545454545454
126,136,265,0.4339622641509434
26,49,1655,0.4380664652567976
41,61,185,0.5135135135135135
49,61,165,0.42424242424242425
49,64,685,0.44525547445255476
30,101,1380,0.4891304347826087
71,111,845,0.5384615384615384
75,111,225,0.4888888888888889
7,23,335,0.5223880597014925
7,107,300,0.4666666666666667
12,21,755,0.5231788079470199
12,23,235,0.425531914893617
12,107,270,0.5370370370370371
21,107,285,0.49122807017543857
23,107,130,0.6923076923076923
15,56,385,0.4935064935064935
33,56,175,0.6571428571428571
56,84,1155,0.49783549783549785
3,26,465,0.46236559139784944
3,28,205,0.5609756097560976
28,35,1835,0.5340599455040872
11,128,745,0.5100671140939598
68,128,165,0.5151515151515151
69,73,1525,0.5475409836065573
4,63,365,0.4520547945205479
4,101,580,0.5086206896551724
25,75,1350,0.4962962962962963
25,138,670,0.5074626865671642
29,138,1025,0.5707317073170731
114,138,310,0.3548387096774194
44,64,1055,0.38388625592417064
44,75,1125,0.52
59,64,660,0.4090909090909091
11,138,535,0.45794392523364486
104,108,255,0.43137254901960786
108,138,370,0.5540540540540541
5,49,670,0.4701492537313433
49,99,310,0.5806451612903226
49,126,325,0.49230769230769234
99,101,1040,0.47596153846153844
39,48,1165,0.4678111587982833
48,69,1035,0.42995169082125606
29,106,1310,0.5572519083969466
9,28,625,0.512
9,73,690,0.45652173913043476
28,145,340,0.5588235294117647
73,145,350,0.5
37,85,615,0.5121951219512195
37,101,730,0.5
37,128,320,0.328125
85,101,790,0.5506329113924051
101,128,350,0.45714285714285713
12,119,340,0.47058823529411764
27,119,490,0.5102040816326531
35,119,825,0.48484848484848486
17,48,645,0.4883720930232558
37,111,170,0.4117647058823529
42,111,490,0.5918367346938775
111,126,250,0.58
10,49,160,0.4375
30,49,1035,0.463768115942029
30,64,1190,0.5
42,56,695,0.5323741007194245
56,123,515,0.5145631067961165
21,38,825,0.46060606060606063
21,108,620,0.47580645161290325
97,108,320,0.53125
39,95,345,0.4782608695652174
71,95,515,0.5339805825242718
73,95,175,0.5714285714285714
87,95,135,0.5555555555555556
10,38,480,0.4479166666666667
25,53,805,0.4409937888198758
37,78,135,0.3333333333333333
67,78,115,0.391304347826087
74,78,335,0.40298507462686567
78,84,170,0.5294117647058824
26,107,635,0.4645669291338583
29,107,380,0.5
43,87,250,0.44
62,69,760,0.4407894736842105
62,95,125,0.64
69,95,235,0.574468085106383
23,126,270,0.5185185185185185
28,52,365,0.5342465753424658
28,56,575,0.5217391304347826
28,105,1085,0.6405529953917051
36,52,350,0.38571428571428573
36,56,805,0.4782608695652174
52,56,185,0.5135135135135135
52,105,520,0.49038461538461536
29,65,350,0.5
65,85,260,0.38461538461538464
68,135,395,0.46835443037974683
76,135,310,0.45161290322580644
7,19,775,0.45806451612903226
19,72,255,0.39215686274509803
72,106,355,0.5070422535211268
36,119,625,0.608
7,52,440,0.45454545454545453
7,83,320,0.40625
52,83,140,0.6071428571428571
52,102,215,0.37209302325581395
73,83,285,0.5789473684210527
73,102,290,0.4827586206896552
83,102,110,0.45454545454545453
2,119,740,0.46621621621621623
40,105,1385,0.44404332129963897
40,119,520,0.41346153846153844
105,119,315,0.4603174603174603
5,25,1395,0.5448028673835126
32,68,345,0.4927536231884058
68,93,1250,0.564
68,129,570,0.4824561403508772
5,18,475,0.5894736842105263
5,106,895,0.6033519553072626
38,52,390,0.46153846153846156
44,113,360,0.4166666666666667
104,113,740,0.5743243243243243
110,113,325,0.5384615384615384
54,131,700,0.4714285714285714
4,19,330,0.4393939393939394
4,79,190,0.631578947368421
4,85,435,0.6206896551724138
19,79,200,0.4
71,79,530,0.49056603773584906
79,85,170,0.47058823529411764
39,72,535,0.48598130841121495
40,155,405,0.5061728395061729
59,155,135,0.7037037037037037
63,155,370,0.4189189189189189
23,28,220,0.5681818181818182
23,119,160,0.34375
23,129,145,0.3103448275862069
28,129,185,0.3783783783783784
20,49,355,0.6197183098591549
20,104,1170,0.5170940170940171
38,60,470,0.5425531914893617
9,13,390,0.5
13,41,445,0.3707865168539326
17,128,345,0.5072463768115942
60,128,375,0.41333333333333333
26,50,690,0.5652173913043478
26,83,555,0.43243243243243246
41,50,475,0.4842105263157895
41,83,225,0.5777777777777777
104,131,580,0.45689655172413796
14,77,225,0.5111111111111111
46,65,300,0.43333333333333335
46,77,65,0.23076923076923078
65,77,25,0.4
77,111,25,0.4
1,91,310,0.5
1,113,590,0.4576271186440678
2,91,490,0.5816326530612245
31,113,515,0.6116504854368932
91,113,215,0.7209302325581395
3,56,120,0.6666666666666666
3,73,285,0.40350877192982454
56,73,420,0.4642857142857143
11,80,290,0.5689655172413793
8,58,280,0.5357142857142857
35,49,1110,0.509009009009009
35,58,455,0.45054945054945056
49,58,160,0.46875
49,62,320,0.4375
58,62,65,0.6153846153846154
9,114,645,0.4883720930232558
42,80,290,0.5689655172413793
80,114,185,0.5945945945945946
8,64,1415,0.49469964664310956
43,123,330,0.45454545454545453
16,23,160,0.375
16,49,300,0.5333333333333333
16,110,545,0.5045871559633027
23,46,290,0.5517241379310345
23,110,255,0.5294117647058824
46,49,285,0.47368421052631576
49,110,415,0.4578313253012048
81,114,305,0.4426229508196721
59,76,150,0.5
59,111,265,0.6226415094339622
76,94,290,0.603448275862069
76,111,165,0.6060606060606061
11,56,635,0.4015748031496063
56,87,430,0.43023255813953487
7,53,800,0.43125
53,94,320,0.4375
53,123,490,0.37755102040816324
94,123,395,0.5949367088607594
20,72,250,0.48
22,72,625,0.392
40,61,565,0.3893805309734513
54,61,625,0.448
61,85,255,0.45098039215686275
7,89,325,0.5230769230769231
7,128,535,0.4766355140186916
31,128,440,0.4772727272727273
55,89,70,0.5
55,128,60,0.5
89,128,105,0.47619047619047616
2,145,510,0.5686274509803921
34,46,245,0.32653061224489793
34,53,210,0.2857142857142857
42,46,850,0.5411764705882353
42,57,410,0.5487804878048781
46,53,490,0.45918367346938777
46,57,200,0.275
53,57,170,0.47058823529411764
17,49,380,0.4473684210526316
19,96,300,0.5
27,31,1035,0.5700483091787439
59,114,530,0.46226415094339623
114,155,315,0.3968253968253968
13,109,105,0.42857142857142855
31,109,410,0.5
104,109,565,0.4336283185840708
7,57,255,0.5882352941176471
7,70,730,0.4520547945205479
25,57,355,0.5352112676056338
25,91,400,0.575
19,22,1085,0.5299539170506913
19,58,175,0.5142857142857142
22,58,325,0.4307692307692308
54,58,485,0.5257731958762887
49,67,420,0.5357142857142857
49,108,235,0.44680851063829785
11,85,1070,0.42990654205607476
11,113,325,0.5538461538461539
28,113,280,0.5357142857142857
85,113,335,0.5522388059701493
68,89,205,0.4878048780487805
89,106,170,0.5294117647058824
30,145,780,0.5
6,36,1760,0.5056818181818182
6,37,1325,0.5132075471698113
8,73,1080,0.39814814814814814
84,123,945,0.5185185185185185
12,37,760,0.5460526315789473
28,37,985,0.49746192893401014
37,100,450,0.4666666666666667
56,100,360,0.4722222222222222
33,107,65,0.5384615384615384
33,111,85,0.5294117647058824
35,107,490,0.5408163265306123
35,111,640,0.515625
106,111,285,0.543859649122807
107,111,135,0.48148148148148145
9,15,575,0.4956521739130435
9,75,655,0.48854961832061067
56,104,1025,0.43902439024390244
85,131,140,0.42857142857142855
63,128,535,0.411214953271028
69,128,750,0.5333333333333333
12,111,290,0.5
84,111,380,0.5526315789473685
111,113,160,0.625
18,50,200,0.525
50,123,305,0.4918032786885246
1,46,265,0.5849056603773585
1,135,630,0.5079365079365079
7,46,860,0.4941860465116279
46,68,470,0.3617021276595745
46,135,490,0.4387755102040816
31,94,595,0.42857142857142855
31,99,1125,0.5377777777777778
37,94,505,0.5148514851485149
41,53,660,0.3939393939393939
41,137,295,0.5254237288135594
53,137,240,0.4791666666666667
88,155,150,0.4666666666666667
22,70,1055,0.4928909952606635
70,82,345,0.5652173913043478
82,123,400,0.575
5,63,1235,0.4979757085020243
5,72,340,0.4264705882352941
54,72,270,0.42592592592592593
63,72,285,0.2807017543859649
43,94,210,0.42857142857142855
43,97,340,0.6323529411764706
43,111,170,0.6176470588235294
97,111,265,0.4528301886792453
6,57,445,0.4606741573033708
6,114,655,0.4732824427480916
22,27,1870,0.5133689839572193
22,57,375,0.44
57,114,230,0.5217391304347826
12,42,750,0.5133333333333333
81,97,235,0.5106382978723404
28,131,230,0.3695652173913043
42,131,450,0.45555555555555555
28,65,175,0.5428571428571428
22,79,335,0.5373134328358209
32,79,125,0.56
32,104,790,0.5126582278481012
1,44,235,0.3829787234042553
1,93,395,0.5443037974683544
5,44,1300,0.4576923076923077
44,76,460,0.5
44,93,400,0.425
67,101,1315,0.5095057034220533
50,80,110,0.3181818181818182
80,93,310,0.532258064516129
4,27,860,0.563953488372093
4,34,180,0.3611111111111111
27,34,580,0.3448275862068966
34,71,895,0.44692737430167595
34,104,695,0.45323741007194246
32,38,350,0.5714285714285714
6,20,875,0.5257142857142857
43,53,235,0.3617021276595745
6,97,1065,0.48826291079812206
59,97,410,0.5121951219512195
46,155,180,0.3888888888888889
57,86,550,0.5
57,123,200,0.55
57,155,50,0.2
86,155,550,0.44545454545454544
21,101,1055,0.5071090047393365
30,88,780,0.5512820512820513
67,68,725,0.5448275862068965
19,94,360,0.4444444444444444
4,30,715,0.5034965034965035
4,56,220,0.4772727272727273
4,109,70,0.5
30,56,1005,0.4975124378109453
30,109,495,0.46464646464646464
56,88,390,0.47435897435897434
56,109,135,0.4074074074074074
88,109,205,0.5853658536585366
1,34,575,0.41739130434782606
34,47,265,0.4339622641509434
34,75,365,0.3835616438356164
25,129,1120,0.46875
16,55,80,0.5625
55,64,140,0.42857142857142855
59,126,135,0.4444444444444444
69,91,430,0.5465116279069767
91,101,260,0.5
30,100,805,0.484472049689441
49,100,210,0.47619047619047616
8,57,385,0.5194805194805194
14,98,740,0.3918918918918919
39,98,395,0.4050632911392405
94,98,110,0.5
8,78,165,0.42424242424242425
71,78,205,0.5121951219512195
73,78,155,0.4838709677419355
53,90,275,0.6
48,56,220,0.5681818181818182
48,61,265,0.4528301886792453
56,61,175,0.22857142857142856
56,110,350,0.4714285714285714
61,137,125,0.44
110,137,270,0.5555555555555556
67,105,1040,0.5865384615384616
45,57,105,0.3333333333333333
45,113,145,0.6896551724137931
54,57,515,0.46601941747572817
57,113,115,0.30434782608695654
12,34,420,0.42857142857142855
16,31,965,0.5233160621761658
16,104,725,0.4689655172413793
17,120,275,0.43636363636363634
40,120,1350,0.5777777777777777
26,102,710,0.4014084507042254
29,102,450,0.37777777777777777
53,102,210,0.35714285714285715
43,52,130,0.38461538461538464
52,101,485,0.44329896907216493
32,70,240,0.5416666666666666
32,98,145,0.41379310344827586
57,59,240,0.5208333333333334
57,98,45,0.4444444444444444
42,136,650,0.5384615384615384
3,36,335,0.4925373134328358
6,12,155,0.3548387096774194
5,123,590,0.5508474576271186
6,81,335,0.4925373134328358
73,105,1055,0.5876777251184834
4,98,90,0.7777777777777778
4,100,265,0.5094339622641509
26,100,1285,0.4785992217898833
30,98,480,0.40625
98,100,165,0.5454545454545454
16,67,730,0.5616438356164384
31,95,210,0.6190476190476191
95,121,90,0.5
95,129,150,0.5666666666666667
121,129,400,0.4
84,102,385,0.5844155844155844
23,89,90,0.8333333333333334
23,99,225,0.6444444444444445
27,89,425,0.49411764705882355
89,99,255,0.45098039215686275
18,101,430,0.5232558139534884
22,45,525,0.5047619047619047
45,69,585,0.5128205128205128
10,11,635,0.4330708661417323
10,39,865,0.3872832369942196
10,98,190,0.2631578947368421
40,98,680,0.3897058823529412
2,92,170,0.5
73,92,160,0.625
46,105,915,0.4426229508196721
60,84,1085,0.5069124423963134
53,96,340,0.35294117647058826
96,138,340,0.45588235294117646
6,145,265,0.5283018867924528
41,68,750,0.56
61,68,255,0.5294117647058824
12,98,195,0.4358974358974359
23,98,65,0.5384615384615384
1,18,120,0.5416666666666666
11,18,465,0.46236559139784944
40,95,390,0.5384615384615384
50,95,125,0.6
53,95,255,0.49019607843137253
95,110,135,0.5925925925925926
88,135,300,0.6
135,136,275,0.36363636363636365
69,83,315,0.47619047619047616
70,83,215,0.32558139534883723
74,83,665,0.38345864661654133
2,135,170,0.5294117647058824
2,136,565,0.5221238938053098
46,74,1190,0.4789915966386555
46,99,705,0.48226950354609927
22,120,880,0.5284090909090909
9,95,180,0.5277777777777778
84,95,345,0.6521739130434783
84,128,590,0.5084745762711864
95,128,125,0.48
15,88,745,0.5704697986577181
1,59,845,0.4437869822485207
9,11,955,0.4869109947643979
48,62,475,0.4842105263157895
37,75,745,0.5167785234899329
126,138,485,0.5257731958762887
64,121,230,0.3695652173913043
73,89,130,0.5384615384615384
11,91,585,0.5128205128205128
37,91,170,0.5588235294117647
16,53,480,0.4479166666666667
53,111,180,0.5277777777777778
109,111,140,0.2857142857142857
47,60,510,0.5098039215686274
27,48,1340,0.48507462686567165
104,120,865,0.5375722543352601
4,28,405,0.5061728395061729
4,50,230,0.6086956521739131
4,64,525,0.5238095238095238
28,50,360,0.625
9,34,205,0.3902439024390244
34,54,760,0.3815789473684211
34,62,165,0.5757575757575758
34,99,315,0.42857142857142855
15,61,185,0.5135135135135135
15,121,300,0.6166666666666667
61,104,640,0.5
22,46,865,0.4682080924855491
22,83,370,0.43243243243243246
46,83,195,0.5384615384615384
83,111,65,0.6923076923076923
83,155,60,0.5833333333333334
111,155,95,0.3684210526315789
13,93,960,0.4635416666666667
9,20,430,0.5348837209302325
20,120,420,0.42857142857142855
39,106,375,0.4666666666666667
39,126,370,0.44594594594594594
106,126,155,0.5806451612903226
8,67,210,0.42857142857142855
31,102,350,0.4857142857142857
46,102,225,0.4222222222222222
67,102,380,0.4868421052631579
6,112,360,0.5416666666666666
21,26,2355,0.4416135881104034
6,18,180,0.5555555555555556
30,91,270,0.48148148148148145
74,91,560,0.5089285714285714
91,94,185,0.4594594594594595
91,129,310,0.45161290322580644
37,89,255,0.6274509803921569
37,98,300,0.3333333333333333
89,98,65,0.46153846153846156
22,81,515,0.4854368932038835
26,81,1100,0.4409090909090909
63,67,540,0.5370370370370371
63,81,445,0.39325842696629215
42,112,660,0.5984848484848485
8,100,725,0.46206896551724136
25,100,785,0.5414012738853503
60,100,415,0.6024096385542169
27,64,1065,0.4694835680751174
49,82,195,0.6153846153846154
22,35,2385,0.44863731656184486
62,135,275,0.5454545454545454
42,102,445,0.5168539325842697
42,120,765,0.5620915032679739
71,102,640,0.4453125
32,69,670,0.5597014925373134
32,90,230,0.43478260869565216
9,37,560,0.5089285714285714
60,110,390,0.48717948717948717
70,110,590,0.4322033898305085
41,45,365,0.5068493150684932
41,56,275,0.509090909090909
45,56,200,0.4
45,64,280,0.5357142857142857
22,119,520,0.5384615384615384
25,37,1230,0.4796747967479675
72,88,250,0.44
9,83,205,0.4878048780487805
9,85,435,0.5057471264367817
83,85,135,0.4444444444444444
14,89,745,0.5167785234899329
38,76,335,0.4626865671641791
76,86,1070,0.5327102803738317
86,89,490,0.5408163265306123
33,64,195,0.5384615384615384
33,69,225,0.5555555555555556
33,81,90,0.4444444444444444
33,136,115,0.6956521739130435
81,136,125,0.4
9,138,435,0.5057471264367817
33,114,210,0.5
6,109,45,0.1111111111111111
33,47,150,0.4666666666666667
22,131,370,0.43243243243243246
56,131,170,0.35294117647058826
7,85,795,0.5408805031446541
12,49,295,0.5254237288135594
12,85,660,0.5984848484848485
49,85,430,0.5232558139534884
46,96,270,0.4444444444444444
9,39,930,0.4731182795698925
9,43,240,0.3958333333333333
9,59,460,0.4782608695652174
34,90,130,0.4230769230769231
34,107,105,0.3333333333333333
70,107,195,0.5128205128205128
90,107,190,0.5789473684210527
14,92,440,0.5
41,92,175,0.5714285714285714
92,97,125,0.48
58,61,100,0.4
58,91,70,0.5
58,98,55,0.36363636363636365
58,110,95,0.5263157894736842
61,98,65,0.23076923076923078
91,98,80,0.4375
98,110,140,0.6071428571428571
6,91,340,0.4852941176470588
91,104,695,0.5467625899280576
91,119,135,0.48148148148148145
27,61,735,0.4489795918367347
18,87,315,0.47619047619047616
25,36,1130,0.49557522123893805
27,87,655,0.5343511450381679
53,101,790,0.4177215189873418
3,19,215,0.46511627906976744
3,63,220,0.4318181818181818
3,69,415,0.5301204819277109
3,82,105,0.6190476190476191
19,82,245,0.6326530612244898
25,135,670,0.5522388059701493
1,23,460,0.43478260869565216
14,23,1055,0.5213270142180095
23,35,675,0.4666666666666667
101,102,355,0.5352112676056338
93,111,550,0.5545454545454546
20,68,350,0.6
68,97,560,0.5089285714285714
8,38,805,0.42857142857142855
8,111,440,0.5113636363636364
38,61,335,0.44776119402985076
38,111,350,0.5285714285714286
61,111,130,0.5384615384615384
74,79,525,0.49523809523809526
79,110,135,0.4444444444444444
2,38,815,0.49079754601226994
38,100,585,0.46153846153846156
47,99,545,0.41284403669724773
61,99,350,0.5285714285714286
47,51,255,0.5686274509803921
51,104,435,0.5172413793103449
16,56,445,0.38202247191011235
30,45,385,0.4935064935064935
48,58,150,0.4666666666666667
57,85,200,0.3
57,104,280,0.44642857142857145
16,89,165,0.30303030303030304
89,101,320,0.40625
6,56,355,0.39436619718309857
128,136,175,0.5428571428571428
18,44,135,0.2962962962962963
35,38,1425,0.42105263157894735
38,44,630,0.42063492063492064
15,123,650,0.43846153846153846
21,52,375,0.4266666666666667
37,52,500,0.4
52,129,450,0.4222222222222222
5,90,400,0.4625
90,93,975,0.5948717948717949
17,43,170,0.47058823529411764
19,27,1235,0.4251012145748988
43,54,665,0.48120300751879697
6,78,135,0.5185185185185185
22,78,215,0.4186046511627907
27,78,260,0.5
34,69,435,0.3333333333333333
34,76,50,0.3
34,97,370,0.33783783783783783
69,76,845,0.5207100591715976
63,119,500,0.46
69,119,600,0.44166666666666665
18,19,245,0.40816326530612246
18,23,115,0.5217391304347826
18,63,350,0.4142857142857143
19,23,210,0.5
23,63,465,0.5913978494623656
2,131,485,0.4742268041237113
37,90,465,0.6129032258064516
37,131,170,0.4117647058823529
90,131,185,0.5135135135135135
3,32,100,0.45
3,65,100,0.4
3,104,490,0.5408163265306123
65,104,460,0.4891304347826087
5,121,270,0.42592592592592593
34,60,285,0.40350877192982454
34,121,215,0.5813953488372093
28,126,670,0.48507462686567165
38,137,190,0.34210526315789475
52,110,315,0.5714285714285714
52,137,190,0.5
11,46,645,0.4263565891472868
21,102,260,0.5192307692307693
36,47,735,0.5306122448979592
2,102,300,0.5666666666666667
21,54,1640,0.5457317073170732
54,102,455,0.4065934065934066
64,102,295,0.4745762711864407
69,107,355,0.5211267605633803
67,110,700,0.5857142857142857
67,120,605,0.5371900826446281
74,120,850,0.4411764705882353
110,120,525,0.6
12,99,675,0.4666666666666667
99,110,545,0.5688073394495413
17,100,535,0.4672897196261682
21,113,280,0.3392857142857143
63,113,400,0.5875
68,113,255,0.6666666666666666
33,123,195,0.5897435897435898
19,32,325,0.6
19,80,135,0.4444444444444444
32,80,115,0.43478260869565216
80,86,410,0.43902439024390244
41,107,255,0.6666666666666666
60,111,305,0.6065573770491803
60,135,65,0.46153846153846156
107,135,215,0.5116279069767442
111,135,245,0.5714285714285714
8,83,335,0.3283582089552239
59,83,215,0.46511627906976744
83,98,95,0.3684210526315789
22,85,1045,0.5167464114832536
28,49,275,0.43636363636363634
126,128,385,0.4675324675324675
15,94,290,0.5517241379310345
30,135,850,0.5117647058823529
63,135,560,0.5357142857142857
17,39,265,0.49056603773584906
42,87,1285,0.5408560311284046
67,87,755,0.543046357615894
71,121,1380,0.5471014492753623
84,121,480,0.53125
8,68,900,0.4777777777777778
46,137,270,0.4444444444444444
68,137,305,0.5573770491803278
86,137,805,0.45962732919254656
95,104,340,0.5735294117647058
95,123,180,0.5555555555555556
50,60,325,0.4
17,90,230,0.5
69,99,280,0.4642857142857143
30,43,700,0.5142857142857142
43,100,265,0.49056603773584906
43,114,355,0.4507042253521127
52,108,295,0.4406779661016949
48,92,120,0.4583333333333333
48,145,145,0.5172413793103449
92,99,135,0.5185185185185185
92,145,25,0.6
99,145,260,0.46153846153846156
36,113,290,0.43103448275862066
88,113,250,0.42
8,32,455,0.4945054945054945
3,23,115,0.6521739130434783
3,67,310,0.5161290322580645
3,87,105,0.6666666666666666
3,113,125,0.48
23,67,375,0.5866666666666667
23,113,125,0.4
67,113,320,0.578125
10,35,680,0.5073529411764706
10,63,325,0.49230769230769234
70,75,835,0.5508982035928144
29,32,620,0.5887096774193549
32,53,365,0.5205479452054794
16,28,390,0.5256410256410257
28,97,480,0.5
7,28,700,0.5357142857142857
28,83,255,0.43137254901960786
75,83,200,0.65
4,76,175,0.5428571428571428
4,129,390,0.47435897435897434
19,50,290,0.5
58,93,390,0.48717948717948717
58,100,95,0.5263157894736842
20,51,120,0.5416666666666666
22,51,400,0.6
51,86,435,0.5172413793103449
10,60,440,0.5454545454545454
10,84,910,0.45604395604395603
10,96,175,0.5142857142857142
60,96,50,0.7
43,57,80,0.625
57,63,310,0.4838709677419355
40,58,270,0.5
44,58,280,0.42857142857142855
58,75,190,0.4473684210526316
58,101,170,0.5294117647058824
20,129,500,0.47
120,129,375,0.4666666666666667
45,48,365,0.5205479452054794
45,82,125,0.36
45,129,395,0.4177215189873418
82,129,295,0.5084745762711864
4,12,115,0.4782608695652174
17,58,150,0.4
53,58,130,0.5384615384615384
4,82,130,0.5769230769230769
64,82,505,0.43564356435643564
13,96,270,0.4444444444444444
65,75,280,0.5535714285714286
65,86,570,0.5701754385964912
93,114,750,0.52
18,85,340,0.5588235294117647
108,112,170,0.6176470588235294
112,136,130,0.46153846153846156
56,63,405,0.4567901234567901
56,98,140,0.5714285714285714
98,105,235,0.48936170212765956
65,70,225,0.4666666666666667
65,136,120,0.5833333333333334
70,136,280,0.5178571428571429
62,101,385,0.5064935064935064
93,96,890,0.550561797752809
96,101,585,0.5128205128205128
9,36,935,0.49732620320855614
33,54,430,0.5232558139534884
36,128,695,0.41007194244604317
5,113,440,0.6022727272727273
29,44,1265,0.5217391304347826
25,56,590,0.4830508474576271
39,56,655,0.4351145038167939
6,8,350,0.45714285714285713
6,128,515,0.42718446601941745
8,128,640,0.4765625
57,128,150,0.36666666666666664
59,67,615,0.5284552845528455
60,94,395,0.5949367088607594
4,21,495,0.46464646464646464
4,29,640,0.53125
29,33,310,0.5483870967741935
33,82,100,0.6
38,92,155,0.5161290322580645
12,109,60,0.5833333333333334
105,109,405,0.5432098765432098
25,59,570,0.5087719298245614
59,99,510,0.49019607843137253
85,126,590,0.5169491525423728
16,75,865,0.45664739884393063
22,43,425,0.49411764705882355
34,48,270,0.2777777777777778
34,68,210,0.5238095238095238
34,108,110,0.4090909090909091
68,108,365,0.5068493150684932
25,46,685,0.4306569343065693
11,76,310,0.5
48,49,370,0.4864864864864865
7,136,405,0.5432098765432098
52,70,420,0.40476190476190477
52,75,470,0.5851063829787234
54,73,1205,0.5643153526970954
52,60,410,0.5
52,112,180,0.5833333333333334
48,119,315,0.47619047619047616
48,135,435,0.4827586206896552
88,119,180,0.5555555555555556
119,135,295,0.4915254237288136
16,102,215,0.5116279069767442
16,107,225,0.4888888888888889
16,145,255,0.45098039215686275
102,107,95,0.3684210526315789
107,145,100,0.4
40,89,415,0.5662650602409639
70,89,30,0.6666666666666666
70,121,295,0.5084745762711864
29,99,230,0.41304347826086957
6,68,685,0.48905109489051096
6,135,600,0.48333333333333334
47,135,285,0.42105263157894735
23,80,70,0.7142857142857143
1,28,1080,0.48148148148148145
52,123,435,0.47126436781609193
73,88,750,0.58
88,123,380,0.4473684210526316
22,91,330,0.5151515151515151
31,68,475,0.5368421052631579
41,91,180,0.4444444444444444
68,91,105,0.42857142857142855
7,92,140,0.5357142857142857
69,92,140,0.4642857142857143
92,136,60,0.5833333333333334
36,95,295,0.5932203389830508
36,138,830,0.45180722891566266
75,95,245,0.5918367346938775
95,138,55,0.45454545454545453
25,52,265,0.5094339622641509
54,100,1005,0.47761194029850745
39,90,375,0.52
45,90,140,0.4642857142857143
36,120,415,0.5421686746987951
35,90,670,0.5373134328358209
90,105,475,0.42105263157894735
9,56,435,0.4827586206896552
44,52,400,0.4625
22,33,240,0.5416666666666666
27,33,315,0.5714285714285714
33,80,45,0.5555555555555556
80,98,50,0.3
41,73,625,0.512
6,13,605,0.48760330578512395
13,88,375,0.5866666666666667
69,88,1065,0.4835680751173709
23,111,160,0.59375
46,63,505,0.40594059405940597
46,113,340,0.4852941176470588
61,82,65,0.38461538461538464
6,113,400,0.5625
20,110,290,0.5
68,114,645,0.5271317829457365
23,62,225,0.5111111111111111
23,103,30,0.5
27,103,90,0.6111111111111112
62,103,45,0.4444444444444444
67,103,55,0.2727272727272727
59,65,230,0.5217391304347826
65,67,355,0.49295774647887325
51,63,440,0.4772727272727273
51,70,165,0.2727272727272727
51,84,335,0.40298507462686567
88,101,640,0.4765625
27,45,490,0.5306122448979592
27,107,380,0.40789473684210525
34,98,115,0.21739130434782608
74,80,335,0.6119402985074627
80,97,220,0.5681818181818182
36,43,375,0.4666666666666667
43,138,270,0.48148148148148145
73,85,905,0.4972375690607735
88,99,565,0.5309734513274337
126,129,720,0.4791666666666667
28,104,360,0.5694444444444444
36,109,395,0.4177215189873418
20,52,275,0.6
39,52,265,0.32075471698113206
39,82,285,0.5614035087719298
52,82,100,0.6
13,36,445,0.4044943820224719
60,129,145,0.4827586206896552
47,89,200,0.6
89,104,410,0.5487804878048781
14,57,690,0.5072463768115942
47,57,160,0.53125
69,100,925,0.4810810810810811
100,138,495,0.41414141414141414
100,145,260,0.34615384615384615
138,145,95,0.47368421052631576
6,99,1030,0.47572815533980584
53,66,20,0.25
53,113,305,0.5573770491803278
66,87,35,0.42857142857142855
66,93,120,0.4583333333333333
66,113,60,0.75
16,59,385,0.5194805194805194
19,59,340,0.5294117647058824
10,25,745,0.46308724832214765
10,88,355,0.4788732394366197
75,128,430,0.4883720930232558
120,145,200,0.35
128,145,205,0.43902439024390244
27,72,535,0.514018691588785
53,72,230,0.4782608695652174
53,135,410,0.4146341463414634
72,101,370,0.5675675675675675
72,135,185,0.35135135135135137
39,55,185,0.4864864864864865
55,85,95,0.5789473684210527
23,70,255,0.4117647058823529
23,100,225,0.4444444444444444
71,100,1130,0.42035398230088494
6,73,915,0.5355191256830601
44,47,905,0.4530386740331492
44,99,810,0.46296296296296297
20,111,150,0.5333333333333333
105,111,265,0.4716981132075472
27,68,670,0.5298507462686567
10,54,170,0.5588235294117647
107,120,230,0.41304347826086957
49,87,470,0.425531914893617
49,90,275,0.5454545454545454
49,93,805,0.4906832298136646
9,108,460,0.5652173913043478
23,64,400,0.425
23,108,100,0.5
4,90,285,0.45614035087719296
17,28,705,0.524822695035461
17,32,310,0.5645161290322581
28,32,490,0.6224489795918368
61,73,385,0.4155844155844156
88,112,215,0.5813953488372093
88,120,460,0.5652173913043478
16,54,1325,0.5207547169811321
7,38,850,0.4
7,111,485,0.5051546391752577
101,111,295,0.5423728813559322
5,32,660,0.49242424242424243
21,34,395,0.3291139240506329
34,63,390,0.46153846153846156
19,88,530,0.46226415094339623
62,81,290,0.5
3,25,340,0.5147058823529411
18,102,105,0.6190476190476191
40,51,475,0.5052631578947369
48,51,255,0.35294117647058826
51,62,100,0.45
52,63,475,0.43157894736842106
4,123,450,0.4777777777777778
27,123,875,0.49714285714285716
9,32,325,0.47692307692307695
9,49,450,0.4888888888888889
26,43,970,0.4484536082474227
30,120,1100,0.4590909090909091
43,120,130,0.2692307692307692
63,123,890,0.42696629213483145
120,123,630,0.5555555555555556
43,61,125,0.4
41,120,485,0.4329896907216495
49,73,550,0.509090909090909
12,126,425,0.4823529411764706
87,99,570,0.47368421052631576
16,48,600,0.5
16,88,430,0.5348837209302325
36,96,500,0.6
75,96,635,0.5118110236220472
51,82,80,0.75
51,126,260,0.7115384615384616
82,126,150,0.5333333333333333
37,72,345,0.463768115942029
72,123,265,0.4528301886792453
36,111,480,0.5729166666666666
104,111,645,0.5426356589147286
20,126,500,0.36
12,81,165,0.5757575757575758
45,81,140,0.42857142857142855
9,44,735,0.4965986394557823
62,129,430,0.4069767441860465
62,131,85,0.35294117647058826
74,131,540,0.48148148148148145
114,131,335,0.47761194029850745
13,21,455,0.4945054945054945
21,44,1055,0.43601895734597157
7,100,510,0.45098039215686275
88,100,235,0.46808510638297873
29,47,910,0.532967032967033
29,57,220,0.5454545454545454
33,46,225,0.5111111111111111
46,114,305,0.4426229508196721
48,59,560,0.48214285714285715
8,65,400,0.475
9,12,455,0.4945054945054945
39,136,430,0.5116279069767442
50,84,455,0.5384615384615384
1,83,365,0.4383561643835616
29,83,335,0.4626865671641791
37,108,510,0.4411764705882353
8,99,970,0.4536082474226804
28,155,155,0.45161290322580644
47,155,220,0.38636363636363635
64,155,230,0.41304347826086957
68,120,530,0.4339622641509434
5,136,410,0.5121951219512195
38,145,240,0.3958333333333333
68,145,245,0.673469387755102
41,102,240,0.5208333333333334
60,102,180,0.5555555555555556
88,102,215,0.5813953488372093
62,76,295,0.5423728813559322
68,82,175,0.6571428571428571
8,28,1180,0.5084745762711864
8,145,195,0.5897435897435898
11,17,640,0.4765625
17,25,305,0.5081967213114754
20,59,430,0.4883720930232558
44,138,215,0.4883720930232558
49,59,240,0.5416666666666666
7,34,415,0.43373493975903615
22,90,615,0.6097560975609756
41,90,545,0.5504587155963303
27,131,340,0.45588235294117646
12,50,440,0.6136363636363636
50,85,280,0.6071428571428571
48,81,260,0.5
81,87,285,0.3684210526315789
50,101,420,0.47619047619047616
97,109,235,0.44680851063829785
101,109,340,0.5294117647058824
35,72,660,0.38636363636363635
64,72,350,0.37142857142857144
72,96,200,0.475
14,55,465,0.4838709677419355
55,68,115,0.391304347826087
55,70,100,0.25
13,40,1205,0.3983402489626556
13,43,105,0.42857142857142855
10,16,515,0.4563106796116505
21,120,495,0.43434343434343436
46,120,475,0.5894736842105263
83,120,210,0.5476190476190477
76,104,845,0.514792899408284
39,137,500,0.62
43,137,125,0.52
46,85,595,0.4957983193277311
35,113,410,0.43902439024390244
50,113,240,0.5208333333333334
5,105,880,0.5511363636363636
17,105,995,0.47738693467336685
18,129,295,0.4745762711864407
1,102,270,0.46296296296296297
14,102,780,0.4423076923076923
41,98,225,0.5333333333333333
47,128,440,0.375
31,92,225,0.4444444444444444
50,92,80,0.6875
62,128,145,0.4482758620689655
128,135,295,0.4915254237288136
48,83,300,0.43333333333333335
30,65,485,0.4845360824742268
60,65,240,0.5625
65,80,100,0.55
5,61,480,0.4895833333333333
2,112,530,0.5188679245283019
2,155,245,0.5306122448979592
12,112,335,0.4925373134328358
39,112,455,0.5054945054945055
39,155,410,0.5487804878048781
112,155,45,0.5555555555555556
105,113,545,0.5321100917431193
32,51,105,0.6666666666666666
38,51,225,0.5777777777777777
25,102,455,0.3956043956043956
56,102,185,0.4864864864864865
56,128,265,0.4339622641509434
102,128,130,0.5384615384615384
30,121,360,0.5277777777777778
49,121,255,0.37254901960784315
105,121,175,0.5142857142857142
96,99,90,0.5555555555555556
21,79,230,0.41304347826086957
79,126,205,0.43902439024390244
37,57,275,0.4
39,57,400,0.45
57,99,150,0.5
27,126,1125,0.52
98,126,235,0.5319148936170213
105,126,735,0.6326530612244898
19,110,560,0.5446428571428571
88,110,355,0.5492957746478874
106,110,595,0.5798319327731093
39,113,140,0.5
42,113,535,0.5700934579439252
28,59,365,0.4520547945205479
32,56,275,0.45454545454545453
56,59,305,0.4098360655737705
23,25,410,0.5365853658536586
23,39,445,0.4943820224719101
83,86,480,0.5416666666666666
83,135,130,0.6153846153846154
83,145,105,0.47619047619047616
53,76,360,0.3888888888888889
44,111,320,0.421875
4,111,155,0.4838709677419355
36,76,335,0.5373134328358209
63,90,435,0.5977011494252874
90,126,170,0.47058823529411764
57,75,290,0.5344827586206896
28,53,755,0.543046357615894
28,87,775,0.567741935483871
53,63,805,0.39751552795031053
53,64,660,0.3560606060606061
44,97,850,0.4647058823529412
4,52,225,0.6
4,135,160,0.6875
52,68,305,0.5081967213114754
90,135,230,0.45652173913043476
18,56,155,0.3870967741935484
56,69,790,0.41139240506329117
42,49,505,0.48514851485148514
7,98,245,0.3877551020408163
54,98,505,0.504950495049505
18,119,185,0.5405405405405406
9,136,195,0.5384615384615384
23,136,140,0.5
96,112,175,0.6
49,60,245,0.4489795918367347
49,88,375,0.56
60,101,950,0.47368421052631576
48,50,375,0.4533333333333333
50,68,175,0.42857142857142855
8,90,495,0.5555555555555556
37,43,375,0.5066666666666667
43,46,205,0.43902439024390244
15,37,820,0.45121951219512196
4,6,275,0.43636363636363634
4,99,350,0.44285714285714284
50,96,255,0.5882352941176471
69,96,225,0.4222222222222222
69,110,930,0.553763440860215
114,145,320,0.359375
63,102,370,0.5
87,102,175,0.6
87,126,590,0.4322033898305085
6,100,770,0.564935064935065
47,65,225,0.4
19,138,515,0.39805825242718446
57,84,385,0.4805194805194805
57,88,175,0.45714285714285713
57,95,85,0.5294117647058824
88,95,170,0.5588235294117647
40,107,540,0.42592592592592593
44,107,275,0.43636363636363634
52,69,655,0.42748091603053434
67,73,615,0.5365853658536586
75,113,325,0.5230769230769231
113,136,170,0.47058823529411764
20,56,335,0.47761194029850745
34,56,260,0.40384615384615385
5,108,645,0.49612403100775193
60,108,75,0.5333333333333333
85,108,380,0.5394736842105263
88,90,235,0.6382978723404256
54,101,2295,0.49673202614379086
22,52,590,0.5338983050847458
52,53,280,0.42857142857142855
20,83,155,0.5806451612903226
49,83,170,0.6470588235294118
44,54,330,0.45454545454545453
44,103,60,0.5
54,103,170,0.38235294117647056
76,103,40,0.375
50,75,260,0.46153846153846156
18,88,295,0.5932203389830508
37,45,225,0.4666666666666667
45,67,445,0.5393258426966292
57,67,195,0.5641025641025641
52,91,190,0.5526315789473685
52,138,285,0.543859649122807
91,123,205,0.4878048780487805
91,138,275,0.5818181818181818
96,123,435,0.4367816091954023
45,102,105,0.5238095238095238
67,145,195,0.41025641025641024
43,88,285,0.543859649122807
50,67,575,0.6173913043478261
50,88,165,0.5757575757575758
6,19,955,0.4083769633507853
19,145,290,0.46551724137931033
68,119,160,0.46875
16,99,345,0.5507246376811594
99,111,320,0.5
13,29,770,0.564935064935065
51,123,200,0.675
50,56,250,0.48
56,120,405,0.5802469135802469
15,65,125,0.44
15,91,135,0.4074074074074074
65,91,165,0.696969696969697
84,91,315,0.4126984126984127
69,79,365,0.4657534246575342
79,106,230,0.5434782608695652
67,94,110,0.45454545454545453
11,20,995,0.542713567839196
4,44,230,0.45652173913043476
4,75,560,0.5267857142857143
4,105,735,0.5238095238095238
75,108,695,0.41007194244604317
105,108,585,0.5042735042735043
21,27,1520,0.5098684210526315
21,56,635,0.4645669291338583
56,113,215,0.46511627906976744
40,45,505,0.4752475247524752
45,70,330,0.48484848484848486
45,108,240,0.4166666666666667
97,104,980,0.5459183673469388
63,76,795,0.5157232704402516
63,108,790,0.47468354430379744
76,108,380,0.47368421052631576
69,137,260,0.5192307692307693
12,67,110,0.5
15,64,790,0.4430379746835443
74,121,670,0.3880597014925373
59,90,270,0.48148148148148145
59,129,445,0.42696629213483145
73,90,505,0.504950495049505
90,129,430,0.5813953488372093
53,56,415,0.39759036144578314
56,96,255,0.5490196078431373
71,96,1005,0.5174129353233831
4,87,340,0.45588235294117646
76,87,490,0.6020408163265306
18,39,630,0.4365079365079365
41,70,140,0.39285714285714285
53,145,200,0.35
80,145,75,0.6666666666666666
16,100,550,0.5
30,119,470,0.5319148936170213
101,119,400,0.3875
108,119,330,0.5303030303030303
99,114,650,0.5076923076923077
18,135,185,0.6486486486486487
38,46,655,0.4351145038167939
38,82,305,0.5409836065573771
46,50,415,0.43373493975903615
46,82,255,0.47058823529411764
16,21,710,0.4788732394366197
21,100,655,0.40458015267175573
23,31,570,0.4649122807017544
23,145,135,0.4074074074074074
31,100,635,0.5196850393700787
31,145,500,0.59
81,85,255,0.35294117647058826
85,87,525,0.5428571428571428
23,56,230,0.5434782608695652
56,99,570,0.543859649122807
15,45,290,0.4827586206896552
15,80,115,0.6521739130434783
45,80,105,0.5714285714285714
45,104,700,0.5214285714285715
35,76,555,0.43243243243243246
97,128,400,0.4875
2,80,330,0.48484848484848486
2,89,350,0.5
80,88,155,0.7096774193548387
80,89,65,0.6153846153846154
88,89,140,0.5357142857142857
53,114,720,0.3680555555555556
82,85,325,0.6461538461538462
6,46,300,0.5
10,21,525,0.38095238095238093
10,83,145,0.4482758620689655
31,77,125,0.48
67,77,105,0.5714285714285714
77,128,50,0.2
86,128,680,0.4852941176470588
10,78,100,0.55
63,78,195,0.5897435897435898
76,78,70,0.5714285714285714
30,155,295,0.3559322033898305
6,155,290,0.5172413793103449
99,155,155,0.6451612903225806
47,131,270,0.4074074074074074
87,131,120,0.3333333333333333
93,131,635,0.44881889763779526
29,68,1040,0.5192307692307693
52,87,365,0.4794520547945205
45,75,320,0.484375
45,123,220,0.45454545454545453
41,121,385,0.4935064935064935
96,121,135,0.5925925925925926
13,18,180,0.4722222222222222
8,51,355,0.4647887323943662
19,51,180,0.5
51,97,220,0.4772727272727273
41,67,120,0.5
41,123,820,0.5487804878048781
99,129,95,0.3684210526315789
79,114,295,0.4067796610169492
101,136,450,0.3888888888888889
82,111,190,0.5
111,123,170,0.47058823529411764
43,59,165,0.3333333333333333
17,89,200,0.475
17,91,190,0.3684210526315789
89,91,75,0.7333333333333333
89,135,180,0.5277777777777778
91,135,190,0.6052631578947368
28,58,165,0.45454545454545453
28,68,540,0.5833333333333334
28,89,215,0.627906976744186
58,63,230,0.5
58,68,100,0.5
58,89,60,0.4166666666666667
63,89,215,0.5581395348837209
27,91,355,0.5211267605633803
48,54,310,0.5161290322580645
48,91,340,0.5882352941176471
48,113,245,0.40816326530612246
54,91,670,0.48507462686567165
13,58,120,0.5
58,120,140,0.5
87,96,465,0.4838709677419355
96,97,195,0.46153846153846156
2,138,1080,0.5046296296296297
90,138,255,0.5490196078431373
15,79,230,0.5
19,49,350,0.38571428571428573
49,79,195,0.5128205128205128
73,119,555,0.4954954954954955
84,119,435,0.4942528735632184
80,99,165,0.5151515151515151
23,29,305,0.47540983606557374
9,79,165,0.3333333333333333
33,79,20,0.75
2,16,520,0.5673076923076923
2,23,315,0.4603174603174603
52,65,155,0.6129032258064516
65,128,185,0.3783783783783784
13,19,350,0.42857142857142855
13,112,270,0.3888888888888889
19,112,255,0.3137254901960784
40,112,490,0.5306122448979592
18,114,155,0.45161290322580644
8,77,80,0.5
20,77,95,0.42105263157894735
22,77,130,0.5769230769230769
27,77,155,0.41935483870967744
82,137,150,0.4666666666666667
8,76,845,0.4911242603550296
10,113,265,0.39622641509433965
99,105,980,0.5561224489795918
48,94,120,0.5416666666666666
15,145,255,0.47058823529411764
70,145,115,0.34782608695652173
123,136,360,0.4861111111111111
22,135,615,0.5203252032520326
75,135,595,0.5462184873949579
41,54,250,0.4
38,107,365,0.4657534246575342
72,128,170,0.35294117647058826
73,128,475,0.5052631578947369
9,102,170,0.5
85,102,205,0.5365853658536586
1,51,280,0.5178571428571429
50,51,60,0.5833333333333334
51,68,150,0.5
51,105,195,0.5128205128205128
31,136,495,0.5454545454545454
32,135,270,0.4444444444444444
56,57,185,0.4594594594594595
57,109,90,0.5555555555555556
109,136,105,0.47619047619047616
4,137,175,0.5428571428571428
4,145,85,0.6470588235294118
84,137,540,0.5833333333333334
137,145,130,0.6538461538461539
5,100,525,0.5047619047619047
18,60,310,0.5645161290322581
60,106,600,0.5833333333333334
19,135,315,0.38095238095238093
28,48,680,0.5220588235294118
28,82,265,0.5849056603773585
28,103,50,0.6
48,103,85,0.5294117647058824
82,103,35,0.5714285714285714
56,93,535,0.4953271028037383
56,101,750,0.43333333333333335
88,126,595,0.5294117647058824
126,145,210,0.5
36,107,410,0.5
10,28,430,0.5116279069767442
10,56,180,0.3055555555555556
56,126,340,0.4117647058823529
7,13,520,0.46153846153846156
63,100,795,0.44654088050314467
68,107,155,0.41935483870967744
72,120,240,0.4583333333333333
72,129,375,0.4
25,76,230,0.391304347826087
76,99,465,0.4838709677419355
9,94,360,0.4861111111111111
9,110,375,0.56
63,94,330,0.48484848484848486
94,110,345,0.5217391304347826
46,112,445,0.6741573033707865
11,67,875,0.49142857142857144
67,98,230,0.5
28,84,1395,0.4838709677419355
13,49,265,0.4339622641509434
56,90,315,0.5555555555555556
56,112,240,0.5
4,16,320,0.5
3,22,255,0.5490196078431373
34,67,395,0.45569620253164556
68,100,340,0.47058823529411764
45,126,255,0.5490196078431373
45,155,75,0.4666666666666667
48,155,240,0.7083333333333334
108,155,125,0.52
126,155,155,0.5161290322580645
7,18,420,0.4166666666666667
32,45,225,0.6666666666666666
33,135,105,0.7142857142857143
25,119,485,0.44329896907216493
59,102,210,0.5
83,84,250,0.58
83,95,60,0.5833333333333334
64,100,480,0.4166666666666667
100,101,495,0.48484848484848486
4,11,585,0.48717948717948717
21,106,680,0.4264705882352941
106,136,285,0.543859649122807
4,31,730,0.5136986301369864
50,65,95,0.5789473684210527
50,126,260,0.6538461538461539
65,73,375,0.52
65,126,250,0.5
65,135,125,0.68
10,119,245,0.42857142857142855
60,82,310,0.5967741935483871
60,119,415,0.4457831325301205
10,120,420,0.4523809523809524
38,91,380,0.5263157894736842
39,91,475,0.5157894736842106
86,91,595,0.5714285714285714
17,35,790,0.4620253164556962
16,32,375,0.4666666666666667
16,114,640,0.4140625
32,114,365,0.5205479452054794
32,123,470,0.5212765957446809
68,123,265,0.5283018867924528
114,123,735,0.5102040816326531
41,93,455,0.5604395604395604
74,137,770,0.4935064935064935
104,137,250,0.54
18,126,215,0.5581395348837209
68,110,325,0.6
76,110,335,0.5223880597014925
16,113,240,0.4791666666666667
62,113,200,0.5
25,126,370,0.527027027027027
65,114,350,0.4714285714285714
59,60,435,0.4942528735632184
59,109,235,0.46808510638297873
60,109,250,0.46
44,51,200,0.425
51,74,535,0.514018691588785
26,103,195,0.41025641025641024
46,103,90,0.3888888888888889
46,145,110,0.45454545454545453
103,111,40,0.625
103,145,30,0.16666666666666666
111,145,150,0.6333333333333333
17,61,85,0.47058823529411764
12,52,355,0.4647887323943662
35,98,620,0.43548387096774194
48,98,240,0.5
84,131,355,0.4084507042253521
8,92,160,0.53125
13,92,45,0.3333333333333333
40,92,230,0.5
13,83,165,0.3939393939393939
13,145,125,0.48
72,87,290,0.4482758620689655
88,138,470,0.5106382978723404
59,106,225,0.4666666666666667
5,19,730,0.4041095890410959
19,56,490,0.46938775510204084
43,73,305,0.4098360655737705
1,90,625,0.456
30,110,830,0.5120481927710844
22,113,445,0.5617977528089888
63,121,435,0.4482758620689655
40,128,625,0.48
43,128,140,0.39285714285714285
43,129,220,0.4772727272727273
93,128,785,0.554140127388535
45,50,105,0.47619047619047616
45,72,180,0.3333333333333333
72,108,225,0.4666666666666667
9,18,300,0.5666666666666667
23,75,485,0.4742268041237113
56,106,375,0.48
17,62,415,0.5421686746987951
40,111,410,0.5487804878048781
95,111,90,0.7222222222222222
56,107,205,0.5609756097560976
75,102,405,0.4567901234567901
33,101,215,0.5581395348837209
21,65,270,0.3888888888888889
34,79,85,0.47058823529411764
52,155,160,0.5625
38,131,405,0.4567901234567901
40,131,455,0.45054945054945056
13,68,345,0.5652173913043478
7,112,460,0.5760869565217391
43,112,155,0.3870967741935484
41,55,175,0.5428571428571428
17,155,250,0.4
87,155,140,0.39285714285714285
101,155,225,0.4444444444444444
69,111,440,0.4772727272727273
2,32,625,0.512
32,138,215,0.4883720930232558
20,23,280,0.5
23,85,270,0.5740740740740741
23,104,425,0.5176470588235295
25,95,300,0.55
28,95,170,0.5588235294117647
4,136,175,0.6285714285714286
46,64,710,0.4647887323943662
10,111,265,0.39622641509433965
41,57,235,0.5319148936170213
37,135,620,0.5725806451612904
18,93,260,0.6346153846153846
18,110,270,0.5
3,114,240,0.5416666666666666
82,121,195,0.5128205128205128
31,60,1260,0.5436507936507936
32,82,140,0.5357142857142857
82,88,205,0.7073170731707317
50,131,85,0.4117647058823529
50,155,70,0.42857142857142855
90,155,95,0.2631578947368421
131,155,55,0.36363636363636365
36,81,440,0.5
68,81,280,0.48214285714285715
75,81,495,0.5454545454545454
58,70,125,0.48
58,84,330,0.4696969696969697
3,27,260,0.46153846153846156
3,88,105,0.6666666666666666
3,94,115,0.5652173913043478
56,114,390,0.47435897435897434
70,135,425,0.4
70,155,205,0.4146341463414634
135,155,50,0.5
34,37,330,0.5
34,64,350,0.42857142857142855
2,95,360,0.4722222222222222
80,95,35,1.0
22,89,320,0.5
30,89,450,0.5111111111111111
61,120,150,0.4666666666666667
31,111,190,0.47368421052631576
7,137,350,0.5142857142857142
26,137,985,0.4720812182741117
4,43,200,0.6
25,43,340,0.4264705882352941
17,96,450,0.4888888888888889
92,109,65,0.46153846153846156
92,110,95,0.5789473684210527
18,37,440,0.5227272727272727
44,100,490,0.46938775510204084
44,126,515,0.46601941747572817
2,49,420,0.4880952380952381
25,90,345,0.5507246376811594
15,50,315,0.47619047619047616
101,145,350,0.5857142857142857
91,105,345,0.463768115942029
91,128,70,0.42857142857142855
105,128,340,0.5294117647058824
64,65,350,0.4857142857142857
31,101,1040,0.49038461538461536
45,79,80,0.5
14,91,975,0.517948717948718
23,68,305,0.47540983606557374
23,69,225,0.4444444444444444
68,87,265,0.5283018867924528
87,138,525,0.5047619047619047
99,107,270,0.5185185185185185
25,81,480,0.40625
43,121,95,0.42105263157894735
105,120,725,0.47586206896551725
14,51,590,0.5508474576271186
9,107,170,0.5
12,80,160,0.5
1,87,870,0.5057471264367817
22,87,835,0.5568862275449101
29,87,1280,0.59375
53,119,265,0.37735849056603776
56,119,265,0.3584905660377358
58,97,155,0.5483870967741935
58,155,95,0.3684210526315789
97,155,195,0.5641025641025641
1,45,470,0.5638297872340425
1,155,325,0.47692307692307695
17,23,205,0.4634146341463415
17,45,290,0.41379310344827586
23,45,180,0.6111111111111112
45,105,290,0.5344827586206896
9,155,155,0.3548387096774194
20,155,165,0.5757575757575758
18,53,310,0.5161290322580645
6,45,480,0.46875
45,136,135,0.4074074074074074
38,136,390,0.4358974358974359
18,21,455,0.38461538461538464
18,79,110,0.36363636363636365
79,84,305,0.47540983606557374
123,131,160,0.4375
100,128,210,0.42857142857142855
10,31,695,0.4748201438848921
129,145,330,0.48484848484848486
108,129,85,0.4117647058823529
55,84,230,0.41304347826086957
1,66,90,0.5
39,66,55,0.45454545454545453
66,84,65,0.5384615384615384
42,78,120,0.5416666666666666
48,78,120,0.5416666666666666
78,83,50,0.5
108,114,515,0.4368932038834951
60,138,545,0.41284403669724773
62,100,185,0.6216216216216216
15,90,350,0.4714285714285714
46,90,380,0.5131578947368421
104,129,290,0.4827586206896552
34,51,105,0.42857142857142855
51,101,270,0.3888888888888889
51,129,185,0.4864864864864865
97,121,295,0.559322033898305
110,121,240,0.5416666666666666
10,114,275,0.4909090909090909
34,137,130,0.38461538461538464
71,91,680,0.5294117647058824
91,137,120,0.5416666666666666
45,114,305,0.45901639344262296
32,50,185,0.5945945945945946
37,38,985,0.5025380710659898
37,65,225,0.4
2,53,1190,0.48739495798319327
8,12,105,0.38095238095238093
8,119,560,0.5178571428571429
62,120,350,0.5285714285714286
1,77,65,0.46153846153846156
2,77,75,0.7333333333333333
74,77,175,0.34285714285714286
18,62,215,0.5813953488372093
18,113,180,0.6944444444444444
73,81,290,0.5172413793103449
4,83,110,0.4090909090909091
56,83,215,0.46511627906976744
22,145,470,0.5531914893617021
32,145,110,0.4090909090909091
11,77,110,0.5909090909090909
50,77,50,0.4
69,77,60,0.5
77,131,30,0.6666666666666666
31,131,320,0.5625
56,94,110,0.5454545454545454
37,137,415,0.5783132530120482
88,137,290,0.4827586206896552
1,112,510,0.47058823529411764
49,112,180,0.4722222222222222
45,47,390,0.47435897435897434
9,17,540,0.4166666666666667
13,75,500,0.49
13,129,435,0.3793103448275862
5,135,570,0.5614035087719298
54,59,1330,0.5150375939849624
5,80,235,0.6170212765957447
5,111,140,0.7142857142857143
32,111,130,0.38461538461538464
62,90,185,0.5405405405405406
57,89,70,0.42857142857142855
57,126,160,0.375
89,126,165,0.5757575757575758
9,113,185,0.4864864864864865
41,113,255,0.39215686274509803
30,77,185,0.4594594594594595
77,129,15,0.3333333333333333
76,136,155,0.3548387096774194
13,62,300,0.5166666666666667
62,97,350,0.5
12,100,425,0.5176470588235295
13,47,260,0.40384615384615385
47,100,555,0.5315315315315315
37,68,350,0.5714285714285714
38,57,210,0.5238095238095238
32,76,185,0.3783783783783784
12,51,160,0.53125
21,91,210,0.40476190476190477
21,80,170,0.4117647058823529
40,80,510,0.5294117647058824
107,109,110,0.5
109,135,180,0.5833333333333334
97,98,165,0.5151515151515151
97,113,285,0.49122807017543857
97,131,360,0.375
98,113,115,0.34782608695652173
98,131,100,0.45
113,131,165,0.5757575757575758
3,7,280,0.5
3,64,145,0.41379310344827586
3,138,160,0.4375
47,72,325,0.5230769230769231
32,107,170,0.47058823529411764
101,107,315,0.5555555555555556
45,76,235,0.44680851063829785
45,78,65,0.46153846153846156
78,94,65,0.46153846153846156
33,138,190,0.47368421052631576
63,92,125,0.52
82,84,445,0.6853932584269663
82,92,55,0.45454545454545453
6,54,375,0.41333333333333333
4,46,155,0.3870967741935484
4,110,285,0.5263157894736842
10,136,260,0.4807692307692308
93,108,1015,0.6157635467980296
64,98,285,0.43859649122807015
73,98,375,0.38666666666666666
37,96,540,0.4444444444444444
47,98,140,0.2857142857142857
106,128,345,0.6086956521739131
2,29,350,0.4857142857142857
43,102,155,0.5161290322580645
43,119,150,0.5333333333333333
102,119,115,0.4782608695652174
32,48,270,0.5555555555555556
1,131,425,0.43529411764705883
61,131,85,0.6470588235294118
44,106,515,0.4368932038834951
36,145,375,0.5466666666666666
9,119,245,0.4489795918367347
31,119,455,0.43956043956043955
16,98,115,0.391304347826087
98,128,140,0.39285714285714285
41,155,240,0.5208333333333334
119,155,115,0.4782608695652174
4,81,165,0.36363636363636365
34,81,180,0.4722222222222222
19,89,165,0.5151515151515151
85,119,245,0.3877551020408163
26,121,755,0.5695364238410596
101,121,350,0.45714285714285713
4,59,310,0.5967741935483871
59,79,160,0.5625
60,104,255,0.5294117647058824
53,70,465,0.3870967741935484
11,145,330,0.5
112,135,190,0.5526315789473685
112,145,145,0.6206896551724138
10,19,385,0.45454545454545453
10,128,300,0.55
84,136,500,0.48
11,79,435,0.5172413793103449
79,128,115,0.34782608695652173
79,135,140,0.42857142857142855
131,137,180,0.3888888888888889
137,138,210,0.47619047619047616
12,57,175,0.5142857142857142
57,76,130,0.5769230769230769
57,120,125,0.52
76,120,135,0.5185185185185185
21,88,710,0.5563380281690141
32,81,180,0.3611111111111111
8,113,360,0.5138888888888888
28,109,260,0.5961538461538461
48,120,590,0.576271186440678
82,120,175,0.7142857142857143
60,99,100,0.7
46,100,495,0.43434343434343436
70,114,245,0.4897959183673469
65,72,95,0.5789473684210527
7,58,225,0.4888888888888889
89,136,80,0.5
88,128,240,0.5833333333333334
20,94,375,0.6
18,99,350,0.5
10,91,180,0.5
91,99,365,0.5205479452054794
6,137,485,0.4742268041237113
114,137,310,0.43548387096774194
105,131,205,0.5121951219512195
25,72,475,0.4105263157894737
87,120,470,0.574468085106383
28,38,415,0.5301204819277109
10,137,260,0.5
8,18,140,0.5357142857142857
30,51,375,0.5333333333333333
51,75,210,0.42857142857142855
2,28,315,0.5873015873015873
3,44,185,0.40540540540540543
3,91,50,0.7
44,91,260,0.36538461538461536
98,138,170,0.4411764705882353
5,137,395,0.5569620253164557
42,137,420,0.6666666666666666
85,137,250,0.64
108,113,150,0.6
89,119,95,0.47368421052631576
10,42,585,0.47863247863247865
19,83,170,0.5588235294117647
83,136,90,0.4444444444444444
31,135,665,0.6240601503759399
21,111,265,0.5094339622641509
1,79,300,0.38333333333333336
62,79,95,0.3684210526315789
95,136,70,0.5
4,114,280,0.48214285714285715
47,82,240,0.5625
13,15,325,0.4461538461538462
53,112,255,0.29411764705882354
85,112,265,0.4716981132075472
14,78,330,0.5303030303030303
30,78,190,0.5789473684210527
78,113,60,0.9166666666666666
61,112,125,0.64
63,83,355,0.49295774647887325
83,123,190,0.631578947368421
10,27,1040,0.44711538461538464
25,58,225,0.4666666666666667
27,58,280,0.39285714285714285
46,58,140,0.4642857142857143
46,94,105,0.6190476190476191
58,94,120,0.5833333333333334
11,78,195,0.48717948717948717
19,78,110,0.4090909090909091
91,95,60,0.5833333333333334
2,33,315,0.49206349206349204
21,28,1090,0.47706422018348627
28,33,160,0.625
1,126,750,0.46
57,80,70,0.42857142857142855
80,109,65,0.7692307692307693
43,44,375,0.38666666666666666
20,91,140,0.4642857142857143
91,106,265,0.5849056603773585
62,138,335,0.47761194029850745
63,138,360,0.5
59,82,180,0.4166666666666667
82,109,135,0.6666666666666666
100,109,230,0.5
64,92,145,0.5862068965517241
92,120,95,0.6842105263157895
83,108,180,0.4722222222222222
50,91,105,0.2857142857142857
72,91,275,0.4727272727272727
73,136,395,0.569620253164557
17,47,445,0.4606741573033708
1,6,295,0.423728813559322
15,108,265,0.4339622641509434
15,137,110,0.6363636363636364
22,137,495,0.5656565656565656
108,137,65,0.6153846153846154
33,73,335,0.47761194029850745
33,87,95,0.631578947368421
33,108,65,0.6153846153846154
46,87,450,0.5222222222222223
46,108,225,0.5333333333333333
82,99,220,0.6136363636363636
29,72,610,0.5163934426229508
19,81,160,0.34375
100,135,320,0.625
56,89,145,0.6896551724137931
26,51,475,0.49473684210526314
51,69,345,0.4782608695652174
17,92,85,0.29411764705882354
28,99,175,0.4857142857142857
9,65,180,0.5
9,100,270,0.3888888888888889
65,106,270,0.5
38,99,455,0.45054945054945056
46,76,280,0.4642857142857143
73,120,920,0.5869565217391305
35,91,590,0.4067796610169492
51,91,65,0.5384615384615384
44,95,75,0.4
44,128,425,0.4470588235294118
8,107,435,0.5057471264367817
40,79,330,0.5
79,97,230,0.43478260869565216
21,94,505,0.45544554455445546
47,56,450,0.3888888888888889
18,73,265,0.5094339622641509
18,81,150,0.5
4,138,155,0.41935483870967744
53,83,180,0.6111111111111112
83,138,225,0.5111111111111111
14,103,195,0.5897435897435898
35,103,145,0.4827586206896552
64,103,55,0.5454545454545454
65,96,100,0.4
96,128,195,0.3333333333333333
47,126,360,0.6111111111111112
77,96,10,0.0
76,91,130,0.6153846153846154
81,91,125,0.48
90,102,140,0.6071428571428571
19,45,265,0.5660377358490566
19,74,1235,0.4048582995951417
19,113,225,0.4444444444444444
74,113,480,0.5208333333333334
89,95,30,0.8333333333333334
89,129,145,0.41379310344827586
75,109,215,0.5581395348837209
109,129,315,0.3968253968253968
15,126,480,0.5
72,104,645,0.35658914728682173
100,123,355,0.5492957746478874
10,107,180,0.5833333333333334
53,107,245,0.5306122448979592
53,120,455,0.46153846153846156
34,74,440,0.36363636363636365
34,109,135,0.3333333333333333
34,111,135,0.37037037037037035
42,109,270,0.5740740740740741
81,113,155,0.4838709677419355
81,123,260,0.6153846153846154
25,34,245,0.4489795918367347
70,111,280,0.6428571428571429
28,111,265,0.5283018867924528
23,42,390,0.48717948717948717
23,65,150,0.4666666666666667
25,112,515,0.5242718446601942
68,112,170,0.47058823529411764
38,77,80,0.4375
77,82,45,0.7777777777777778
77,107,35,0.8571428571428571
77,112,55,0.6363636363636364
82,107,145,0.7931034482758621
82,112,180,0.5833333333333334
21,89,200,0.35
69,89,175,0.5428571428571428
89,110,150,0.4
48,107,215,0.3953488372093023
84,107,360,0.5694444444444444
64,109,285,0.5087719298245614
82,87,325,0.5384615384615384
84,109,470,0.5212765957446809
17,107,225,0.4222222222222222
20,81,265,0.32075471698113206
81,107,70,0.35714285714285715
96,98,15,0.3333333333333333
4,49,215,0.5116279069767442
15,59,415,0.5783132530120482
18,48,110,0.4090909090909091
18,52,195,0.38461538461538464
57,62,135,0.5185185185185185
114,121,405,0.5802469135802469
94,96,270,0.5555555555555556
94,126,370,0.4864864864864865
94,136,160,0.5
96,136,140,0.6785714285714286
32,33,80,0.625
32,102,145,0.5862068965517241
33,38,215,0.4883720930232558
33,52,90,0.5
33,102,60,0.75
17,44,630,0.4444444444444444
37,110,435,0.5057471264367817
70,96,360,0.4166666666666667
20,90,240,0.5625
7,121,390,0.5769230769230769
23,94,175,0.5142857142857142
32,106,260,0.5769230769230769
96,100,250,0.44
53,92,80,0.3125
6,43,485,0.4020618556701031
43,65,110,0.5454545454545454
65,102,75,0.5333333333333333
46,107,270,0.5185185185185185
10,145,145,0.6206896551724138
6,51,435,0.45977011494252873
5,131,180,0.5833333333333334
41,131,325,0.4307692307692308
76,131,175,0.4857142857142857
58,59,155,0.5483870967741935
58,65,45,0.2222222222222222
58,104,335,0.582089552238806
67,72,170,0.5
85,155,140,0.42857142857142855
98,155,50,0.3
9,38,685,0.45985401459854014
38,95,150,0.7
95,108,125,0.48
67,137,470,0.574468085106383
79,100,135,0.5185185185185185
17,103,55,0.7272727272727273
60,103,40,0.625
60,145,275,0.509090909090909
73,103,95,0.631578947368421
70,138,130,0.5769230769230769
28,91,265,0.49056603773584906
42,91,595,0.5210084033613446
48,102,240,0.5625
4,7,560,0.5089285714285714
27,112,360,0.5277777777777778
52,94,255,0.49019607843137253
94,128,165,0.5151515151515151
75,87,530,0.4811320754716981
56,76,225,0.26666666666666666
41,126,635,0.5590551181102362
13,99,440,0.5
63,137,390,0.47435897435897434
29,108,125,0.44
9,55,105,0.5238095238095238
9,61,165,0.5454545454545454
102,131,65,0.23076923076923078
42,138,735,0.4965986394557823
51,64,180,0.5555555555555556
51,81,55,0.6363636363636364
31,53,685,0.49635036496350365
45,128,145,0.4827586206896552
16,76,230,0.5434782608695652
29,90,680,0.5294117647058824
12,62,425,0.5411764705882353
11,94,410,0.43902439024390244
32,94,165,0.6666666666666666
35,92,175,0.4857142857142857
44,92,180,0.3611111111111111
62,65,120,0.7916666666666666
6,90,410,0.43902439024390244
1,56,330,0.42424242424242425
43,56,240,0.5416666666666666
43,131,115,0.391304347826087
109,113,185,0.4594594594594595
109,120,225,0.3333333333333333
113,120,125,0.56
9,57,180,0.6111111111111112
3,68,80,0.375
3,109,125,0.44
68,109,200,0.325
73,155,250,0.52
26,77,200,0.55
39,77,105,0.19047619047619047
70,77,40,0.5
77,155,35,0.42857142857142855
39,51,525,0.4857142857142857
28,107,325,0.5538461538461539
107,128,130,0.46153846153846156
41,108,530,0.5094339622641509
61,97,320,0.546875
31,90,505,0.504950495049505
45,137,95,0.6842105263157895
20,76,400,0.4625
17,51,220,0.38636363636363635
51,114,325,0.47692307692307695
12,61,320,0.546875
45,59,225,0.5333333333333333
6,72,160,0.34375
39,76,260,0.5
72,76,205,0.34146341463414637
6,70,155,0.41935483870967744
1,70,230,0.3695652173913043
32,41,245,0.5306122448979592
45,83,55,0.36363636363636365
13,90,155,0.5806451612903226
10,51,180,0.5555555555555556
28,120,420,0.5238095238095238
36,89,400,0.6125
83,89,85,0.29411764705882354
4,32,195,0.5897435897435898
67,79,265,0.5849056603773585
76,79,125,0.56
10,85,460,0.5108695652173914
44,83,210,0.38095238095238093
63,91,290,0.5
91,97,300,0.5333333333333333
34,113,55,0.5454545454545454
34,126,90,0.5555555555555556
113,126,65,0.6153846153846154
15,66,50,0.4
47,66,65,0.6923076923076923
66,105,60,0.6666666666666666
11,66,90,0.6666666666666666
66,104,85,0.47058823529411764
66,111,15,0.3333333333333333
16,119,365,0.4246575342465753
83,91,75,0.4666666666666667
22,109,395,0.4430379746835443
38,120,455,0.5384615384615384
8,56,390,0.358974358974359
56,68,375,0.4266666666666667
47,96,355,0.5352112676056338
96,131,160,0.40625
128,131,120,0.5
56,70,260,0.4423076923076923
70,137,280,0.4642857142857143
87,137,240,0.5416666666666666
56,62,300,0.5
56,80,95,0.6842105263157895
80,102,90,0.5
80,112,145,0.5517241379310345
102,112,85,0.4117647058823529
50,89,105,0.6666666666666666
89,123,255,0.6078431372549019
91,121,100,0.4
5,77,85,0.8235294117647058
77,95,15,0.6666666666666666
8,94,205,0.5365853658536586
16,94,415,0.5662650602409639
41,145,195,0.5897435897435898
69,155,220,0.5
105,155,265,0.4716981132075472
4,91,190,0.5789473684210527
50,137,190,0.47368421052631576
62,137,205,0.5365853658536586
17,46,410,0.4146341463414634
17,57,195,0.4358974358974359
52,85,395,0.5443037974683544
19,105,825,0.5151515151515151
58,74,275,0.5636363636363636
2,137,185,0.4594594594594595
51,135,150,0.6333333333333333
114,135,515,0.47572815533980584
52,57,150,0.5333333333333333
57,90,110,0.5909090909090909
3,47,160,0.5625
3,135,95,0.3684210526315789
3,83,50,0.5
38,90,515,0.49514563106796117
90,136,205,0.5121951219512195
34,55,70,0.21428571428571427
55,96,20,0.25
55,109,45,0.2222222222222222
96,109,115,0.43478260869565216
90,97,450,0.6
7,60,685,0.583941605839416
101,137,370,0.43243243243243246
22,92,180,0.6944444444444444
12,73,525,0.580952380952381
4,41,250,0.46
16,103,40,0.5
25,103,120,0.375
97,103,60,0.5833333333333334
36,108,595,0.4789915966386555
108,123,430,0.46511627906976744
85,94,465,0.6021505376344086
60,98,40,0.625
113,138,195,0.5128205128205128
61,67,275,0.509090909090909
61,87,180,0.5
10,69,620,0.3951612903225806
80,96,115,0.43478260869565216
20,50,180,0.4444444444444444
51,128,100,0.3
17,119,400,0.4125
12,44,110,0.4090909090909091
3,59,205,0.3902439024390244
3,80,60,0.4166666666666667
59,80,130,0.5769230769230769
81,137,90,0.5555555555555556
81,138,185,0.5405405405405406
19,114,775,0.3741935483870968
48,136,330,0.6212121212121212
68,136,235,0.5106382978723404
33,112,55,0.45454545454545453
34,65,145,0.4482758620689655
35,65,565,0.4690265486725664
18,91,190,0.6578947368421053
40,91,400,0.5
91,112,105,0.5238095238095238
91,120,280,0.5714285714285714
52,92,80,0.4375
3,37,115,0.43478260869565216
3,93,445,0.5842696629213483
3,120,190,0.5526315789473685
47,77,80,0.3125
53,77,80,0.25
77,126,25,0.4
34,39,270,0.35185185185185186
4,77,30,0.16666666666666666
68,77,50,0.2
68,80,140,0.4642857142857143
77,80,25,0.6
77,101,75,0.5333333333333333
53,61,280,0.4107142857142857
47,90,300,0.48333333333333334
8,70,115,0.34782608695652173
21,119,425,0.43529411764705883
57,60,100,0.55
95,113,110,0.6363636363636364
87,107,190,0.47368421052631576
107,155,90,0.5555555555555556
30,81,740,0.43243243243243246
65,81,90,0.5555555555555556
81,111,75,0.26666666666666666
61,109,175,0.4857142857142857
79,99,230,0.41304347826086957
34,131,140,0.42857142857142855
13,87,455,0.43956043956043955
13,98,145,0.4827586206896552
87,145,265,0.5849056603773585
98,145,160,0.25
102,109,55,0.5454545454545454
4,18,135,0.5925925925925926
18,61,135,0.4074074074074074
51,107,45,0.5555555555555556
51,109,90,0.3888888888888889
42,60,750,0.5066666666666667
7,51,205,0.5853658536585366
25,51,380,0.5
67,135,510,0.5588235294117647
105,135,560,0.5535714285714286
23,52,130,0.6153846153846154
23,66,50,0.7
52,66,35,0.2857142857142857
76,102,140,0.4642857142857143
89,102,70,0.42857142857142855
56,91,210,0.30952380952380953
25,66,105,0.7142857142857143
25,89,320,0.484375
37,66,45,0.7777777777777778
66,89,20,0.5
46,62,425,0.49411764705882355
18,55,90,0.3888888888888889
55,120,70,0.5714285714285714
34,82,45,0.2222222222222222
56,82,170,0.5294117647058824
57,68,175,0.45714285714285713
56,135,340,0.5
16,57,190,0.6578947368421053
16,58,150,0.5333333333333333
57,58,45,0.4444444444444444
3,42,400,0.6125
3,90,90,0.5
28,96,85,0.4117647058823529
110,135,440,0.6136363636363636
23,121,150,0.5333333333333333
6,44,330,0.42424242424242425
54,95,105,0.5714285714285714
76,95,115,0.43478260869565216
3,38,225,0.4222222222222222
3,101,265,0.5094339622641509
19,38,585,0.41025641025641024
16,91,245,0.40816326530612246
32,91,115,0.391304347826087
32,136,205,0.4634146341463415
16,83,190,0.47368421052631576
59,107,170,0.4117647058823529
38,138,405,0.5432098765432098
51,96,125,0.48
8,48,235,0.3829787234042553
49,123,520,0.4423076923076923
110,123,470,0.5212765957446809
37,155,245,0.4489795918367347
37,92,110,0.6818181818181818
92,114,85,0.7647058823529411
83,114,230,0.4782608695652174
97,136,385,0.4935064935064935
45,100,175,0.6285714285714286
52,109,135,0.4444444444444444
52,119,190,0.47368421052631576
69,109,310,0.43548387096774194
109,119,140,0.35714285714285715
16,51,270,0.46296296296296297
13,126,70,0.5714285714285714
16,106,435,0.5287356321839081
20,32,325,0.5538461538461539
29,81,205,0.5121951219512195
29,43,420,0.5119047619047619
7,65,345,0.5362318840579711
6,138,275,0.41818181818181815
45,49,300,0.5833333333333334
75,121,235,0.48936170212765956
21,58,220,0.4318181818181818
30,58,260,0.5
52,58,100,0.3
3,29,395,0.5569620253164557
64,112,255,0.45098039215686275
100,108,335,0.4925373134328358
51,77,35,0.42857142857142855
77,84,100,0.4
77,104,75,0.5333333333333333
90,91,170,0.38235294117647056
61,69,395,0.4936708860759494
19,126,485,0.4845360824742268
68,126,505,0.5544554455445545
28,57,150,0.4666666666666667
56,79,155,0.4838709677419355
56,81,235,0.3829787234042553
79,81,100,0.6
19,137,205,0.4146341463414634
33,137,60,0.5
13,128,265,0.39622641509433965
95,119,105,0.6666666666666666
95,145,25,1.0
44,137,365,0.5205479452054794
102,137,115,0.6086956521739131
76,100,390,0.47435897435897434
100,112,195,0.5897435897435898
85,91,250,0.54
32,44,330,0.36363636363636365
32,47,430,0.45348837209302323
109,155,70,0.5
39,58,330,0.5606060606060606
58,106,160,0.625
12,78,130,0.5769230769230769
33,51,55,0.45454545454545453
33,78,35,0.0
51,78,45,0.4444444444444444
49,91,170,0.6176470588235294
49,109,90,0.5555555555555556
70,109,40,0.375
91,109,115,0.5217391304347826
50,79,80,0.5625
53,79,155,0.6451612903225806
78,82,70,0.7142857142857143
87,103,35,0.2857142857142857
10,45,200,0.575
33,65,65,0.5384615384615384
32,109,70,0.5
19,92,125,0.52
89,92,35,0.42857142857142855
37,87,360,0.5
34,119,130,0.38461538461538464
23,38,255,0.5490196078431373
23,50,130,0.5769230769230769
18,54,130,0.38461538461538464
44,72,210,0.23809523809523808
59,113,155,0.45161290322580644
107,113,110,0.4090909090909091
1,98,335,0.40298507462686567
120,126,315,0.36507936507936506
120,138,370,0.5540540540540541
12,70,95,0.3157894736842105
46,92,110,0.5909090909090909
92,112,85,0.6470588235294118
81,84,635,0.4881889763779528
33,74,495,0.47474747474747475
36,90,530,0.6320754716981132
44,98,245,0.42857142857142855
13,119,240,0.375
49,119,250,0.34
13,38,455,0.43956043956043955
45,60,260,0.4807692307692308
13,82,85,0.29411764705882354
70,93,230,0.5652173913043478
46,72,160,0.4375
46,98,270,0.5
65,97,275,0.5272727272727272
64,76,525,0.49523809523809526
80,92,85,0.6470588235294118
9,82,260,0.5384615384615384
82,108,170,0.5
80,137,110,0.36363636363636365
106,137,285,0.45614035087719296
18,58,80,0.5
58,64,165,0.45454545454545453
45,109,155,0.5161290322580645
23,61,100,0.55
6,79,325,0.5384615384615384
43,79,90,0.5
107,119,90,0.5555555555555556
44,155,235,0.40425531914893614
98,121,95,0.3157894736842105
49,51,165,0.48484848484848486
89,97,220,0.5681818181818182
89,120,135,0.5185185185185185
55,69,80,0.625
55,114,145,0.41379310344827586
2,78,70,0.35714285714285715
35,77,140,0.4642857142857143
75,77,85,0.29411764705882354
76,77,45,0.4444444444444444
19,100,460,0.42391304347826086
48,90,435,0.5287356321839081
79,88,165,0.42424242424242425
49,155,145,0.3793103448275862
57,82,130,0.5384615384615384
10,155,115,0.2608695652173913
121,155,100,0.45
50,76,150,0.4666666666666667
21,78,130,0.5384615384615384
78,120,120,0.5416666666666666
3,20,120,0.5416666666666666
20,65,175,0.4857142857142857
65,138,185,0.6216216216216216
44,46,220,0.45454545454545453
51,72,145,0.5517241379310345
51,85,165,0.5454545454545454
51,87,135,0.48148148148148145
72,82,130,0.5769230769230769
72,85,320,0.453125
39,80,190,0.5789473684210527
13,65,145,0.4827586206896552
65,90,170,0.5882352941176471
65,123,305,0.47540983606557374
45,89,75,0.5333333333333333
46,89,105,0.47619047619047616
4,58,110,0.5909090909090909
10,15,250,0.54
51,99,175,0.5428571428571428
82,83,110,0.45454545454545453
82,135,200,0.675
2,66,125,0.6
2,109,400,0.55
26,66,95,0.5263157894736842
66,71,140,0.5714285714285714
66,109,40,0.5
23,106,210,0.47619047619047616
121,136,170,0.5
13,114,400,0.3375
68,79,105,0.42857142857142855
100,111,150,0.4666666666666667
12,55,130,0.5769230769230769
55,86,290,0.6206896551724138
61,135,195,0.4358974358974359
64,135,705,0.48226950354609927
13,45,170,0.38235294117647056
13,95,105,0.5238095238095238
45,88,245,0.5714285714285714
45,95,80,0.4375
13,78,70,0.5
78,123,170,0.47058823529411764
94,114,240,0.4166666666666667
98,114,315,0.2698412698412698
98,119,100,0.4
98,136,115,0.30434782608695654
119,136,195,0.41025641025641024
85,109,200,0.375
112,119,105,0.5238095238095238
3,13,130,0.5
58,105,145,0.41379310344827586
22,76,580,0.4482758620689655
41,94,140,0.5357142857142857
135,138,280,0.5714285714285714
43,85,290,0.43103448275862066
56,155,195,0.5128205128205128
83,90,135,0.7777777777777778
10,100,400,0.4375
62,155,100,0.55
12,28,525,0.5047619047619047
113,129,300,0.48333333333333334
97,135,330,0.5
5,92,150,0.5333333333333333
92,96,70,0.6428571428571429
16,33,235,0.46808510638297873
33,62,120,0.375
56,92,120,0.625
20,109,200,0.525
4,8,295,0.6271186440677966
48,112,345,0.5217391304347826
110,112,245,0.5102040816326531
3,99,230,0.6086956521739131
3,128,105,0.5714285714285714
99,128,405,0.5185185185185185
49,54,760,0.47368421052631576
4,107,135,0.4074074074074074
13,91,190,0.2631578947368421
6,34,505,0.37623762376237624
34,36,330,0.3939393939393939
94,106,345,0.4782608695652174
15,34,270,0.42592592592592593
16,65,180,0.6944444444444444
51,65,105,0.6190476190476191
65,109,140,0.6071428571428571
92,113,85,0.47058823529411764
10,48,50,0.5
23,155,80,0.4375
67,82,295,0.5932203389830508
82,155,140,0.5
28,43,275,0.43636363636363634
10,72,105,0.2857142857142857
38,72,240,0.4375
72,90,125,0.4
15,53,535,0.45794392523364486
3,46,180,0.4444444444444444
3,75,175,0.6
96,104,165,0.5151515151515151
13,84,775,0.5096774193548387
13,102,180,0.4166666666666667
3,30,300,0.65
3,81,55,0.7272727272727273
80,81,75,0.4666666666666667
6,58,270,0.5185185185185185
70,128,295,0.3389830508474576
6,49,600,0.525
49,102,155,0.5161290322580645
10,65,190,0.5526315789473685
1,32,375,0.49333333333333335
3,5,130,0.5384615384615384
78,138,90,0.5
6,48,200,0.4
108,120,235,0.44680851063829785
34,61,85,0.23529411764705882
94,135,155,0.5161290322580645
47,138,505,0.5247524752475248
6,77,95,0.3684210526315789
71,77,175,0.34285714285714286
41,82,295,0.6440677966101694
83,107,60,0.4166666666666667
82,96,135,0.7407407407407407
13,59,100,0.5
58,102,55,0.6363636363636364
1,78,170,0.5588235294117647
50,78,85,0.6470588235294118
78,101,155,0.45161290322580644
78,106,85,0.5294117647058824
49,113,190,0.34210526315789475
59,89,210,0.6428571428571429
136,138,225,0.5555555555555556
28,138,555,0.5585585585585585
41,109,50,0.8
109,138,50,0.3
48,109,40,0.375
8,44,230,0.30434782608695654
68,95,190,0.6842105263157895
81,104,230,0.5217391304347826
20,53,450,0.4777777777777778
3,108,145,0.4827586206896552
102,108,100,0.35
33,129,190,0.42105263157894735
90,100,245,0.46938775510204084
60,91,310,0.4838709677419355
28,46,565,0.5132743362831859
65,76,120,0.5416666666666666
9,92,80,0.4375
90,92,80,0.625
15,83,250,0.52
23,120,135,0.5555555555555556
79,90,95,0.5263157894736842
79,129,265,0.4339622641509434
38,83,235,0.46808510638297873
4,155,130,0.46153846153846156
35,78,220,0.5227272727272727
58,96,90,0.3888888888888889
58,138,130,0.5
3,106,210,0.7380952380952381
17,59,205,0.3902439024390244
21,59,670,0.4253731343283582
31,45,350,0.5571428571428572
38,113,365,0.589041095890411
52,97,390,0.5512820512820513
59,96,310,0.3870967741935484
73,109,190,0.42105263157894735
10,103,70,0.35714285714285715
22,103,130,0.5769230769230769
51,120,195,0.41025641025641024
52,100,310,0.46774193548387094
100,102,190,0.6052631578947368
49,120,240,0.5
29,89,290,0.5172413793103449
102,138,200,0.575
18,136,205,0.6097560975609756
23,30,655,0.4198473282442748
23,73,400,0.4375
4,89,70,0.6428571428571429
8,89,60,0.5833333333333334
15,32,350,0.5571428571428572
32,89,40,0.625
121,128,165,0.48484848484848486
64,91,185,0.3783783783783784
73,137,535,0.5420560747663551
55,91,60,0.4166666666666667
55,138,75,0.6666666666666666
8,10,130,0.2692307692307692
21,109,250,0.36
20,58,130,0.46153846153846156
59,108,270,0.5740740740740741
82,102,125,0.52
13,111,205,0.5853658536585366
4,45,195,0.46153846153846156
34,52,45,0.1111111111111111
43,155,95,0.5263157894736842
41,65,225,0.4222222222222222
47,50,335,0.44776119402985076
44,68,660,0.4015151515151515
32,72,180,0.5555555555555556
121,135,260,0.5384615384615384
74,103,160,0.4375
85,103,60,0.6666666666666666
67,138,280,0.6607142857142857
22,107,435,0.5287356321839081
37,107,290,0.5689655172413793
12,89,45,0.4444444444444444
12,102,235,0.46808510638297873
108,128,285,0.42105263157894735
69,108,240,0.375
23,76,195,0.5128205128205128
108,109,115,0.4782608695652174
44,77,50,0.3
9,89,110,0.4090909090909091
33,44,270,0.46296296296296297
33,48,280,0.44642857142857145
44,48,130,0.38461538461538464
13,33,145,0.3793103448275862
13,57,160,0.5
33,57,55,0.7272727272727273
52,113,35,0.42857142857142855
48,70,130,0.5
61,128,185,0.4594594594594595
129,135,140,0.6071428571428571
20,121,165,0.48484848484848486
88,121,180,0.5555555555555556
21,66,75,0.4
66,81,30,0.3333333333333333
5,82,400,0.5875
110,131,205,0.4146341463414634
33,96,135,0.48148148148148145
37,77,110,0.45454545454545453
73,77,70,0.5
119,121,125,0.56
43,49,170,0.38235294117647056
43,91,130,0.46153846153846156
75,91,175,0.34285714285714286
3,103,40,0.25
81,103,30,0.5
10,75,550,0.35454545454545455
59,120,265,0.4528301886792453
16,43,230,0.5869565217391305
58,121,70,0.5714285714285714
43,74,425,0.36470588235294116
43,95,100,0.5
4,23,175,0.5428571428571428
95,137,70,0.35714285714285715
36,58,325,0.46153846153846156
58,83,15,0.6666666666666666
58,131,65,0.5384615384615384
83,131,65,0.6153846153846154
79,112,110,0.5909090909090909
72,131,100,0.45
38,128,430,0.38372093023255816
3,40,325,0.47692307692307695
3,84,290,0.5344827586206896
13,137,215,0.5813953488372093
61,81,145,0.3793103448275862
81,99,140,0.4642857142857143
48,65,275,0.5454545454545454
45,92,40,0.625
45,99,345,0.463768115942029
92,102,55,0.6363636363636364
28,60,165,0.48484848484848486
2,3,450,0.5666666666666667
34,45,135,0.48148148148148145
6,41,285,0.40350877192982454
49,131,200,0.3
58,107,90,0.5555555555555556
9,131,180,0.6111111111111112
23,82,110,0.4090909090909091
81,100,200,0.5
80,94,85,0.35294117647058826
65,82,90,0.6666666666666666
111,119,115,0.4782608695652174
88,107,150,0.3333333333333333
25,145,400,0.475
21,51,235,0.425531914893617
51,76,145,0.4482758620689655
65,105,295,0.6101694915254238
20,57,140,0.5
20,33,100,0.55
83,96,150,0.6
1,54,520,0.46153846153846156
5,107,360,0.4861111111111111
67,91,205,0.5853658536585366
67,83,230,0.5
23,97,225,0.6444444444444445
23,128,200,0.4
52,103,30,0.6666666666666666
92,103,30,0.5
103,123,90,0.4444444444444444
65,107,85,0.6470588235294118
65,119,135,0.3333333333333333
12,32,230,0.6521739130434783
49,65,175,0.42857142857142855
23,88,195,0.6153846153846154
23,44,335,0.582089552238806
37,109,275,0.4
12,58,170,0.6176470588235294
58,123,180,0.5
43,83,90,0.3333333333333333
43,82,115,0.43478260869565216
45,145,215,0.5116279069767442
82,145,105,0.42857142857142855
19,65,260,0.4230769230769231
65,89,75,0.4
1,12,135,0.4444444444444444
52,62,265,0.4339622641509434
20,89,155,0.45161290322580644
72,89,50,0.3
15,55,65,0.46153846153846156
55,97,100,0.5
69,72,480,0.4479166666666667
48,79,270,0.3148148148148148
79,108,165,0.3939393939393939
20,137,175,0.6
68,98,155,0.6774193548387096
98,137,40,0.625
29,60,205,0.6097560975609756
80,120,120,0.625
80,135,130,0.6153846153846154
41,72,175,0.42857142857142855
39,65,365,0.5342465753424658
36,51,420,0.5476190476190477
58,69,260,0.4807692307692308
58,76,95,0.2631578947368421
57,87,190,0.47368421052631576
61,94,100,0.5
53,131,165,0.42424242424242425
13,23,105,0.38095238095238093
5,89,285,0.3684210526315789
61,89,160,0.5
22,94,865,0.5144508670520231
131,135,180,0.4444444444444444
15,102,215,0.5116279069767442
94,121,175,0.5428571428571428
99,120,385,0.5194805194805194
65,131,110,0.36363636363636365
102,129,240,0.5208333333333334
33,91,95,0.47368421052631576
23,48,315,0.5238095238095238
23,102,100,0.5
37,102,215,0.627906976744186
72,136,125,0.4
55,71,350,0.5571428571428572
55,111,40,0.375
52,80,80,0.4375
51,90,145,0.5172413793103449
9,103,60,0.6666666666666666
34,103,70,0.7142857142857143
89,103,20,0.5
89,108,150,0.43333333333333335
103,108,25,0.6
9,91,115,0.43478260869565216
55,57,55,0.36363636363636365
3,16,180,0.5
52,95,100,0.4
33,113,65,0.6153846153846154
16,81,160,0.65625
44,81,300,0.48333333333333334
81,112,145,0.5172413793103449
7,62,395,0.5189873417721519
120,121,270,0.48148148148148145
46,126,380,0.5
8,66,50,0.6
38,66,80,0.5
66,88,40,0.25
66,99,65,0.46153846153846156
25,55,180,0.4444444444444444
42,55,175,0.6
55,101,165,0.48484848484848486
68,102,170,0.47058823529411764
135,137,65,0.46153846153846156
29,92,110,0.5
68,92,45,0.2222222222222222
37,58,160,0.5
58,114,170,0.5
58,129,190,0.39473684210526316
85,89,230,0.6521739130434783
89,112,85,0.7647058823529411
27,55,280,0.5892857142857143
55,95,40,0.75
55,105,130,0.38461538461538464
95,105,255,0.6078431372549019
62,109,135,0.48148148148148145
59,81,220,0.5
13,138,260,0.5
92,135,75,0.6
65,98,65,0.38461538461538464
101,103,70,0.42857142857142855
103,105,100,0.45
57,69,230,0.5217391304347826
57,105,240,0.6458333333333334
19,109,235,0.3191489361702128
9,121,135,0.6296296296296297
92,126,60,0.5833333333333334
93,109,160,0.40625
49,128,250,0.52
51,136,95,0.631578947368421
106,109,215,0.4418604651162791
43,109,100,0.65
98,112,110,0.5454545454545454
18,43,170,0.38235294117647056
82,90,185,0.7027027027027027
109,121,160,0.59375
66,79,25,0.2
65,108,85,0.5882352941176471
63,107,405,0.4444444444444444
43,58,105,0.47619047619047616
3,89,25,0.8
111,131,95,0.5789473684210527
8,114,455,0.5164835164835165
78,100,80,0.625
48,72,110,0.3181818181818182
72,83,105,0.42857142857142855
58,81,100,0.4
3,96,135,0.37037037037037035
15,60,275,0.5272727272727272
131,145,110,0.5909090909090909
33,34,140,0.42857142857142855
33,99,170,0.5882352941176471
83,101,245,0.5510204081632653
63,77,95,0.42105263157894735
77,108,15,0.6666666666666666
78,108,25,0.4
90,113,165,0.5454545454545454
112,113,220,0.4772727272727273
82,106,110,0.5454545454545454
92,106,85,0.5882352941176471
76,107,145,0.41379310344827586
15,43,275,0.43636363636363634
16,155,155,0.4838709677419355
15,113,210,0.5
17,56,355,0.4788732394366197
102,135,125,0.52
41,44,165,0.42424242424242425
56,138,140,0.5
49,56,290,0.5
87,111,100,0.35
34,49,215,0.3953488372093023
41,48,145,0.3793103448275862
43,55,65,0.3076923076923077
55,112,75,0.5333333333333333
3,61,100,0.5
2,51,320,0.609375
10,12,50,0.5
43,81,125,0.6
61,66,40,0.375
66,138,75,0.5333333333333333
81,121,160,0.59375
20,119,225,0.4666666666666667
96,119,255,0.4117647058823529
23,34,85,0.29411764705882354
32,34,100,0.5
95,107,75,0.4666666666666667
56,72,160,0.34375
4,65,135,0.3333333333333333
19,55,95,0.47368421052631576
20,55,125,0.52
55,76,60,0.75
55,104,100,0.6
4,47,375,0.52
44,56,325,0.4307692307692308
16,108,200,0.55
4,94,115,0.34782608695652173
23,72,120,0.5416666666666666
72,111,115,0.6956521739130435
19,91,290,0.4482758620689655
89,138,50,0.5
65,79,90,0.3888888888888889
79,89,80,0.375
51,83,25,0.8
83,109,70,0.5
21,72,285,0.38596491228070173
120,137,215,0.4186046511627907
22,66,120,0.5833333333333334
23,33,65,0.5384615384615384
33,61,105,0.2857142857142857
33,66,20,0.75
45,68,155,0.5483870967741935
111,128,130,0.7307692307692307
5,91,175,0.42857142857142855
80,91,65,0.7692307692307693
3,119,80,0.375
32,121,155,0.5483870967741935
121,138,240,0.3541666666666667
33,55,55,0.5454545454545454
55,137,45,0.4444444444444444
44,78,115,0.4782608695652174
40,103,135,0.4444444444444444
47,103,90,0.5
103,126,35,0.2857142857142857
65,99,205,0.5853658536585366
55,60,70,0.42857142857142855
95,155,60,0.5833333333333334
61,126,75,0.3333333333333333
76,114,335,0.43283582089552236
76,155,115,0.43478260869565216
4,106,260,0.46153846153846156
4,131,150,0.4
106,131,270,0.42592592592592593
92,119,45,0.6666666666666666
128,155,120,0.375
46,91,260,0.40384615384615385
31,78,210,0.5238095238095238
58,78,30,0.6666666666666666
78,102,20,0.25
38,49,330,0.36363636363636365
76,113,40,0.5
78,89,30,0.5
78,105,200,0.375
96,102,80,0.375
58,60,155,0.3225806451612903
58,88,145,0.41379310344827586
84,112,470,0.6063829787234043
45,101,350,0.5
23,131,180,0.5
51,89,75,0.2
119,128,180,0.5277777777777778
68,83,90,0.3888888888888889
76,83,145,0.5862068965517241
126,137,220,0.5681818181818182
42,103,120,0.625
43,103,45,0.4444444444444444
61,103,50,0.6
10,112,235,0.5106382978723404
65,112,85,0.6470588235294118
83,100,145,0.3793103448275862
94,131,160,0.53125
90,96,185,0.4864864864864865
96,107,125,0.6
4,62,200,0.425
47,79,135,0.48148148148148145
32,67,310,0.6612903225806451
79,120,200,0.5
3,112,70,0.5
11,103,115,0.5652173913043478
63,103,85,0.4117647058823529
71,103,145,0.4482758620689655
55,83,70,0.7857142857142857
60,83,340,0.5882352941176471
44,67,150,0.6333333333333333
54,67,240,0.5
83,97,235,0.46808510638297873
22,34,485,0.4639175257731959
4,102,130,0.4230769230769231
65,95,40,0.375
49,96,145,0.41379310344827586
49,111,205,0.4634146341463415
49,114,405,0.43209876543209874
59,145,190,0.34210526315789475
52,111,190,0.5
17,112,340,0.5147058823529411
19,61,150,0.6666666666666666
59,131,225,0.4666666666666667
3,18,115,0.5217391304347826
3,55,60,0.6666666666666666
10,138,115,0.43478260869565216
81,120,155,0.6451612903225806
38,79,315,0.42857142857142855
34,138,230,0.5217391304347826
88,111,175,0.42857142857142855
33,59,120,0.3333333333333333
34,59,205,0.34146341463414637
1,89,70,0.35714285714285715
12,94,75,0.4666666666666667
26,78,295,0.3728813559322034
68,78,95,0.5789473684210527
8,103,100,0.4
64,83,165,0.5151515151515151
83,94,180,0.4722222222222222
83,129,205,0.4146341463414634
107,137,135,0.6666666666666666
4,128,225,0.4444444444444444
79,138,185,0.5945945945945946
113,137,155,0.45161290322580644
68,131,115,0.4782608695652174
16,131,355,0.39436619718309857
3,137,140,0.42857142857142855
13,81,125,0.48
23,81,90,0.3888888888888889
15,51,250,0.38
51,106,160,0.59375
34,50,235,0.3404255319148936
53,81,230,0.34782608695652173
82,91,150,0.4666666666666667
32,55,80,0.625
25,61,295,0.3728813559322034
137,155,65,0.46153846153846156
98,135,35,0.5714285714285714
76,119,225,0.4666666666666667
72,155,105,0.42857142857142855
110,155,145,0.5862068965517241
45,110,165,0.45454545454545453
41,51,225,0.5333333333333333
17,136,280,0.42857142857142855
3,31,215,0.46511627906976744
3,97,245,0.46938775510204084
62,89,125,0.56
75,89,215,0.6744186046511628
41,43,405,0.5185185185185185
14,66,135,0.5185185185185185
31,66,40,0.25
54,66,125,0.32
2,108,170,0.38235294117647056
66,97,95,0.5263157894736842
66,131,20,0.25
41,89,25,0.4
12,95,55,0.45454545454545453
1,41,195,0.4358974358974359
32,43,175,0.4857142857142857
33,49,100,0.55
61,78,60,0.5833333333333334
33,145,70,0.5
145,155,130,0.5
46,138,135,0.3333333333333333
5,57,245,0.4897959183673469
7,155,265,0.4339622641509434
76,109,125,0.44
52,121,195,0.41025641025641024
81,109,115,0.34782608695652173
59,121,290,0.5517241379310345
77,81,5,0.0
77,93,155,0.5161290322580645
77,136,40,0.25
95,126,160,0.625
60,69,255,0.5490196078431373
70,81,215,0.5116279069767442
47,52,210,0.6190476190476191
46,95,60,0.5833333333333334
37,121,240,0.4166666666666667
11,95,225,0.5555555555555556
41,95,75,0.4
3,8,330,0.5303030303030303
3,105,230,0.5434782608695652
4,70,140,0.6785714285714286
4,121,215,0.5581395348837209
45,52,110,0.2727272727272727
99,108,135,0.3333333333333333
25,77,80,0.625
54,77,155,0.7096774193548387
13,56,185,0.4864864864864865
10,58,100,0.35
58,111,75,0.4
21,137,390,0.4358974358974359
65,137,105,0.6666666666666666
57,111,55,0.8181818181818182
31,112,245,0.5306122448979592
90,98,125,0.52
94,102,125,0.48
44,89,80,0.3125
32,128,225,0.4888888888888889
1,92,165,0.48484848484848486
92,100,130,0.5769230769230769
61,102,140,0.5
79,102,55,0.5454545454545454
36,77,105,0.38095238095238093
65,68,140,0.5714285714285714
53,78,45,0.4444444444444444
56,78,110,0.3181818181818182
3,17,215,0.4883720930232558
16,60,320,0.5625
62,64,430,0.5116279069767442
54,55,265,0.4716981132075472
16,92,85,0.35294117647058826
92,94,75,0.6666666666666666
15,96,215,0.627906976744186
79,96,165,0.5454545454545454
65,110,175,0.6285714285714286
48,67,180,0.5
59,66,50,0.5
66,96,45,0.8888888888888888
55,73,160,0.59375
123,128,205,0.43902439024390244
3,136,110,0.6363636363636364
25,79,290,0.5
23,92,30,0.6666666666666666
58,79,10,0.0
4,72,75,0.5333333333333333
72,102,105,0.38095238095238093
21,131,245,0.4897959183673469
75,78,120,0.4583333333333333
18,76,175,0.5714285714285714
33,50,75,0.4
29,55,90,0.5555555555555556
55,56,110,0.36363636363636365
23,57,75,0.5333333333333333
53,155,225,0.4
78,131,60,0.5833333333333334
25,78,185,0.5675675675675675
78,145,60,0.6666666666666666
11,72,360,0.3333333333333333
33,120,110,0.5909090909090909
102,106,255,0.5686274509803921
52,145,130,0.5384615384615384
79,145,95,0.5263157894736842
4,93,315,0.47619047619047616
98,129,55,0.2727272727272727
6,80,270,0.6851851851851852
72,80,65,0.46153846153846156
72,81,115,0.4782608695652174
56,65,220,0.4318181818181818
4,13,210,0.5
93,95,105,0.47619047619047616
45,121,135,0.5925925925925926
95,106,170,0.5294117647058824
55,82,65,0.46153846153846156
33,85,175,0.42857142857142855
109,131,110,0.5
37,83,150,0.4
29,155,245,0.5306122448979592
67,95,100,0.6
45,58,90,0.6111111111111112
45,63,330,0.4696969696969697
66,82,25,0.4
66,129,50,0.5
13,136,205,0.3902439024390244
45,119,105,0.6666666666666666
49,81,85,0.29411764705882354
81,119,175,0.34285714285714286
69,135,170,0.6176470588235294
3,9,165,0.6363636363636364
63,145,400,0.4375
16,82,240,0.6458333333333334
45,55,55,0.5454545454545454
55,67,135,0.5555555555555556
33,121,100,0.35
33,95,50,0.6
85,95,115,0.6086956521739131
76,121,165,0.5454545454545454
41,58,255,0.39215686274509803
58,99,185,0.40540540540540543
72,112,115,0.4782608695652174
78,112,45,0.4444444444444444
50,145,170,0.4117647058823529
43,135,100,0.55
96,108,50,0.6
49,57,135,0.6296296296296297
3,76,130,0.4230769230769231
32,78,60,0.5833333333333334
28,79,240,0.5208333333333334
1,80,210,0.5238095238095238
32,66,55,0.6363636363636364
55,66,15,0.3333333333333333
55,131,55,0.36363636363636365
66,126,30,0.3333333333333333
20,95,190,0.5526315789473685
72,77,25,0.4
77,110,50,0.4
66,120,55,0.5454545454545454
45,98,100,0.45
62,98,150,0.5
4,67,155,0.6774193548387096
53,128,240,0.4583333333333333
5,83,185,0.40540540540540543
60,89,145,0.6206896551724138
10,109,30,0.5
23,109,75,0.4666666666666667
88,103,50,0.7
48,89,55,0.36363636363636365
129,155,105,0.42857142857142855
4,55,65,0.38461538461538464
1,10,120,0.16666666666666666
4,48,145,0.5517241379310345
85,111,175,0.37142857142857144
4,10,105,0.5714285714285714
89,90,160,0.53125
19,102,170,0.20588235294117646
43,107,120,0.5833333333333334
10,62,245,0.5714285714285714
98,111,115,0.34782608695652173
4,119,210,0.5714285714285714
4,57,100,0.65
37,55,160,0.53125
47,55,95,0.42105263157894735
13,131,140,0.21428571428571427
51,80,65,0.6153846153846154
3,60,185,0.43243243243243246
78,121,70,0.35714285714285715
58,135,60,0.6666666666666666
90,111,150,0.6
106,120,335,0.6119402985074627
54,109,145,0.4827586206896552
49,55,90,0.3888888888888889
55,90,55,0.36363636363636365
23,78,30,0.5
78,137,35,0.7142857142857143
6,95,100,0.7
95,131,60,0.5833333333333334
46,80,115,0.43478260869565216
57,97,210,0.5714285714285714
63,95,165,0.5151515151515151
82,95,95,0.5263157894736842
4,120,265,0.41509433962264153
65,87,205,0.5365853658536586
9,50,205,0.4634146341463415
2,98,95,0.47368421052631576
44,70,175,0.3142857142857143
51,131,95,0.3157894736842105
3,53,75,0.4
5,79,120,0.625
79,137,130,0.5384615384615384
10,108,325,0.4153846153846154
3,33,60,0.4166666666666667
49,98,85,0.35294117647058826
98,120,130,0.46153846153846156
20,112,195,0.48717948717948717
59,112,275,0.509090909090909
57,72,145,0.41379310344827586
43,51,115,0.43478260869565216
63,109,185,0.40540540540540543
81,90,185,0.5405405405405406
52,61,75,0.5333333333333333
52,89,115,0.6086956521739131
18,34,160,0.34375
49,136,145,0.41379310344827586
64,128,355,0.38028169014084506
81,108,85,0.35294117647058826
3,10,110,0.4090909090909091
85,92,90,0.6666666666666666
79,82,110,0.6363636363636364
87,119,215,0.5348837209302325
16,95,175,0.5142857142857142
34,155,135,0.3333333333333333
9,58,115,0.6521739130434783
23,58,65,0.6153846153846154
29,137,135,0.7037037037037037
47,108,330,0.5303030303030303
98,99,45,0.3333333333333333
57,138,185,0.4594594594594595
10,102,185,0.2972972972972973
40,77,140,0.5
61,77,75,0.5333333333333333
90,145,115,0.6086956521739131
9,109,200,0.425
91,92,40,0.375
91,102,105,0.5238095238095238
23,96,60,0.5
51,94,100,0.6
51,52,160,0.375
51,79,55,0.36363636363636365
33,60,160,0.5
80,119,115,0.6086956521739131
87,91,155,0.5483870967741935
18,137,130,0.6153846153846154
90,95,150,0.5
28,51,190,0.5263157894736842
89,96,65,0.6153846153846154
20,79,130,0.5384615384615384
92,98,30,0.6666666666666666
72,145,65,0.38461538461538464
72,107,95,0.5789473684210527
81,98,50,0.3
66,69,95,0.42105263157894735
51,155,70,0.5714285714285714
80,155,55,0.45454545454545453
110,128,285,0.6491228070175439
107,129,290,0.4482758620689655
10,44,85,0.5882352941176471
58,95,65,0.7692307692307693
119,137,215,0.5348837209302325
96,120,240,0.4583333333333333
33,110,100,0.75
33,155,105,0.5714285714285714
32,95,105,0.47619047619047616
34,43,120,0.2916666666666667
10,33,135,0.5185185185185185
96,155,80,0.625
18,100,230,0.5217391304347826
16,72,285,0.5087719298245614
100,131,155,0.3870967741935484
18,66,35,0.2857142857142857
66,75,35,0.42857142857142855
45,96,210,0.6904761904761905
90,109,220,0.6363636363636364
52,72,175,0.37142857142857144
16,137,120,0.3333333333333333
60,92,70,0.5714285714285714
111,121,70,0.5714285714285714
10,131,155,0.3870967741935484
34,78,45,0.4444444444444444
61,119,140,0.42857142857142855
52,131,110,0.5
4,92,50,0.4
38,80,235,0.5531914893617021
2,58,340,0.5
95,114,90,0.6666666666666666
17,78,95,0.3684210526315789
78,104,55,0.6363636363636364
51,110,195,0.41025641025641024
55,72,45,0.4444444444444444
57,79,55,0.5454545454545454
51,88,120,0.625
96,145,175,0.4
8,72,135,0.25925925925925924
13,89,125,0.48
48,77,90,0.3333333333333333
43,76,85,0.4117647058823529
55,88,85,0.5882352941176471
83,88,140,0.5
51,95,95,0.5789473684210527
81,96,65,0.38461538461538464
34,128,200,0.325
13,107,135,0.4444444444444444
13,66,65,0.38461538461538464
67,109,60,0.5833333333333334
89,111,95,0.3684210526315789
95,99,210,0.5476190476190477
80,113,45,0.8888888888888888
112,121,90,0.7222222222222222
23,55,40,0.75
28,55,65,0.6153846153846154
87,121,140,0.5714285714285714
34,83,115,0.391304347826087
30,55,200,0.475
55,62,105,0.47619047619047616
55,113,75,0.6
51,100,70,0.5
18,80,85,0.5294117647058824
43,80,60,0.25
18,94,105,0.5238095238095238
113,145,60,0.4166666666666667
6,89,70,0.5714285714285714
77,105,135,0.37037037037037035
54,89,135,0.6296296296296297
62,78,70,0.5
64,78,85,0.5294117647058824
27,66,75,0.2
28,66,50,0.5
3,155,45,0.6666666666666666
49,137,120,0.5
55,59,75,0.4
61,107,90,0.5
3,145,115,0.5652173913043478
18,51,90,0.3888888888888889
23,95,85,0.4117647058823529
9,10,295,0.4576271186440678
109,123,285,0.42105263157894735
79,80,95,0.6842105263157895
57,112,80,0.5625
109,126,195,0.41025641025641024
10,41,80,0.3125
79,91,60,0.3333333333333333
46,109,100,0.35
43,98,55,0.2727272727272727
52,77,30,0.6666666666666666
34,145,90,0.5
1,103,135,0.5555555555555556
7,103,75,0.5333333333333333
33,103,35,0.2857142857142857
113,121,190,0.4473684210526316
112,137,125,0.56
61,62,170,0.4411764705882353
85,121,180,0.5
44,94,150,0.4
18,72,40,0.5
47,78,70,0.21428571428571427
101,112,235,0.574468085106383
34,95,105,0.47619047619047616
66,114,95,0.15789473684210525
10,46,200,0.425
13,106,50,0.6
89,131,75,0.4
3,4,140,0.4642857142857143
17,76,60,0.4166666666666667
70,72,115,0.43478260869565216
76,82,60,0.75
76,98,150,0.43333333333333335
32,58,135,0.48148148148148145
1,109,35,0.7142857142857143
80,131,75,0.5333333333333333
33,45,50,0.6
33,83,45,0.2222222222222222
10,43,150,0.43333333333333335
57,81,75,0.3333333333333333
15,78,40,0.375
78,97,90,0.4444444444444444
61,95,65,0.6153846153846154
10,55,95,0.3684210526315789
79,107,90,0.5555555555555556
72,121,150,0.43333333333333335
64,79,185,0.32432432432432434
79,95,60,0.5
87,89,130,0.4230769230769231
23,51,110,0.5454545454545454
51,138,245,0.46938775510204084
13,113,30,0.6666666666666666
94,107,155,0.5483870967741935
129,137,85,0.5294117647058824
23,79,115,0.4782608695652174
58,128,65,0.6923076923076923
34,58,60,0.4166666666666667
17,106,60,0.6666666666666666
16,66,60,0.5
66,85,60,0.5
66,137,15,1.0
3,70,165,0.5151515151515151
48,55,105,0.47619047619047616
55,103,10,0.0
51,61,85,0.5294117647058824
55,107,85,0.4117647058823529
10,92,110,0.5
90,106,185,0.5945945945945946
39,92,95,0.2631578947368421
80,128,35,0.7142857142857143
128,137,180,0.5833333333333334
76,92,45,0.2222222222222222
2,103,100,0.4
68,103,50,0.6
32,119,210,0.5238095238095238
57,110,155,0.6129032258064516
68,111,95,0.21052631578947367
68,155,130,0.46153846153846156
56,66,60,0.5
64,66,65,0.15384615384615385
50,57,80,0.4375
23,47,240,0.4791666666666667
136,145,130,0.6538461538461539
45,112,95,0.5263157894736842
70,103,50,0.4
84,103,110,0.5909090909090909
92,155,35,0.14285714285714285
16,50,265,0.49056603773584906
79,119,80,0.5
15,57,140,0.5
57,65,75,0.7333333333333333
45,65,110,0.5909090909090909
4,78,70,0.42857142857142855
95,98,70,0.5
92,129,85,0.4117647058823529
70,78,110,0.45454545454545453
57,102,70,0.42857142857142855
38,98,145,0.3793103448275862
66,101,40,0.375
66,107,20,0.25
89,107,130,0.5384615384615384
51,113,75,0.13333333333333333
49,89,135,0.2962962962962963
17,102,300,0.5
59,61,210,0.4523809523809524
3,34,145,0.41379310344827586
3,50,85,0.5294117647058824
41,103,70,0.35714285714285715
12,41,60,0.5833333333333334
89,113,140,0.5714285714285714
12,72,100,0.5
89,94,45,0.5555555555555556
81,145,95,0.5263157894736842
13,55,100,0.55
33,76,100,0.45
10,18,65,0.3076923076923077
80,90,60,0.6666666666666666
18,145,70,0.5714285714285714
30,103,100,0.45
51,103,35,0.42857142857142855
18,92,40,0.5
33,92,55,0.6363636363636364
48,111,220,0.6136363636363636
83,126,200,0.575
51,145,80,0.4375
45,77,40,0.75
103,155,25,0.6
51,59,125,0.48
10,70,55,0.18181818181818182
80,82,60,0.5833333333333334
62,92,65,0.38461538461538464
82,128,195,0.5384615384615384
36,80,205,0.5121951219512195
18,155,115,0.5652173913043478
18,70,75,0.6666666666666666
92,121,65,0.6153846153846154
94,155,90,0.4444444444444444
23,112,185,0.5135135135135135
48,95,55,0.6363636363636364
103,104,110,0.5909090909090909
103,114,85,0.4117647058823529
113,128,240,0.4791666666666667
55,136,75,0.5333333333333333
77,94,35,0.42857142857142855
23,83,110,0.45454545454545453
3,98,70,0.21428571428571427
19,103,35,0.5714285714285714
19,98,150,0.4666666666666667
108,111,160,0.5
91,155,80,0.5
61,72,60,0.4166666666666667
88,91,145,0.5172413793103449
48,66,50,0.3
65,92,50,0.5
75,92,125,0.6
50,112,120,0.5
58,87,95,0.631578947368421
18,65,145,0.5517241379310345
18,82,100,0.6
43,136,110,0.5
18,89,25,0.2
66,135,50,0.5
13,39,190,0.5263157894736842
50,136,175,0.5142857142857142
28,77,25,0.4
51,112,65,0.6153846153846154
61,155,105,0.42857142857142855
55,110,75,0.4
81,135,85,0.5294117647058824
72,95,35,0.5714285714285714
34,72,110,0.18181818181818182
72,79,85,0.5294117647058824
10,89,30,0.5
89,114,115,0.391304347826087
12,137,250,0.58
57,137,55,0.36363636363636365
57,119,90,0.4444444444444444
3,77,15,1.0
77,106,65,0.46153846153846156
66,102,15,0.6666666666666666
38,78,85,0.29411764705882354
52,78,60,0.5
69,78,65,0.38461538461538464
78,91,50,0.9
91,111,40,0.625
18,46,140,0.2857142857142857
100,137,170,0.6470588235294118
58,82,65,0.6923076923076923
102,111,85,0.47058823529411764
52,59,165,0.5454545454545454
123,137,290,0.3275862068965517
44,66,50,0.4
109,112,120,0.4583333333333333
58,92,30,0.16666666666666666
58,137,55,0.2727272727272727
92,137,50,0.5
36,103,70,0.5
90,103,40,0.625
38,55,85,0.5882352941176471
12,91,160,0.59375
81,83,100,0.4
62,119,145,0.6551724137931034
60,155,105,0.47619047619047616
136,155,90,0.3888888888888889
23,91,85,0.4117647058823529
15,103,45,0.5555555555555556
59,103,55,0.5454545454545454
103,121,30,0.5
33,58,45,0.6666666666666666
3,62,85,0.35294117647058826
51,98,50,0.4
90,121,185,0.6216216216216216
57,108,140,0.39285714285714285
28,81,125,0.56
42,77,90,0.5
13,34,25,0.4
102,103,30,0.6666666666666666
9,78,75,0.5333333333333333
15,23,210,0.3333333333333333
33,88,125,0.44
33,43,75,0.5333333333333333
107,136,110,0.45454545454545453
95,97,140,0.5
80,126,95,0.47368421052631576
43,78,30,0.5
81,95,50,0.4
77,119,40,0.5
18,33,130,0.5384615384615384
47,92,60,0.4166666666666667
62,83,120,0.4583333333333333
98,109,60,0.25
67,80,135,0.5925925925925926
16,78,40,0.625
28,135,115,0.4782608695652174
3,49,110,0.5
4,103,55,0.5454545454545454
21,103,90,0.4444444444444444
50,103,45,0.6666666666666666
92,128,60,0.4166666666666667
80,108,125,0.44
72,109,45,0.1111111111111111
78,128,65,0.46153846153846156
10,66,35,0.42857142857142855
83,113,145,0.5862068965517241
83,128,70,0.2857142857142857
56,95,100,0.45
77,90,40,0.625
131,136,165,0.36363636363636365
79,111,65,0.5384615384615384
37,79,175,0.6
96,129,50,0.2
72,137,125,0.52
111,137,135,0.5925925925925926
78,85,75,0.6666666666666666
113,155,115,0.5652173913043478
79,113,100,0.3
95,96,110,0.5454545454545454
82,89,130,0.38461538461538464
3,92,40,0.125
91,145,105,0.5714285714285714
19,111,160,0.4375
59,77,50,0.2
76,106,50,0.4
3,79,75,0.6
21,92,100,0.35
82,113,90,0.6666666666666666
51,137,90,0.3888888888888889
17,77,70,0.35714285714285715
15,92,40,0.375
43,89,55,0.6363636363636364
112,131,65,0.46153846153846156
15,58,120,0.4583333333333333
29,98,75,0.4
50,58,55,0.45454545454545453
58,103,5,0.0
83,103,25,0.6
55,87,100,0.5
34,80,75,0.3333333333333333
58,80,45,0.7777777777777778
58,90,95,0.42105263157894735
60,81,60,0.4166666666666667
65,88,165,0.5151515151515151
55,79,30,0.8333333333333334
55,58,40,0.875
58,145,75,0.4666666666666667
102,155,85,0.6470588235294118
96,135,55,0.45454545454545453
12,18,35,0.5714285714285714
56,111,210,0.4523809523809524
5,33,180,0.6666666666666666
70,95,35,0.5714285714285714
103,120,35,0.5714285714285714
103,128,50,0.4
58,66,15,0.3333333333333333
91,103,25,0.2
103,136,25,0.2
94,138,80,0.5
80,103,25,0.4
59,78,75,0.5333333333333333
78,99,60,0.4166666666666667
57,129,155,0.5483870967741935
103,112,40,1.0
18,107,90,0.4444444444444444
18,41,110,0.5909090909090909
95,109,20,0.5
66,76,50,0.3
66,95,15,0.6666666666666666
18,138,85,0.35294117647058826
58,136,85,0.6470588235294118
62,66,20,0.5
66,67,25,0.8
66,100,25,0.6
57,96,55,0.36363636363636365
89,155,55,0.36363636363636365
4,66,30,0.5
19,66,50,0.5
39,61,175,0.4
72,92,40,0.25
50,66,10,1.0
10,67,50,0.2
83,137,95,0.42105263157894735
13,61,65,0.3076923076923077
66,136,25,0.8
43,77,40,0.625
57,135,110,0.5
55,92,10,1.0
59,92,70,0.5
83,121,55,0.6363636363636364
19,77,30,0.5
77,85,65,0.6153846153846154
4,51,95,0.47368421052631576
77,97,50,0.4
51,102,60,0.5
77,103,10,1.0
18,78,20,0.0
29,77,25,0.2
51,111,65,0.46153846153846156
7,66,80,0.4375
31,103,125,0.48
18,67,110,0.7272727272727273
41,77,55,0.2727272727272727
77,99,50,0.4
17,66,50,0.6
100,103,65,0.3076923076923077
88,131,185,0.3783783783783784
78,95,25,0.6
61,76,45,0.1111111111111111
103,113,30,0.5
99,103,20,0.5
103,138,20,0.25
109,137,85,0.5294117647058824
95,103,20,0.75
57,121,90,0.3333333333333333
61,80,90,0.4444444444444444
32,137,120,0.375
51,119,95,0.42105263157894735
109,145,25,0.0
77,79,20,0.5
37,103,50,0.6
94,103,50,0.7
103,129,45,0.4444444444444444
3,121,70,0.5
59,137,170,0.47058823529411764
23,43,70,0.35714285714285715
3,58,50,0.6
9,66,30,0.6666666666666666
57,66,30,0.5
77,145,40,0.625
13,77,75,0.6666666666666666
79,83,45,0.5555555555555556
2,96,70,0.42857142857142855
15,98,75,0.7333333333333333
51,66,10,0.0
7,77,85,0.4117647058823529
77,135,35,0.14285714285714285
45,103,20,0.25
70,94,80,0.375
103,106,85,0.5882352941176471
80,121,65,0.6153846153846154
17,52,70,0.42857142857142855
29,103,75,0.4666666666666667
72,103,45,0.2222222222222222
57,107,60,0.5
107,108,105,0.5714285714285714
12,77,105,0.47619047619047616
77,123,60,0.5
83,119,50,0.3
89,137,120,0.5416666666666666
5,66,30,0.3333333333333333
82,131,120,0.625
56,103,55,0.45454545454545453
51,55,35,0.0
77,91,30,0.6666666666666666
77,121,45,0.5555555555555556
103,109,15,0.6666666666666666
64,77,80,0.5
56,77,30,0.5
77,109,40,0.625
77,113,20,0.5
95,100,85,0.5294117647058824
15,77,15,0.3333333333333333
33,77,25,1.0
63,66,60,0.5833333333333334
48,80,75,0.3333333333333333
79,92,25,0.6
94,109,25,0.0
67,89,65,0.3076923076923077
66,108,30,0.8333333333333334
96,103,30,0.6666666666666666
103,137,35,0.8571428571428571
3,78,50,0.7
18,103,45,0.8888888888888888
51,92,40,0.5
49,92,75,0.4
32,103,50,0.7
50,111,75,0.4666666666666667
20,103,50,0.8
98,107,80,0.5625
91,131,45,0.4444444444444444
103,119,45,0.2222222222222222
3,95,55,0.6363636363636364
17,113,55,0.5454545454545454
66,112,20,0.25
76,80,50,0.5
3,111,50,0.7
77,138,40,0.5
55,102,40,0.75
34,77,40,0.75
77,98,15,0.6666666666666666
62,77,40,0.5
83,92,40,0.5
55,80,15,1.0
77,137,10,0.5
98,108,40,0.375
78,129,25,0.2
96,137,30,0.3333333333333333
78,81,20,0.5
92,95,25,0.4
3,51,70,0.5714285714285714
77,102,25,0.6
9,77,50,0.3
13,103,55,0.5454545454545454
58,109,70,0.42857142857142855
78,107,50,0.5
51,57,35,0.8571428571428571
79,121,45,0.6666666666666666
43,113,70,0.5
77,100,70,0.42857142857142855
78,79,50,0.5
78,109,75,0.4
55,77,20,0.5
32,77,25,0.6
55,119,45,0.5555555555555556
92,108,45,0.5555555555555556
8,109,35,0.42857142857142855
52,76,30,0.3333333333333333
89,145,40,0.875
66,90,40,0.75
12,145,100,0.55
4,95,30,0.6666666666666666
55,78,5,1.0
20,66,15,0.3333333333333333
66,91,10,0.5
66,123,55,0.36363636363636365
57,78,15,1.0
66,145,30,0.3333333333333333
16,77,10,0.5
58,112,35,0.7142857142857143
78,80,10,0.0
78,96,20,0.5
89,109,15,0.6666666666666666
55,135,35,0.5714285714285714
77,83,5,1.0
45,66,15,0.6666666666666666
66,106,45,0.6666666666666666
66,119,10,0.5
78,155,20,0.25
32,92,45,0.6666666666666666
12,66,50,0.7
60,78,30,0.6666666666666666
49,77,15,0.6666666666666666
106,113,40,0.375
30,66,65,0.5384615384615384
66,128,25,0.2
55,98,15,0.6666666666666666
13,80,45,0.3333333333333333
18,109,20,0.25
103,131,5,0.0
49,103,30,0.16666666666666666
103,135,15,0.6666666666666666
60,66,60,0.5
66,83,15,1.0
23,77,15,0.0
18,77,15,0.6666666666666666
66,68,10,0.0
79,103,15,0.3333333333333333
3,72,65,0.46153846153846156
10,77,15,0.6666666666666666
102,121,55,0.45454545454545453
21,77,45,0.6666666666666666
57,77,15,0.0
10,95,15,0.3333333333333333
13,76,25,0.2
77,120,25,0.4
66,77,10,0.5
66,103,5,1.0
58,77,20,0.5
66,80,15,0.6666666666666666
78,103,5,1.0
66,98,20,0.25
66,155,10,1.0
57,103,10,0.5
78,98,15,0.3333333333333333
77,89,10,0.0
65,78,5,0.0
13,17,15,0.6666666666666666
57,92,15,0.6666666666666666
66,92,15,0.3333333333333333
66,72,15,0.6666666666666666
78,135,5,1.0
78,92,5,1.0
3,66,10,0.5
43,66,15,0.6666666666666666
65,66,15,0.6666666666666666
60,77,5,0.0
66,121,5,1.0
77,78,5,1.0
103,107,5,0.0
