8752857088
8752857089
8752857090
8752857091
8752857095
8752857099
8752857108
8752857111
8752857112
8752857113
8752857122
8752857124
8752857126
8752857127
8752857139
8752857140
8752857150
8752857151
8752857153
8752857154
8752857162
8752857163
8752857166
8752857167
8752857174
8752857175
8752857180
8752857190
8752857191
8752857193
8752857195
8752857197
8752857206
8752857208
8752857209
8752857210
8752857212
8752857214
8752857217
8752857218
8752857220
8752857227
8752857228
8752857229
8752857231
8752857245
8752857246
8752857247
8752857258
8752857259
8752857260
8752857268
8752857269
8752857270
8752857272
8752857273
8752857276
8752857277
8752857280
8752857281
8752857287
8752857288
8752857290
8752857291
8752857298
8752857309
8752857310
8752857322
8752857323
8752857325
8752857327
8752857335
8752857336
8752857341
8752857349
8752857350
8752857352
8752857357
8752857360
8752857361
8752857363
8752857364
8752857375
8752857377
8752857378
8752857379
8752857388
8752857389
8752857390
8752857391
8752857396
8752857398
8752857400
8752857401
8752857403
8752857418
8752857419
8752857421
8752857423
8752857435
8752857444
8752857445
8752857448
8752857461
8752857462
8752857463
8752857465
8752857467
8752857469
8752857485
8752857486
8752857487
8752857488
8752857490
8752857491
8752857497
8752857498
8752857500
8752857502
8752857513
8752857514
8752857515
8752857516
8752857517
8752857527
8752857529
8752857544
8752857545
8752857554
8752857555
8752857556
8752857561
8752857567
8752857573
8752857576
8752857578
8752857584
8752857587
8752857588
8752857590
8752857598
8752857600
8752857601
8752857602
8752857607
8752857610
8752857612
8752857614
8752857618
8752857620
8752857621
8752857624
8752857633
8752857635
8752857641
8752857642
8752857643
8752857645
8752857651
8752857653
8752857664
8752857666
8752857668
8752857676
8752857677
8752857680
8752857682
8752857685
8752857686
8752857689
8752857696
8752857697
8752857709
8752857710
8752857711
8752857712
8752857713
8752857719
8752857720
8752857721
8752857723
8752857732
8752857737
8752857739
8752857742
8752857753
8752857755
8752857756
8752857757
8752857762
8752857763
8752857764
8752857765
8752857774
8752857775
8752857776
8752857777
8752857778
8752857780
8752857790
8752857791
8752857792
8752857793
8752857794
8752857795
8752857808
8752857810
8752857812
8752857814
8752857823
8752857826
8752857827
8752857830
8752857831
8752857839
8752857840
8752857850
8752857851
8752857853
8752857867
8752857868
8752857871
8752857872
8752857873
8752857883
8752857886
8752857889
8752857890
8752857893
8752857896
8752857897
8752857898
8752857900
8752857901
8752857902
8752857903
8752857904
8752857907
8752857908
8752857913
8752857914
8752857916
8752857926
8752857928
8752857930
8752857939
8752857940
8752857941
8752857942
8752857943
8752857947
8752857955
8752857958
8752857959
8752857969
8752857970
8752857971
8752857973
8752857976
8752857986
8752857987
8752857989
8752857990
8752857991
8752857992
8752858002
8752858003
8752858004
8752858005
8752858006
8752858014
8752858024
8752858025
8752858027
8752858032
8752858033
8752858041
8752858053
8752858054
8752858062
8752858063
8752858066
8752858077
8752858084
8752858085
8752858086
8752858087
8752858088
8752858102
8752858104
8752858105
8752858107
8752858108
8752858117
8752858120
8752858121
8752858122
8752858123
8752858130
8752858139
8752858145
8752858146
8752858152
8752858154
8752858156
8752858157
8752858169
8752858170
8752858174
8752858175
8752858181
8752858186
8752858199
8752858200
8752858208
8752858209
8752858210
8752858212
8752858213
8752858214
8752858215
8752858226
8752858228
8752858231
8752858233
8752858245
8752858246
8752858247
8752858248
8752858250
8752858255
8752858260
8752858261
8752858262
8752858269
8752858270
8752858271
8752858272
8752858274
8752858275
8752858276
8752858277
8752858281
8752858293
8752858294
8752858296
8752858297
8752858300
8752858307
8752858310
8752858317
8752858319
8752858320
8752858327
8752858328
8752858336
8752858337
8752858343
8752858353
8752858354
8752858356
8752858358
8752858359
8752858360
8752858362
8752858377
8752858378
8752858379
8752858381
8752858383
8752858384
8752858386
8752858391
8752858392
8752858400
8752858401
8752858404
8752858407
8752858409
8752858419
8752858422
8752858423
8752858424
8752858434
8752858435
8752858437
8752858438
8752858439
8752858447
8752858448
8752858449
8752858451
8752858453
8752858454
8752858464
8752858465
8752858467
8752858472
8752858474
8752858476
8752858481
8752858482
8752858490
8752858491
8752858493
8752858497
8752858503
8752858506
8752858507
8752858509
8752858520
8752858531
8752858533
8752858535
8752858543
8752858545
8752858546
8752858553
8752858554
8752858556
8752858557
8752858565
8752858566
8752858568
8752858572
8752858573
8752858575
8752858577
8752858584
8752858586
8752858587
8752858588
8752858597
8752858598
8752858601
8752858608
8752858611
8752858612
8752858621
8752858627
8752858628
8752858639
8752858640
8752858642
8752858652
8752858654
8752858656
8752858657
8752858659
8752858661
8752858668
8752858673
8752858682
8752858683
8752858684
8752858687
8752858695
8752858696
8752858698
8752858700
8752858701
8752757273
8752858703
8752858713
8752858714
8752858717
8752858727
8752858733
8752858737
8752858739
8752858740
8752858742
8752858743
8752858744
8752858745
8752858748
8752858749
8752858750
8752858751
8752858758
8752858760
8752858766
8752858768
8752858769
8752858772
8752858773
8752858784
8752858800
8752858801
8752858815
8752858818
8752858826
8752858829
8752858830
8752858831
8752858832
8752858835
8752858850
8752858852
8752858853
8752858854
8752858855
8752858856
8752858864
8752858866
8752858868
8752858869
8752858893
8752858894
8752858906
8752858907
8752858908
8752858909
8752858910
8752858912
8752858913
8752858915
8752858916
8752858917
8752858920
8752858923
8752858926
8752858928
8752858930
8752858940
8752858942
8752858943
8752858944
8752858949
8752858950
8752858960
8752858961
8752858962
8752858963
8752858966
8752858968
8752858974
8752858976
8752858978
8752858979
8752858981
8752858982
8752858983
8752858984
8752858988
8752858990
8752858999
8752859000
8752859001
8752859002
8752859011
8752859012
8752859014
8752859026
8752859027
8752859037
8752859038
8752859039
8752859040
8752859042
8752859043
8752859046
8752859053
8752859054
8752859057
8752859058
8752859065
8752859066
8752859067
8752859069
8752859070
8752859078
8752859080
8752859081
8752859082
8752859093
8752859094
8752859095
8752859097
8752859100
8752859101
8752859108
8752859110
8752859112
8752859113
8752859116
8752859117
8752859132
8752859134
8752859141
8752859142
8752859143
8752859147
8752859151
8752859152
8752859154
8752859161
8752859162
8752859165
8752859168
8752859172
8752859178
8752859183
8752859184
8752859185
8752859186
8752859188
8752859189
8752859198
8752859201
8752859203
8752859204
8752859205
8752859219
8752859222
8752859223
8752859224
8752859235
8752859238
8752859251
8752859256
8752859257
8752859258
8752859266
8752859268
8752859269
8752859271
8752859272
8752859273
8752859274
8752859281
8752859285
8752859287
8752859288
8752859293
8752859294
8752859296
8752859297
8752859298
8752859303
8752859313
8752859331
8752859334
8752859336
8752859337
8752859343
8752859346
8752859348
8752859355
8752859357
8752859358
8752859365
8752859370
8752859371
8752859378
8752859379
8752859381
8752859382
8752859383
8752859385
8752859395
8752859396
8752859397
8752859399
8752859400
8752859401
8752859404
8752859405
8752859418
8752859419
8752859420
8752859422
8752859423
8752859426
8752859427
8752859436
8752859444
8752859448
8752859452
8752859460
8752859461
8752859462
8752859463
8752859464
8752859475
8752859476
8752859477
8752859478
8752859479
8752859480
8752859489
8752859490
8752859491
8752859494
8752859496
8752859497
8752859498
8752859499
8752859501
8752859506
8752859508
8752859509
8752859510
8752859511
8752859520
8752859521
8752859523
8752859525
8752859529
8752859533
8752859534
8752859547
8752859550
8752859558
8752859560
8752859565
8752859567
8752859568
8752859576
8752859581
8752859585
8752859586
8752859587
8752859588
8752859589
8752859593
8752859595
8752859606
8752859610
8752859613
8752859615
8752859616
8752859623
8752859624
8752859632
8752859633
8752859636
8752859637
8752859644
8752859646
8752859657
8752859658
8752859659
8752859663
8752859677
8752859678
8752859679
8752859680
8752859684
8752859685
8752859686
8752859693
8752859695
8752859702
8752859706
8752859708
8752859716
8752859717
8752859730
8752859733
8752859734
8752859742
8752859743
8752859755
8752859757
8752859758
8752859760
8752859762
8752859764
8752859770
8752859771
8752859773
8752859774
8752859775
8752859785
8752859789
8752859790
8752859791
8752859793
8752859794
8752859797
8752859807
8752859810
8752859811
8752859820
8752859821
8752859822
8752859824
8752859827
8752859829
8752859836
8752859838
8752859849
8752859851
8752859854
8752859855
8752859861
8752859862
8752859863
8752859864
8752859867
8752859868
8752859869
8752859871
8752859887
8752859889
8752859890
8752859891
8752859901
8752859905
8752859909
8752859912
8752859915
8752859916
8752859924
8752859936
8752859937
8752859941
8752859943
8752859951
8752859957
8752859965
8752859973
8752859974
8752859975
8752859977
8752859985
8752859987
8752859988
8752859993
8752860001
8752860002
8752860003
8752860005
8752860006
8752860007
8752860008
8752860020
8752860021
8752860022
8752860023
8752860035
8752860039
8752860041
8752860044
8752860052
8752860053
8752860064
8752860065
8752860066
8752860068
8752860069
8752860070
8752860072
8752860073
8752860079
8752860085
8752860094
8752860098
8752860106
8752860109
8752860110
8752860112
8752860116
8752860117
8752860119
8752860120
8752860121
8752860122
8752860123
8752860124
8752860132
8752860133
8752860134
8752860136
8752860139
8752860143
8752860147
8752860152
8752860166
8752860167
8752860168
8752860169
8752860170
8752860182
8752860185
8752860187
8752860199
8752860200
8752860201
8752860212
8752860213
8752860214
8752860216
8752860220
8752860229
8752860231
8752860232
8752860233
8752860235
8752860248
8752860250
8752860251
8752860254
8752860256
8752860257
8752860258
8752860259
8752860260
8752860261
8752860263
8752860264
8752860272
8752860275
8752860276
8752860277
8752860285
8752860286
8752860289
8752860290
8752860296
8752860297
8752860312
8752860314
8752860315
8752860316
8752860321
8752860322
8752860323
8752860326
8752860327
8752860328
8752860334
8752860336
8752860339
8752860347
8752860357
8752860358
8752860359
8752860373
8752860374
8752860376
8752860379
8752860383
8752860384
8752860385
8752860386
8752860388
8752860394
8752860396
8752860397
8752860398
8752860402
8752860412
8752860413
8752860414
8752860425
8752860426
8752860428
8752860430
8752860431
8752860433
8752860443
8752860444
8752860446
8752860456
8752860458
8752860468
8752860470
8752860471
8752860483
8752860485
8752860486
8752860498
8752860500
8752860507
8752860508
8752860509
8752860511
8752860512
8752860519
8752860520
8752860522
8752860530
8752860533
8752860541
8752860543
8752860554
8752860557
8752860562
8752860563
8752860564
8752860565
8752860568
8752860569
8752860575
8752860576
8752860577
8752860579
8752860581
8752860589
8752860590
8752860591
8752860596
8752860599
8752860605
8752860607
8752860608
8752860610
8752860615
8752860622
8752860623
8752860624
8752860627
8752860638
8752860639
8752860643
8752860645
8752860654
8752860655
8752860657
8752860668
8752860669
8752860670
8752860678
8752860679
8752860680
8752860683
8752860685
8752860692
8752860699
8752860710
8752860711
8752860712
8752860713
8752860714
8752860715
8752860716
8752860720
8752860733
8752860734
8752860735
8752860744
8752860745
8752860748
8752860754
8752860755
8752860756
8752860757
8752860758
8752860759
8752860765
8752860770
8752860771
8752860773
8752860774
8752860775
8752860787
8752860788
8752860789
8752860791
8752860792
8752860793
8752860794
8752860795
8752860804
8752860805
8752757691
8752860808
8752860815
8752860816
8752783746
8752860827
8752860830
8752860831
8752860832
8752860838
8752860841
8752860854
8752860855
8752860856
8752860858
8752860859
8752860860
8752860873
8752860874
8752860876
8752860877
8752860885
8752860887
8752860891
8752860901
8752860913
8752860915
8752860924
8752860925
8752860929
8752860930
8752860931
8752860945
8752860946
8752860948
8752860951
8752860958
8752860959
8752860962
8752860963
8752860964
8752860969
8752860970
8752860971
8752860982
8752860984
8752860985
8752860997
8752860998
8752861000
8752861003
8752861005
8752861016
8752861018
8752757734
8752861024
8752861030
8752861034
8752861037
8752861039
8752861040
8752861045
8752861046
8752861049
8752861056
8752861057
8752861062
8752861064
8752861065
8752861076
8752861079
8752861081
8752861083
8752861084
8752861085
8752861093
8752861094
8752861095
8752861096
8752861098
8752861104
8752861106
8752861107
8752861109
8752861116
8752861117
8752861127
8752861131
8752861133
8752861141
8752861144
8752861146
8752861149
8752861150
8752861163
8752861164
8752861166
8752861168
8752861170
8752861181
8752861183
8752861184
8752861187
8752861188
8752861199
8752861201
8752861213
8752861214
8752861216
8752861217
8752861229
8752861237
8752861242
8752861252
8752861260
8752861261
8752861273
8752861274
8752861282
8752861294
8752861295
8752861296
8752861298
8752861299
8752861307
8752861308
8752861311
8752861312
8752861313
8752861314
8752861315
8752861331
8752861332
8752861333
8752861335
8752861346
8752861348
8752861351
8752861352
8752861353
8752861357
8752861359
8752861360
8752861363
8752861367
8752861368
8752861369
8752861379
8752861389
8752861396
8752861399
8752861400
8752861403
8752861404
8752861405
8752861406
8752861409
8752861410
8752861413
8752861425
8752861434
8752861437
8752861439
8752861446
8752861447
8752861455
8752861458
8752861459
8752861461
8752861463
8752861469
8752861471
8752861472
8752861474
8752861475
8752861476
8752861478
8752861488
8752861490
8752861493
8752861495
8752861508
8752861509
8752861510
8752861511
8752861512
8752861513
8752861514
8752861515
8752861525
8752861528
8752861529
8752861537
8752861540
8752861550
8752861551
8752861552
8752861553
8752861555
8752861557
8752861568
8752861569
8752861571
8752861572
8752861574
8752861575
8752861577
8752861586
8752861587
8752861588
8752861596
8752861597
8752861601
8752861602
8752861609
8752861610
8752861611
8752861612
8752861617
8752861618
8752861625
8752861626
8752861627
8752861628
8752861629
8752861631
8752861634
8752861639
8752861640
8752861641
8752861643
8752861645
8752861646
8752861654
8752861655
8752861656
8752861657
8752861664
8752861665
8752861681
8752861683
8752861684
8752861685
8752861694
8752861697
8752861699
8752861700
8752861701
8752861702
8752861704
8752861722
8752861723
8752861725
8752861728
8752861729
8752861739
8752861740
8752861741
8752861742
8752861752
8752861753
8752861757
8752861758
8752861760
8752861761
8752861762
8752861763
8752861775
8752861776
8752861779
8752861780
8752861781
8752861782
8752861790
8752861791
8752861792
8752861793
8752861794
8752861795
8752861796
8752861799
8752861804
8752861805
8752861806
8752861811
8752861812
8752861818
8752861819
8752861837
8752861842
8752861848
8752861851
8752861852
8752861860
8752861861
8752861862
8752861863
8752861877
8752861885
8752861886
8752861887
8752861902
8752861911
8752861912
8752861913
8752861914
8752861919
8752861926
8752861927
8752861928
8752861930
8752861934
8752861935
8752861941
8752861942
8752861945
8752861956
8752861957
8752861959
8752861960
8752861962
8752861963
8752861975
8752861976
8752861977
8752861984
8752861985
8752861988
8752861989
8752861992
8752862003
8752862014
8752862015
8752862016
8752862017
8752862018
8752862029
8752862030
8752862034
8752862041
8752862043
8752862054
8752862056
8752862057
8752862059
8752862060
8752862069
8752862077
8752862078
8752862080
8752862082
8752862086
8752862087
8752862088
8752862097
8752862098
8752862100
8752862110
8752862111
8752862113
8752862117
8752862118
8752862121
8752862127
8752862129
8752862131
8752862135
8752862142
8752862144
8752862146
8752862147
8752862149
8752862150
8752862160
8752862162
8752862166
8752862172
8752862174
8752862175
8752862176
8752862177
8752862184
8752862188
8752862189
8752862193
8752862195
8752862212
8752862218
8752862223
8752862224
8752862226
8752862227
8752862236
8752862248
8752862249
8752862250
8752862251
8752862254
8752862265
8752862266
8752862267
8752862276
8752862277
8752862279
8752862281
8752862285
8752862286
8752862287
8752862294
8752862298
8752862307
8752862310
8752862313
8752862314
8752862319
8752862320
8752862321
8752862323
8752862324
8752862325
8752862326
8752862327
8752862337
8752862339
8752862341
8752862342
8752862343
8752862344
8752862345
8752862347
8752862359
8752862360
8752862362
8752862364
8752862365
8752862375
8752862379
8752862380
8752862387
8752862389
8752862398
8752862410
8752862411
8752862412
8752862413
8752862414
8752862415
8752862417
8752862418
8752862419
8752862421
8752862431
8752862432
8752862435
8752862436
8752862437
8752862446
8752862449
8752862450
8752862456
8752862457
8752862459
8752862469
8752862470
8752862471
8752862474
8752862483
8752862484
8752862488
8752862489
8752862499
8752862500
8752862501
8752862502
8752862503
8752862505
8752862508
8752862509
8752862512
8752862513
8752862517
8752862518
8752862519
8752862525
8752862526
8752862527
8752862528
8752862529
8752862534
8752862537
8752862538
8752862540
8752862544
8752862545
8752862551
8752862552
8752862557
8752862558
8752862562
8752862569
8752862572
8752862573
8752862574
8752862575
8752862577
8752862578
8752862589
8752862592
8752862605
8752862608
8752862609
8752862610
8752862616
8752862624
8752862630
8752862632
8752862636
8752862638
8752862639
8752862642
8752862643
8752862645
8752862647
8752862661
8752862662
8752862663
8752862665
8752862667
8752862677
8752862679
8752862680
8752862681
8752862682
8752862683
8752862686
8752862696
8752862707
8752862714
8752862716
8752862718
8752862720
8752862721
8752862722
8752862733
8752862734
8752862735
8752862736
8752862745
8752862748
8752862749
8752862757
8752862763
8752862764
8752862772
8752862773
8752862774
8752862775
8752862776
8752862778
8752862779
8752862787
8752862788
8752862791
8752862792
8752862793
8752862794
8752862795
8752862797
8752862798
8752862818
8752862819
8752862820
8752862823
8752862833
8752862834
8752862835
8752862838
8752862845
8752862846
8752862850
8752862851
8752862857
8752862858
8752862866
8752862870
8752862884
8752862885
8752862899
8752862907
8752862908
8752862913
8752862923
8752862925
8752862926
8752862932
8752862939
8752862941
8752862942
8752862944
8752862945
8752862946
8752862954
8752862956
8752862957
8752862958
8752862962
8752862963
8752862964
8752862966
8752862967
8752862979
8752862981
8752862989
8752862990
8752862991
8752862992
8752862993
8752862995
8752862997
8752863008
8752863025
8752863037
8752863040
8752863041
8752863043
8752863044
8752863046
8752863056
8752863057
8752863058
8752863059
8752863060
8752863062
8752863067
8752863068
8752863069
8752863075
8752863076
8752863080
8752863083
8752863084
8752863099
8752863100
8752863102
8752863103
8752863110
8752863118
8752863119
8752863120
8752863122
8752863125
8752863132
8752863134
8752863137
8752863144
8752863147
8752863153
8752863156
8752863158
8752863169
8752863170
8752863171
8752863179
8752863180
8752863182
8752863184
8752863187
8752863188
8752863189
8752863201
8752863205
8752863213
8752863215
8752863216
8752863218
8752863219
8752863226
8752863229
8752863235
8752863236
8752863237
8752863239
8752863241
8752863250
8752863262
8752863264
8752863265
8752863266
8752863279
8752863291
8752863294
8752863298
8752863300
8752863307
8752863308
8752863309
8752863319
8752863321
8752863323
8752863325
8752863327
8752863336
8752863340
8752863344
8752863360
8752863370
8752863373
8752863384
8752863392
8752863394
8752863395
8752863396
8752863403
8752863404
8752863405
8752863407
8752863414
8752863416
8752863420
8752863426
8752863429
8752863431
8752863437
8752863441
8752863442
8752863443
8752863444
8752863451
8752863453
8752863454
8752863456
8752863457
8752863458
8752863459
8752863460
8752863467
8752863468
8752863469
8752863480
8752863481
8752863482
8752863483
8752863484
8752863487
8752863489
8752863491
8752863492
8752863496
8752863497
8752863498
8752863501
8752863502
8752863511
8752863514
8752863522
8752863528
8752863535
8752863536
8752863537
8752863539
8752863548
8752863549
8752863550
8752863554
8752863556
8752863563
8752863566
8752863567
8752863568
8752863579
8752863580
8752863581
8752863592
8752863595
8752863604
8752863606
8752863607
8752863609
8752863611
8752863612
8752863614
8752863615
8752863622
8752863624
8752863625
8752863626
8752863634
8752863635
8752863636
8752863651
8752863655
8752863656
8752863658
8752863670
8752863672
8752863674
8752863675
8752863676
8752863679
8752863681
8752863692
8752863694
8752863695
8752863696
8752863698
8752863708
8752863709
8752863717
8752863718
8752863731
8752863734
8752863739
8752863740
8752863741
8752863743
8752863744
8752863746
8752863748
8752863750
8752863756
8752863757
8752863758
8752863761
8752863762
8752863764
8752863765
8752863771
8752863772
8752863773
8752863774
8752863777
8752863778
8752863782
8752863783
8752863785
8752863799
8752863800
8752863803
8752863808
8752863812
8752863820
8752863821
8752863822
8752863824
8752863826
8752863830
8752863836
8752863837
8752863838
8752863839
8752863841
8752863844
8752863845
8752863846
8752863849
8752863850
8752863851
8752863869
8752863879
8752863880
8752863882
8752863884
8752863885
8752863886
8752863887
8752863888
8752863889
8752863891
8752863894
8752863899
8752863900
8752863901
8752863908
8752863916
8752863919
8752863920
8752863921
8752863922
8752863923
8752863924
8752863934
8752863935
8752863938
8752863942
8752863943
8752863944
8752863945
8752863957
8752863958
8752863969
8752863977
8752863978
8752863979
8752863980
8752863988
8752863989
8752863990
8752864001
8752864004
8752864007
8752864010
8752864011
8752864014
8752864015
8752864025
8752864027
8752864028
8752864029
8752864031
8752864033
8752864035
8752864041
8752864042
8752864043
8752864044
8752864051
8752864052
8752864053
8752864055
8752864056
8752864057
8752864058
8752864067
8752864069
8752864070
8752864071
8752864077
8752864078
8752864081
8752864082
8752864084
8752864093
8752864094
8752864097
8752864098
8752864100
8752864101
8752864102
8752864112
8752864114
8752864115
8752864116
8752864118
8752864119
8752864125
8752864126
8752864133
8752864135
8752864140
8752864141
8752864143
8752864144
8752864145
8752864157
8752864159
8752864170
8752864183
8752864184
8752864188
8752864189
8752864195
8752864196
8752864197
8752864203
8752864204
8752864206
8752864208
8752864209
8752864210
8752864211
8752864213
8752864219
8752864220
8752864223
8752864233
8752864238
8752864249
8752864251
8752864253
8752864256
8752864264
8752864265
8752864276
8752864277
8752864279
8752864280
8752864281
8752864282
8752864283
8752864294
8752864299
8752864301
8752864302
8752864303
8752864304
8752864308
8752864309
8752864310
8752864311
8752864312
8752864315
8752864318
8752864326
8752864329
8752864343
8752864344
8752864345
8752864348
8752864360
8752864361
8752864362
8752864366
8752864367
8752864368
8752864371
8752864373
8752864376
8752864388
8752864391
8752864393
8752864395
8752864401
8752864403
8752864404
8752864405
8752864406
8752864416
8752864418
8752864421
8752864429
8752864430
8752864432
8752864433
8752864434
8752864450
8752864453
8752864456
8752864457
8752864462
8752864463
8752864480
8752864481
8752864482
8752864490
8752864493
8752864496
8752864505
8752864506
8752864511
8752864514
8752864528
8752864530
8752864533
8752864534
8752864537
8752864543
8752864544
8752864547
8752864566
8752864567
8752864579
8752864581
8752864585
8752864595
8752864599
8752864611
8752864613
8752864615
8752864623
8752864624
8752864625
8752864626
8752864629
8752864630
8752864634
8752864635
8752864647
8752864648
8752864649
8752864651
8752864652
8752864653
8752864664
8752864668
8752864680
8752864682
8752864694
8752864695
8752864696
8752864698
8752864699
8752864700
8752864701
8752864705
8752864706
8752864707
8752864716
8752864718
8752864722
8752864723
8752864724
8752864731
8752864732
8752864735
8752864743
8752864744
8752864746
8752864747
8752864749
8752864750
8752864758
8752864760
8752864762
8752864769
8752864770
8752864771
8752864772
8752864774
8752864784
8752864785
8752864786
8752864787
8752864795
8752864797
8752864804
8752864807
8752864808
8752864816
8752864817
8752864831
8752864832
8752758493
8752864842
8752864843
8752864844
8752864845
8752864846
8752864848
8752864860
8752864862
8752864871
8752864872
8752864876
8752864877
8752864879
8752864880
8752864881
8752864883
8752864884
8752864891
8752864892
8752864893
8752864894
8752864896
8752864897
8752864899
8752864918
8752864924
8752864925
8752864926
8752864930
8752864932
8752864933
8752864934
8752864935
8752864936
8752864938
8752864942
8752864943
8752864945
8752864947
8752864949
8752864951
8752864952
8752864962
8752864965
8752864967
8752864968
8752864976
8752864977
8752864988
8752864990
8752864994
8752865004
8752865005
8752865008
8752865011
8752865012
8752865013
8752865031
8752865043
8752865044
8752865045
8752865055
8752865057
8752865058
8752865060
8752865072
8752865073
8752865076
8752865078
8752865089
8752865093
8752865094
8752865095
8752865096
8752865101
8752865102
8752865104
8752865105
8752865106
8752865107
8752865117
8752865127
8752865134
8752865135
8752865136
8752865138
8752865139
8752865140
8752865141
8752865143
8752865144
8752865156
8752865158
8752865159
8752865162
8752865163
8752865172
8752865173
8752865176
8752865180
8752865192
8752865195
8752865196
8752865198
8752865205
8752865206
8752865207
8752865211
8752865219
8752865220
8752865222
8752865223
8752865225
8752865226
8752865227
8752865232
8752865233
8752865237
8752865250
8752865251
8752865252
8752865253
8752865254
8752865260
8752865262
8752865275
8752865277
8752865279
8752865286
8752865287
8752865288
8752865289
8752865300
8752865303
8752865314
8752865315
8752865317
8752865318
8752865325
8752865330
8752865331
8752865344
8752865356
8752865358
8752865360
8752865361
8752865367
8752865368
8752865371
8752865375
8752865379
8752865380
8752865381
8752865382
8752865390
8752865391
8752865393
8752865394
8752865395
8752865403
8752865404
8752865416
8752865418
8752865419
8752865420
8752865428
8752865429
8752865431
8752865433
8752865435
8752865436
8752865438
8752865451
8752865452
8752865455
8752865457
8752865464
8752865465
8752865466
8752865467
8752865469
8752865470
8752865477
8752865484
8752865486
8752865489
8752865497
8752865498
8752865499
8752865500
8752865502
8752865504
8752865518
8752865525
8752865533
8752865535
8752865536
8752865539
8752865542
8752865543
8752865545
8752865546
8752865555
8752865558
8752865560
8752865569
8752865570
8752865571
8752865572
8752865573
8752865574
8752865575
8752865578
8752865581
8752865582
8752865584
8752865592
8752865593
8752865594
8752865597
8752865599
8752865601
8752865611
8752865612
8752865614
8752865615
8752865617
8752865626
8752865628
8752734558
8752734559
8752734561
8752734562
8752734565
8752865638
8752734571
8752734574
8752734575
8752734576
8752865649
8752865650
8752865651
8752734582
8752734583
8752865662
8752734590
8752865664
8752734592
8752865666
8752865667
8752865668
8752734598
8752734599
8752734600
8752734601
8752865675
8752734611
8752865684
8752734612
8752865686
8752865687
8752865689
8752734622
8752865698
8752865699
8752865701
8752734630
8752734632
8752865706
8752865707
8752734639
8752734641
8752734642
8752734643
8752865716
8752734645
8752734646
8752865719
8752865720
8752865721
8752734648
8752865725
8752734654
8752734657
8752734658
8752734660
8752865742
8752734671
8752734670
8752865746
8752865747
8752865748
8752865750
8752865752
8752734682
8752865758
8752865759
8752865763
8752734692
8752865768
8752865769
8752865770
8752865774
8752734708
8752734709
8752865782
8752734711
8752734712
8752865785
8752734714
8752865787
8752734713
8752734710
8752734721
8752734722
8752865796
8752865797
8752734726
8752865799
8752734728
8752865801
8752734727
8752865808
8752865810
8752734739
8752734740
8752734741
8752865814
8752734743
8752734744
8752734745
8752865818
8752734742
8752734750
8752865825
8752865828
8752734763
8752865838
8752865840
8752865842
8752734771
8752865845
8752865846
8752734775
8752734776
8752734778
8752734779
8752734780
8752865857
8752865860
8752865861
8752865862
8752865863
8752734791
8752865871
8752734801
8752865874
8752734804
8752865882
8752865883
8752734812
8752734813
8752734815
8752865888
8752865890
8752734821
8752734822
8752734824
8752734825
8752865901
8752865902
8752865903
8752865904
8752734831
8752865907
8752865908
8752734839
8752734847
8752734848
8752734849
8752734851
8752865924
8752865925
8752865926
8752865927
8752734853
8752865929
8752865930
8752734852
8752734862
8752865939
8752734869
8752865945
8752865946
8752865947
8752734874
8752865950
8752734882
8752865955
8752865956
8752865957
8752865958
8752734883
8752865960
8752865961
8752734890
8752734888
8752865969
8752865970
8752734899
8752865972
8752865973
8752865974
8752734904
8752865977
8752734906
8752734905
8752734911
8752734912
8752865985
8752865986
8752734913
8752865992
8752734921
8752734922
8752734920
8752866001
8752734931
8752866005
8752866006
8752866007
8752866008
8752734939
8752734940
8752734941
8752734943
8752734944
8752734945
8752866019
8752866020
8752866022
8752866023
8752866024
8752734952
8752734958
8752734959
8752866032
8752866033
8752866034
8752866035
8752866036
8752734971
8752734972
8752866045
8752866046
8752734975
8752734974
8752734973
8752866051
8752866056
8752866057
8752734987
8752866061
8752734997
8752734998
8752866073
8752735002
8752735003
8752866076
8752735005
8752735004
8752866081
8752866083
8752735015
8752735017
8752866091
8752866097
8752735029
8752735031
8752735032
8752735033
8752866109
8752735038
8752866111
8752735040
8752866113
8752866114
8752735051
8752735052
8752866126
8752735054
8752866128
8752866129
8752735060
8752866134
8752866135
8752866136
8752735065
8752735063
8752735062
8752735071
8752735072
8752866145
8752735074
8752866147
8752735075
8752735073
8752735078
8752866153
8752866154
8752735083
8752866156
8752735084
8752866158
8752735092
8752735093
8752866166
8752735094
8752866168
8752866169
8752735097
8752866171
8752735100
8752735096
8752735102
8752735103
8752866181
8752866182
8752866183
8752735111
8752866185
8752735114
8752735113
8752735109
8752735119
8752735120
8752735121
8752866194
8752866195
8752735124
8752866197
8752735125
8752866199
8752735123
8752735122
8752735130
8752866204
8752866205
8752866206
8752735132
8752735139
8752735141
8752866214
8752866215
8752735144
8752866218
8752866220
8752866221
8752866223
8752735155
8752735156
8752866231
8752735159
8752866233
8752735161
8752866237
8752866238
8752735170
8752866243
8752866244
8752866245
8752866246
8752866247
8752866248
8752866249
8752735173
8752735172
8752735171
8752866259
8752735188
8752735187
8752735191
8752866265
8752866267
8752735197
8752735199
8752735200
8752866274
8752866275
8752866276
8752735205
8752735204
8752735203
8752866280
8752735208
8752735210
8752735211
8752735212
8752735213
8752735217
8752735219
8752866292
8752866293
8752866295
8752866296
8752735225
8752735226
8752735228
8752735236
8752735237
8752735238
8752866312
8752866313
8752735242
8752866315
8752866316
8752866317
8752866321
8752866322
8752735251
8752866324
8752866325
8752866326
8752735253
8752735252
8752735250
8752735249
8752866331
8752866332
8752866333
8752735260
8752866335
8752735268
8752735269
8752735271
8752866344
8752866345
8752866348
8752866349
8752866350
8752866351
8752866352
8752866353
8752735282
8752866355
8752735281
8752735280
8752866358
8752866359
8752735279
8752735295
8752866368
8752866369
8752735300
8752735302
8752866379
8752735313
8752735314
8752735318
8752866391
8752866392
8752735321
8752735320
8752735319
8752866403
8752866404
8752866406
8752866407
8752866408
8752866409
8752866410
8752866411
8752735339
8752735338
8752735334
8752866417
8752866419
8752866420
8752866422
8752866423
8752735352
8752735353
8752735350
8752735355
8752735356
8752866431
8752735361
8752866435
8752735363
8752735365
8752866438
8752735371
8752735373
8752866449
8752866451
8752866452
8752866453
8752866454
8752866455
8752866456
8752735385
8752735384
8752735388
8752735389
8752735392
8752735393
8752735395
8752866468
8752866469
8752866473
8752866475
8752866476
8752735407
8752866481
8752866482
8752866483
8752866484
8752735410
8752866486
8752866489
8752735417
8752735419
8752735421
8752735422
8752866497
8752866498
8752735427
8752735428
8752735429
8752866502
8752735433
8752735436
8752735437
8752735439
8752866513
8752866514
8752735447
8752735448
8752866522
8752735451
8752866524
8752735452
8752735454
8752866528
8752866530
8752866531
8752735459
8752735458
8752735464
8752735465
8752866540
8752866541
8752866543
8752735471
8752866550
8752866552
8752866554
8752735482
8752866557
8752735486
8752735485
8752735492
8752866565
8752866566
8752866567
8752735493
8752735497
8752735498
8752866571
8752735500
8752866573
8752735501
8752735499
8752735506
8752735507
8752735508
8752735510
8752866584
8752735513
8752866586
8752735515
8752735516
8752735514
8752735512
8752866591
8752735526
8752735528
8752866602
8752866603
8752866606
8752735534
8752735536
8752735541
8752866614
8752735543
8752866616
8752866617
8752735545
8752735544
8752866620
8752866621
8752735549
8752735542
8752735553
8752735556
8752866631
8752735561
8752735562
8752735567
8752735571
8752866646
8752866647
8752735576
8752735575
8752735574
8752866651
8752735583
8752735585
8752735586
8752735588
8752866663
8752866665
8752866666
8752866667
8752866668
8752735596
8752735595
8752735594
8752735593
8752735603
8752866676
8752866677
8752866678
8752866679
8752866680
8752866681
8752735609
8752866683
8752866684
8752735605
8752735618
8752866691
8752735619
8752866694
8752735626
8752735628
8752735629
8752735630
8752735632
8752735646
8752735647
8752866720
8752735649
8752735652
8752866728
8752866730
8752866732
8752735661
8752866734
8752735663
8752735671
8752866744
8752866745
8752735674
8752735675
8752735673
8752866750
8752735679
8752735680
8752735678
8752735682
8752866756
8752866758
8752735687
8752735688
8752735686
8752866764
8752866767
8752735695
8752735699
8752735700
8752866773
8752866774
8752866775
8752866779
8752866781
8752735710
8752866783
8752735713
8752735718
8752735719
8752735720
8752735721
8752866796
8752735729
8752866802
8752735731
8752866804
8752735733
8752866806
8752866807
8752735732
8752735738
8752735739
8752866812
8752866813
8752735742
8752866815
8752735741
8752735740
8752866819
8752735749
8752735750
8752866823
8752866825
8752735754
8752866827
8752866829
8752866830
8752735759
8752866832
8752735761
8752735762
8752735763
8752735764
8752735760
8752758890
8752735769
8752758891
8752866849
8752735778
8752866851
8752735780
8752735779
8752735787
8752735788
8752866861
8752866865
8752735794
8752735795
8752735796
8752735798
8752735800
8752735801
8752866874
8752735802
8752866876
8752866877
8752866878
8752735805
8752866882
8752866885
8752866886
8752866887
8752866888
8752735823
8752735825
8752866898
8752735826
8752866900
8752866901
8752866902
8752866903
8752866904
8752735831
8752735830
8752735840
8752866914
8752866917
8752866920
8752735850
8752735853
8752735854
8752866930
8752866931
8752866932
8752735861
8752866934
8752735862
8752735867
8752735868
8752866944
8752866945
8752735873
8752735875
8752866948
8752866949
8752866950
8752735878
8752866952
8752735881
8752735882
8752735876
8752735884
8752735886
8752866961
8752866962
8752866963
8752735893
8752735894
8752735896
8752866974
8752866975
8752866976
8752866977
8752866978
8752866979
8752735907
8752866981
8752866982
8752735910
8752735909
8752735904
8752735914
8752735916
8752866991
8752866992
8752866993
8752866994
8752735921
8752735924
8752735919
8752735926
8752866999
8752735930
8752867003
8752867004
8752735935
8752735936
8752735937
8752735938
8752735939
8752735940
8752867014
8752867016
8752867018
8752735946
8752867022
8752867023
8752867024
8752867025
8752735954
8752735952
8752735956
8752735957
8752735958
8752867032
8752867033
8752867035
8752867036
8752867038
8752867039
8752735967
8752867043
8752867045
8752735974
8752735975
8752867048
8752867049
8752867050
8752735977
8752735985
8752735988
8752735989
8752867063
8752735992
8752735993
8752867068
8752867069
8752867070
8752867071
8752867072
8752736004
8752736005
8752736006
8752736008
8752736010
8752867084
8752867086
8752736017
8752736020
8752736024
8752867097
8752736033
8752867107
8752867108
8752867109
8752867110
8752736039
8752736038
8752736037
8752736035
8752736049
8752736050
8752867124
8752867125
8752867126
8752867127
8752736055
8752736052
8752867138
8752867139
8752736068
8752867141
8752867142
8752867143
8752736070
8752736066
8752736074
8752736076
8752736082
8752736083
8752867159
8752736088
8752867161
8752867162
8752736090
8752867164
8752867165
8752736092
8752867171
8752867172
8752867173
8752867174
8752736101
8752867176
8752867177
8752736099
8752736107
8752867182
8752867183
8752867184
8752736113
8752736114
8752867187
8752736116
8752736115
8752736112
8752867192
8752867193
8752867194
8752867195
8752867196
8752867197
8752736124
8752867199
8752736130
8752867204
8752867205
8752867206
8752736135
8752736133
8752867209
8752867210
8752867211
8752736140
8752867213
8752736147
8752736149
8752736150
8752867223
8752736151
8752867226
8752867227
8752867228
8752736158
8752736159
8752867237
8752736167
8752867240
8752867241
8752736169
8752736172
8752736175
8752736176
8752867249
8752867251
8752867252
8752736187
8752736188
8752736189
8752867263
8752867266
8752867270
8752867271
8752736200
8752736203
8752736207
8752867280
8752867281
8752736208
8752867283
8752867285
8752867286
8752867287
8752736218
8752736220
8752867300
8752867301
8752867302
8752736228
8752736239
8752736241
8752867318
8752867319
8752736248
8752867321
8752867322
8752736251
8752867324
8752867325
8752867326
8752736255
8752736253
8752736252
8752736250
8752867334
8752736262
8752867337
8752736266
8752867339
8752736274
8752736275
8752736276
8752867352
8752736283
8752867356
8752867357
8752867358
8752867359
8752736288
8752736287
8752736285
8752867367
8752736299
8752736300
8752736301
8752736302
8752867377
8752867378
8752867379
8752867380
8752867381
8752736312
8752736316
8752867389
8752867390
8752736317
8752867398
8752867400
8752736329
8752736328
8752736331
8752736340
8752736344
8752867417
8752867418
8752867420
8752867423
8752867424
8752736353
8752867426
8752736354
8752867428
8752736357
8752867430
8752867435
8752736364
8752867437
8752867438
8752736366
8752736369
8752736370
8752736373
8752736374
8752867448
8752867450
8752867451
8752736381
8752867457
8752736390
8752736391
8752867467
8752867468
8752867470
8752867472
8752867473
8752867475
8752867476
8752867477
8752867478
8752736410
8752736412
8752736413
8752867486
8752736414
8752867490
8752736419
8752736418
8752736422
8752867496
8752867497
8752867501
8752867502
8752736431
8752867504
8752867505
8752867506
8752867507
8752736433
8752736432
8752736429
8752867512
8752736440
8752736442
8752867516
8752736445
8752736451
8752736452
8752867526
8752736454
8752867528
8752867529
8752736456
8752867532
8752867533
8752867535
8752867536
8752867542
8752736472
8752867545
8752867546
8752736473
8752736478
8752736479
8752759032
8752736481
8752867555
8752736484
8752736485
8752736486
8752736483
8752867563
8752867564
8752736492
8752867566
8752867568
8752736502
8752867575
8752736504
8752736503
8752736506
8752867580
8752867581
8752867584
8752867587
8752736515
8752736519
8752736523
8752736524
8752736525
8752736526
8752736527
8752736532
8752736534
8752736535
8752736536
8752736537
8752867610
8752736539
8752736538
8752867613
8752867614
8752736543
8752736544
8752867620
8752736551
8752736552
8752867626
8752867628
8752867629
8752867630
8752867631
8752867632
8752867633
8752736562
8752736563
8752867636
8752867637
8752867638
8752867639
8752736567
8752736566
8752736564
8752867644
8752867645
8752736575
8752736577
8752736578
8752867653
8752867654
8752736582
8752736581
8752867658
8752867660
8752736589
8752867662
8752736591
8752867664
8752736593
8752736590
8752736595
8752736599
8752867673
8752736604
8752867685
8752867686
8752867687
8752867688
8752867690
8752736620
8752736621
8752736623
8752867697
8752867698
8752867699
8752867700
8752736626
8752867703
8752867704
8752867705
8752736636
8752867713
8752736643
8752736644
8752736646
8752736654
8752736655
8752867728
8752867730
8752867732
8752867733
8752867735
8752867736
8752736664
8752867738
8752867739
8752736663
8752867744
8752867745
8752867746
8752736674
8752867754
8752867755
8752867756
8752867757
8752867758
8752736690
8752736691
8752736692
8752736694
8752736695
8752736697
8752867770
8752867772
8752867773
8752867774
8752736703
8752867778
8752867779
8752736708
8752736709
8752736707
8752867785
8752867788
8752867789
8752867790
8752736719
8752736725
8752867798
8752736727
8752736726
8752736729
8752867802
8752867803
8752867804
8752867805
8752736730
8752867807
8752867808
8752867809
8752867810
8752867811
8752736739
8752736738
8752736737
8752736743
8752736744
8752736745
8752867818
8752867819
8752736746
8752867821
8752867822
8752736756
8752736759
8752736761
8752867835
8752736767
8752736774
8752736776
8752867849
8752736783
8752736784
8752867857
8752867858
8752867859
8752736788
8752867863
8752736794
8752736795
8752736796
8752867869
8752736798
8752736797
8752736800
8752736806
8752867879
8752736808
8752867881
8752867882
8752867883
8752736810
8752736809
8752736817
8752736818
8752867891
8752867892
8752867894
8752867896
8752867898
8752736826
8752736829
8752736835
8752867908
8752736836
8752867911
8752736839
8752867913
8752736841
8752867915
8752736843
8752736846
8752736848
8752736849
8752736853
8752867927
8752867928
8752867929
8752867930
8752867931
8752736859
8752867933
8752867934
8752736863
8752736864
8752736865
8752867938
8752736861
8752867944
8752736873
8752736875
8752736882
8752736883
8752736884
8752736885
8752736886
8752736887
8752867960
8752867961
8752736889
8752867964
8752867965
8752736901
8752867974
8752867975
8752867976
8752736905
8752736904
8752736907
8752736908
8752867981
8752736903
8752867984
8752736922
8752867996
8752867998
8752867999
8752868001
8752736930
8752736931
8752736933
8752736938
8752736939
8752736940
8752736941
8752868014
8752736943
8752736944
8752736945
8752736942
8752736947
8752736948
8752868022
8752736950
8752868024
8752868027
8752868028
8752868029
8752868030
8752736963
8752868036
8752868037
8752868038
8752868039
8752868040
8752736965
8752736970
8752736964
8752736973
8752736980
8752868054
8752868055
8752868056
8752868057
8752868058
8752736986
8752868065
8752868066
8752868067
8752736997
8752868070
8752737002
8752737004
8752737013
8752868086
8752737015
8752868088
8752868089
8752868090
8752737018
8752868092
8752737021
8752868094
8752737017
8752737016
8752737027
8752737028
8752737029
8752868102
8752868103
8752737031
8752868105
8752868106
8752737030
8752737036
8752737038
8752737039
8752737040
8752737041
8752737042
8752868118
8752868119
8752737048
8752737049
8752737050
8752868123
8752868124
8752737057
8752737058
8752737059
8752737062
8752868138
8752868142
8752737071
8752868144
8752737072
8752737070
8752868152
8752868153
8752868154
8752868155
8752737085
8752868161
8752868162
8752868164
8752868168
8752868169
8752737099
8752868177
8752868178
8752737113
8752737115
8752737116
8752868190
8752737119
8752868195
8752868196
8752868197
8752868198
8752737126
8752737125
8752737124
8752737133
8752737134
8752737136
8752737137
8752737138
8752737139
8752868213
8752868215
8752737147
8752737151
8752737152
8752737153
8752737155
8752737156
8752868231
8752868232
8752868233
8752868234
8752737160
8752737159
8752868237
8752737166
8752868246
8752737174
8752868248
8752737176
8752868250
8752737179
8752868252
8752737181
8752737182
8752737180
8752737184
8752737178
8752868263
8752868264
8752868265
8752737192
8752868267
8752868268
8752868269
8752737191
8752868272
8752868274
8752737203
8752737202
8752737206
8752737207
8752737208
8752737209
8752737210
8752737211
8752737212
8752868287
8752737220
8752737221
8752737223
8752868297
8752868298
8752737227
8752737228
8752868301
8752868302
8752737231
8752737230
8752737239
8752868312
8752737241
8752868314
8752737242
8752868316
8752737246
8752737248
8752868326
8752868327
8752737255
8752737257
8752737258
8752737259
8752737254
8752737263
8752737265
8752737266
8752737267
8752868340
8752737268
8752868342
8752868344
8752737275
8752737276
8752737277
8752737278
8752868353
8752868354
8752868355
8752868356
8752868357
8752868358
8752737283
8752737288
8752737289
8752737293
8752737294
8752737296
8752868369
8752868370
8752868371
8752737300
8752868373
8752737302
8752868375
8752737297
8752868381
8752868384
8752868385
8752737312
8752737315
8752868390
8752868391
8752868392
8752868393
8752868395
8752868397
8752737326
8752737327
8752868400
8752868401
8752868402
8752737330
8752868404
8752868405
8752737325
8752737335
8752868408
8752868409
8752868410
8752737340
8752737343
8752737344
8752737345
8752868423
8752868424
8752868425
8752868428
8752737357
8752868430
8752737358
8752737363
8752737369
8752737370
8752737371
8752737372
8752868446
8752868449
8752737377
8752868451
8752737388
8752737389
8752868462
8752868465
8752868466
8752868467
8752868468
8752737396
8752737398
8752737399
8752737394
8752737393
8752737405
8752737407
8752868480
8752868481
8752868482
8752737411
8752737409
8752868486
8752868487
8752737416
8752868491
8752868492
8752868494
8752868495
8752868497
8752868498
8752737428
8752737429
8752868505
8752737434
8752868507
8752868508
8752737436
8752737438
8752868511
8752737440
8752737441
8752868514
8752868516
8752868517
8752868524
8752737453
8752868526
8752737454
8752868529
8752868530
8752868533
8752737466
8752868539
8752737468
8752737471
8752737472
8752737475
8752868548
8752737476
8752868550
8752737478
8752868552
8752868553
8752737480
8752737483
8752868556
8752868558
8752868559
8752737489
8752737492
8752737497
8752868571
8752737510
8752737511
8752737512
8752868588
8752868589
8752868592
8752737521
8752737520
8752868596
8752868598
8752737534
8752868607
8752868608
8752737537
8752868610
8752868617
8752868618
8752737547
8752737548
8752868621
8752737550
8752737551
8752737546
8752868625
8752868627
8752868628
8752868629
8752737563
8752868638
8752868640
8752737569
8752737568
8752868644
8752868650
8752868652
8752737581
8752868654
8752737584
8752737587
8752868663
8752868667
8752868669
8752868670
8752737598
8752737597
8752737606
8752868679
8752737608
8752737607
8752737610
8752737611
8752868684
8752737612
8752868687
8752868688
8752737619
8752737623
8752737624
8752868697
8752868698
8752868699
8752737626
8752868701
8752868702
8752737625
8752868704
8752868705
8752737633
8752737635
8752737636
8752868709
8752737642
8752737644
8752737645
8752737646
8752868719
8752737655
8752737656
8752737657
8752868733
8752737662
8752868735
8752737664
8752868737
8752737661
8752737671
8752737672
8752868745
8752737673
8752868747
8752737676
8752868749
8752868751
8752737683
8752737684
8752737685
8752737686
8752868759
8752868761
8752868763
8752868764
8752737692
8752868766
8752868767
8752737696
8752737695
8752737694
8752737699
8752737703
8752868777
8752868779
8752868780
8752737709
8752737710
8752737711
8752737712
8752737713
8752737708
8752868789
8752868791
8752868792
8752737721
8752737722
8752737723
8752737720
8752737725
8752737726
8752868799
8752868800
8752868801
8752868802
8752868803
8752737728
8752737734
8752737735
8752737736
8752737737
8752868810
8752868811
8752868812
8752868816
8752868819
8752868820
8752737747
8752868822
8752868823
8752868824
8752868825
8752737759
8752868833
8752868835
8752868837
8752868838
8752737767
8752868840
8752868841
8752737769
8752737772
8752868845
8752737776
8752737777
8752868850
8752868851
8752737780
8752737781
8752737779
8752737778
8752868860
8752868861
8752737790
8752868863
8752737791
8752737789
8752737799
8752737800
8752868873
8752868876
8752737808
8752737809
8752737810
8752737811
8752737813
8752737817
8752737818
8752737820
8752868893
8752868894
8752868899
8752868900
8752868901
8752868902
8752737831
8752737832
8752737830
8752868907
8752737835
8752868912
8752868913
8752737841
8752868916
8752868917
8752868918
8752737847
8752737846
8752868927
8752737856
8752868929
8752737857
8752737855
8752737862
8752868936
8752868937
8752868938
8752868939
8752868940
8752737868
8752737867
8752737871
8752737872
8752868945
8752737866
8752868948
8752737881
8752737883
8752737884
8752737885
8752868958
8752737891
8752868964
8752737893
8752737892
8752737896
8752737897
8752868972
8752868973
8752737903
8752868976
8752868977
8752868978
8752737904
8752868981
8752868985
8752737915
8752737917
8752868991
8752868992
8752868993
8752868994
8752737923
8752737924
8752737925
8752737928
8752737929
8752869007
8752869008
8752869009
8752737937
8752737935
8752869018
8752869022
8752737952
8752737953
8752869029
8752869030
8752869031
8752737960
8752737959
8752869034
8752869035
8752869036
8752869037
8752869038
8752869039
8752737967
8752737969
8752737970
8752737971
8752737965
8752869048
8752737978
8752869052
8752737981
8752869054
8752737982
8752869056
8752737980
8752737987
8752737989
8752737990
8752737991
8752737992
8752869067
8752869068
8752869069
8752737997
8752738001
8752738002
8752738003
8752869081
8752869082
8752738012
8752738013
8752869088
8752738017
8752869091
8752869093
8752738024
8752869098
8752869099
8752738027
8752738026
8752869102
8752869105
8752738034
8752738036
8752738037
8752738038
8752869113
8752869114
8752869115
8752738043
8752869117
8752869118
8752869119
8752738041
8752869121
8752738050
8752738049
8752738052
8752738061
8752738062
8752869135
8752738064
8752869137
8752738063
8752869143
8752869146
8752869153
8752869155
8752738083
8752869157
8752738085
8752869159
8752738089
8752738091
8752869167
8752869168
8752738097
8752738099
8752738100
8752869178
8752869179
8752869181
8752869182
8752869183
8752738112
8752869185
8752738114
8752738113
8752738110
8752869191
8752869192
8752869193
8752869194
8752869195
8752738122
8752738128
8752738130
8752738131
8752738132
8752869206
8752869207
8752869208
8752738138
8752738139
8752738140
8752869214
8752738142
8752869216
8752738144
8752869218
8752869219
8752869220
8752738153
8752738154
8752738158
8752869231
8752738160
8752869234
8752869235
8752869236
8752869239
8752738168
8752869241
8752869242
8752869243
8752738170
8752869250
8752869251
8752869253
8752738182
8752738184
8752738186
8752869262
8752869263
8752869264
8752738192
8752738194
8752869267
8752738196
8752869269
8752869270
8752869280
8752869281
8752738210
8752738211
8752738212
8752738219
8752738220
8752738221
8752738222
8752869295
8752738225
8752869298
8752738227
8752738228
8752738226
8752869302
8752738237
8752869312
8752738241
8752738242
8752869315
8752738243
8752738245
8752869318
8752738240
8752738255
8752738256
8752738258
8752738259
8752738260
8752869333
8752869334
8752869335
8752738262
8752869337
8752738268
8752738269
8752869345
8752869346
8752869347
8752738279
8752869357
8752738286
8752869359
8752869360
8752738289
8752738290
8752869363
8752738291
8752869365
8752869366
8752738293
8752738302
8752869375
8752738304
8752869377
8752738306
8752869379
8752869380
8752869381
8752869382
8752869383
8752738310
8752738309
8752738307
8752738319
8752869392
8752738321
8752869394
8752869395
8752869397
8752869399
8752869400
8752869401
8752738329
8752738331
8752738327
8752869408
8752869409
8752869410
8752738339
8752738340
8752738338
8752738337
8752869417
8752869419
8752869420
8752738348
8752869422
8752738351
8752738352
8752738353
8752738350
8752738347
8752738361
8752738364
8752869438
8752869439
8752869441
8752869442
8752869443
8752738372
8752738373
8752738371
8752869447
8752738370
8752738377
8752869452
8752869453
8752869455
8752869457
8752738386
8752738387
8752738385
8752738393
8752738396
8752869471
8752738399
8752738401
8752869475
8752738409
8752738410
8752869485
8752869486
8752869487
8752869488
8752869489
8752869491
8752869492
8752738421
8752738422
8752738425
8752738427
8752869501
8752869502
8752738431
8752738432
8752738433
8752869506
8752738434
8752869508
8752869509
8752869510
8752738436
8752738440
8752738441
8752738442
8752738443
8752869517
8752869520
8752869521
8752869522
8752869523
8752869525
8752869526
8752869527
8752738456
8752738457
8752738458
8752738455
8752738454
8752738453
8752869536
8752738465
8752869540
8752869541
8752869542
8752869543
8752869544
8752738473
8752869546
8752869547
8752869548
8752869549
8752738475
8752738474
8752738472
8752738482
8752738483
8752738484
8752869557
8752869558
8752869559
8752869560
8752738488
8752738487
8752738485
8752738492
8752869565
8752869567
8752738495
8752869569
8752869570
8752738503
8752738504
8752869583
8752738515
8752738517
8752738519
8752869592
8752869593
8752869594
8752869595
8752869596
8752738521
8752738520
8752869599
8752869600
8752738529
8752738527
8752869608
8752869609
8752869610
8752738539
8752869612
8752738538
8752869614
8752738547
8752738549
8752869627
8752869628
8752869630
8752869631
8752869632
8752738561
8752738562
8752738563
8752738566
8752738567
8752738568
8752738570
8752869645
8752869648
8752738576
8752869651
8752738579
8752869654
8752869655
8752869660
8752869661
8752738589
8752738588
8752869664
8752869665
8752738602
8752869675
8752869676
8752738604
8752738606
8752738607
8752738603
8752869681
8752869682
8752869683
8752869684
8752738611
8752738614
8752738615
8752738610
8752869694
8752738624
8752738625
8752738626
8752738628
8752869703
8752869706
8752869707
8752869709
8752738638
8752869711
8752869712
8752738637
8752738647
8752869722
8752738651
8752869725
8752738659
8752738662
8752738663
8752869737
8752738666
8752738667
8752738665
8752869742
8752869743
8752869744
8752738675
8752869749
8752738677
8752738679
8752738681
8752738683
8752869757
8752738687
8752869760
8752738689
8752738692
8752738693
8752869769
8752869770
8752869773
8752738702
8752738703
8752869780
8752869782
8752869783
8752869784
8752738712
8752738711
8752738715
8752738716
8752738717
8752738718
8752869791
8752738720
8752869793
8752869796
8752869797
8752869799
8752869800
8752738729
8752738730
8752738727
8752738732
8752738733
8752869810
8752869812
8752869813
8752738742
8752869815
8752869816
8752869817
8752869818
8752738747
8752738743
8752738756
8752869829
8752869834
8752869835
8752738762
8752738769
8752738779
8752869852
8752738781
8752738782
8752869855
8752869856
8752869857
8752869858
8752738785
8752738784
8752738783
8752738790
8752738794
8752738796
8752869869
8752869870
8752738799
8752738801
8752869874
8752738803
8752738802
8752869877
8752869885
8752869886
8752869887
8752869888
8752738816
8752869890
8752738819
8752738818
8752738821
8752738822
8752738823
8752738815
8752869902
8752738831
8752869905
8752738833
8752738837
8752869910
8752738839
8752738840
8752869915
8752869917
8752738850
8752738851
8752869930
8752738859
8752869932
8752738860
8752869936
8752869937
8752869938
8752738869
8752738870
8752869944
8752869945
8752869946
8752738874
8752738873
8752738878
8752738879
8752738880
8752869953
8752869954
8752869959
8752738890
8752869965
8752738893
8752738895
8752738896
8752869969
8752869970
8752738904
8752738905
8752738906
8752738907
8752738908
8752869982
8752869983
8752869985
8752869986
8752738916
8752738917
8752738919
8752869993
8752869994
8752738921
8752869997
8752869999
8752738929
8752738930
8752738931
8752870006
8752870007
8752738937
8752870010
8752870012
8752738941
8752738940
8752870015
8752738944
8752738945
8752738943
8752870019
8752870024
8752870025
8752738954
8752738956
8752738960
8752738961
8752870036
8752738967
8752738969
8752738970
8752738977
8752738978
8752870052
8752738983
8752870056
8752870057
8752870058
8752738985
8752738984
8752738991
8752870064
8752870065
8752870066
8752870067
8752738996
8752738994
8752738993
8752739000
8752870076
8752870077
8752870078
8752870083
8752739016
8752870096
8752870097
8752739026
8752739025
8752739029
8752739031
8752870104
8752870107
8752870109
8752870113
8752870114
8752739043
8752739044
8752870117
8752870118
8752870123
8752870124
8752870126
8752870127
8752739056
8752870129
8752739055
8752739054
8752739068
8752739069
8752870142
8752739070
8752870144
8752870146
8752870147
8752870148
8752739081
8752870160
8752870161
8752739090
8752870163
8752870164
8752739093
8752739094
8752870167
8752739096
8752739097
8752739092
8752739091
8752739101
8752739103
8752739105
8752739106
8752870180
8752739114
8752739120
8752739122
8752739124
8752739125
8752870198
8752739127
8752739136
8752739141
8752870215
8752739149
8752739151
8752739155
8752870229
8752870231
8752739163
8752870236
8752870237
8752870238
8752739174
8752870247
8752739177
8752870250
8752870252
8752870253
8752870255
8752739184
8752739186
8752739187
8752870263
8752870264
8752870265
8752739195
8752739196
8752739198
8752870271
8752870272
8752870273
8752870274
8752870275
8752739201
8752870277
8752739200
8752870279
8752870281
8752739211
8752739214
8752870287
8752870290
8752870291
8752870293
8752870299
8752739232
8752739233
8752870306
8752739234
8752870309
8752870310
8752870311
8752870312
8752739242
8752739247
8752739249
8752739250
8752739251
8752739252
8752739253
8752739255
8752870328
8752870332
8752870333
8752739266
8752739268
8752870341
8752870342
8752870343
8752739274
8752739275
8752870348
8752870349
8752739277
8752739276
8752870353
8752870355
8752739285
8752870358
8752870359
8752870360
8752739288
8752739287
8752739286
8752870367
8752870368
8752739297
8752739298
8752870373
8752739301
8752739303
8752739304
8752870383
8752870384
8752870385
8752870386
8752739315
8752739316
8752870389
8752870391
8752739321
8752739322
8752739323
8752870398
8752739327
8752870400
8752739329
8752739328
8752870403
8752870404
8752870405
8752739333
8752739335
8752739336
8752739337
8752739332
8752739331
8752870414
8752739343
8752870416
8752739344
8752870418
8752870421
8752870422
8752870425
8752739354
8752870427
8752870428
8752739356
8752870430
8752739353
8752870434
8752739363
8752870437
8752739371
8752870447
8752870448
8752870449
8752870450
8752870452
8752870453
8752739384
8752739385
8752739386
8752870461
8752870465
8752870466
8752739395
8752870473
8752739404
8752870477
8752739410
8752870483
8752870484
8752870485
8752739414
8752739413
8752739416
8752739412
8752739423
8752870496
8752870497
8752739425
8752870499
8752870500
8752870501
8752870503
8752870504
8752870505
8752739433
8752739438
8752870512
8752870513
8752739442
8752870515
8752870516
8752739441
8752739440
8752739447
8752870520
8752739449
8752739450
8752739448
8752870524
8752870525
8752870526
8752870527
8752870528
8752870529
8752739458
8752739452
8752870532
8752739461
8752739462
8752739460
8752739464
8752739465
8752870544
8752870545
8752870546
8752739475
8752739476
8752739474
8752739478
8752739479
8752870557
8752870558
8752739485
8752870560
8752739491
8752870567
8752870569
8752870570
8752870571
8752870572
8752870573
8752870574
8752739503
8752739502
8752739501
8752739506
8752739498
8752739509
8752870582
8752870583
8752739512
8752870585
8752739514
8752739513
8752739517
8752739518
8752739519
8752870592
8752870593
8752870594
8752870595
8752739522
8752739521
8752870598
8752739520
8752870602
8752870604
8752870605
8752870606
8752870607
8752870608
8752870609
8752739536
8752739533
8752739540
8752739532
8752870616
8752739544
8752870618
8752739547
8752739549
8752739556
8752870632
8752870635
8752739565
8752739566
8752739567
8752739568
8752739569
8752739570
8752739577
8752870650
8752870651
8752870652
8752870653
8752739580
8752739579
8752739578
8752739593
8752870666
8752870667
8752739595
8752870670
8752870672
8752870673
8752870675
8752739603
8752739605
8752739607
8752870681
8752870682
8752739609
8752739612
8752870685
8752739615
8752870694
8752870695
8752739625
8752870698
8752870699
8752739626
8752870707
8752870708
8752739636
8752739638
8752870711
8752870717
8752870718
8752870719
8752739648
8752739649
8752739647
8752739653
8752870729
8752870730
8752739660
8752870734
8752870735
8752870736
8752739663
8752870742
8752739673
8752739681
8752870754
8752739683
8752759669
8752870758
8752739688
8752870769
8752870770
8752739699
8752739700
8752870773
8752870774
8752739698
8752870776
8752739705
8752739706
8752739707
8752739710
8752739711
8752739712
8752739713
8752870786
8752739714
8752870788
8752870789
8752739717
8752870792
8752739720
8752870794
8752870795
8752739724
8752739726
8752739728
8752739729
8752739730
8752870803
8752739731
8752870805
8752739734
8752870813
8752739743
8752739746
8752739747
8752739749
8752739750
8752870823
8752870824
8752870825
8752870826
8752870827
8752739751
8752870835
8752870837
8752870838
8752870839
8752870840
8752870841
8752870842
8752739766
8752739775
8752739776
8752870857
8752870858
8752870859
8752739788
8752739789
8752870862
8752870863
8752870864
8752739790
8752739794
8752739797
8752870871
8752870872
8752870874
8752739803
8752739805
8752739807
8752739808
8752739809
8752739812
8752870886
8752870887
8752870888
8752870890
8752870891
8752870892
8752870893
8752739820
8752739824
8752739825
8752739827
8752739829
8752870902
8752870903
8752739830
8752870907
8752870908
8752870909
8752739838
8752870911
8752739839
8752870914
8752739843
8752739844
8752870917
8752739845
8752870919
8752739842
8752739856
8752870929
8752870930
8752870931
8752739860
8752739859
8752870937
8752870944
8752870945
8752739874
8752739875
8752870948
8752870950
8752870951
8752739880
8752739879
8752739878
8752870956
8752870959
8752739890
8752870963
8752870964
8752739891
8752870967
8752870968
8752739897
8752739898
8752739895
8752739906
8752870982
8752870986
8752739915
8752739916
8752739914
8752870994
8752870995
8752870996
8752870998
8752739927
8752739929
8752871009
8752871010
8752739939
8752739940
8752739938
8752739937
8752739944
8752739945
8752871018
8752739946
8752739957
8752871030
8752871031
8752871032
8752739959
8752739958
8752871036
8752871037
8752739966
8752739965
8752871047
8752871049
8752871050
8752871051
8752739979
8752739978
8752739977
8752871058
8752739987
8752871062
8752871063
8752739991
8752739996
8752871071
8752871073
8752871074
8752740007
8752740008
8752740019
8752740020
8752871093
8752871096
8752740025
8752871098
8752871099
8752740027
8752871105
8752871106
8752740035
8752871108
8752871109
8752871110
8752740038
8752871118
8752871119
8752871121
8752740050
8752871123
8752740051
8752871125
8752871126
8752871127
8752740049
8752871132
8752871133
8752740063
8752871136
8752740065
8752740064
8752871143
8752871144
8752871145
8752871146
8752740075
8752740076
8752740080
8752871154
8752871155
8752740088
8752740091
8752740092
8752871165
8752871166
8752740093
8752871168
8752740099
8752740100
8752871173
8752871174
8752740101
8752871176
8752871178
8752871179
8752871186
8752740115
8752871188
8752871189
8752871190
8752871191
8752871192
8752740121
8752740120
8752740123
8752740117
8752740131
8752740135
8752871209
8752871211
8752740141
8752740142
8752871216
8752740144
8752740146
8752871219
8752871221
8752871223
8752871225
8752740153
8752871231
8752871233
8752740164
8752871237
8752871238
8752871239
8752740173
8752740174
8752871249
8752871250
8752871251
8752871252
8752740180
8752871254
8752740182
8752871258
8752740188
8752740189
8752740192
8752871265
8752871266
8752740195
8752740194
8752871269
8752871270
8752740193
8752871276
8752871277
8752871280
8752740210
8752871283
8752740211
8752740218
8752740219
8752871296
8752740226
8752740227
8752740228
8752740230
8752871306
8752871307
8752740236
8752871309
8752740239
8752871312
8752871313
8752871314
8752740240
8752871319
8752871321
8752740250
8752871323
8752871327
8752740257
8752740258
8752740260
8752871338
8752871339
8752871341
8752740269
8752871344
8752871351
8752871353
8752871354
8752740282
8752740284
8752740281
8752740289
8752871363
8752871364
8752871367
8752740296
8752740295
8752740298
8752740301
8752871377
8752871379
8752871381
8752740310
8752871383
8752871384
8752740313
8752871387
8752740315
8752740317
8752740318
8752871391
8752871392
8752740320
8752740319
8752871395
8752871396
8752871397
8752871398
8752871399
8752871400
8752740328
8752740330
8752740332
8752871405
8752740333
8752871407
8752871408
8752740345
8752871420
8752740349
8752871422
8752871423
8752740348
8752740356
8752740359
8752740360
8752740361
8752871434
8752740365
8752740366
8752740372
8752871445
8752871446
8752740375
8752871448
8752871449
8752871450
8752871451
8752740380
8752871453
8752871454
8752740381
8752740378
8752871460
8752871461
8752871462
8752740393
8752871467
8752871468
8752740397
8752740395
8752740400
8752871475
8752740404
8752871477
8752871478
8752740407
8752740406
8752740411
8752871487
8752740416
8752740417
8752871490
8752871491
8752740418
8752871493
8752740421
8752740415
8752740433
8752871506
8752871507
8752871508
8752871509
8752740437
8752871511
8752871512
8752740436
8752871514
8752871515
8752740444
8752740445
8752740443
8752871521
8752871522
8752740453
8752740454
8752740455
8752871530
8752871531
8752871532
8752740465
8752871540
8752740471
8752740473
8752740477
8752871550
8752740479
8752871552
8752871553
8752871554
8752740480
8752871558
8752871560
8752871561
8752740490
8752740491
8752740492
8752740489
8752740494
8752871570
8752740500
8752871573
8752740503
8752740504
8752871577
8752740506
8752871579
8752871580
8752740508
8752740510
8752740507
8752740505
8752740514
8752740519
8752740520
8752871595
8752871598
8752871600
8752871601
8752740530
8752871603
8752740534
8752740536
8752740538
8752740539
8752740541
8752740542
8752740544
8752871622
8752740550
8752740553
8752740554
8752740555
8752871630
8752740559
8752740558
8752871633
8752740561
8752740564
8752740565
8752871641
8752871642
8752871643
8752871646
8752740575
8752740576
8752740577
8752740578
8752871651
8752740580
8752740579
8752871655
8752871657
8752871662
8752871663
8752740591
8752740590
8752740595
8752740596
8752871677
8752871678
8752871679
8752740608
8752740606
8752740605
8752740613
8752871687
8752740619
8752871693
8752871700
8752740629
8752871702
8752871703
8752871704
8752740636
8752740638
8752871711
8752871712
8752871714
8752871715
8752740644
8752871718
8752740651
8752740652
8752740654
8752740655
8752740656
8752871729
8752740658
8752740659
8752871732
8752871737
8752871740
8752740669
8752740670
8752740671
8752740672
8752871747
8752871748
8752871749
8752871751
8752740681
8752740682
8752871758
8752871759
8752740692
8752871767
8752740699
8752740700
8752871775
8752871776
8752871780
8752740709
8752871782
8752871784
8752740714
8752871787
8752740715
8752740717
8752740722
8752740723
8752740727
8752740728
8752871802
8752740731
8752871804
8752740732
8752871807
8752740739
8752740740
8752871814
8752871815
8752871816
8752871817
8752740745
8752871819
8752740744
8752740743
8752871825
8752740754
8752871827
8752871828
8752871829
8752740758
8752740759
8752740760
8752740761
8752740757
8752871835
8752740756
8752740774
8752871849
8752740777
8752871851
8752871852
8752871864
8752871865
8752740792
8752871867
8752871869
8752871871
8752871873
8752740808
8752740809
8752871882
8752740811
8752871884
8752740813
8752740814
8752740812
8752871895
8752740824
8752871897
8752740825
8752871899
8752871900
8752871901
8752740830
8752740831
8752740833
8752871907
8752740836
8752871909
8752871910
8752871911
8752740835
8752871915
8752871916
8752740848
8752740851
8752871927
8752871928
8752871929
8752871930
8752871934
8752871935
8752740864
8752740865
8752740869
8752871943
8752871945
8752871946
8752871948
8752871949
8752740880
8752740881
8752740882
8752871961
8752871962
8752871963
8752871964
8752740893
8752740894
8752740892
8752740891
8752871972
8752871974
8752871975
8752740904
8752740902
8752871979
8752871980
8752871981
8752871982
8752740907
8752740916
8752740917
8752740918
8752871992
8752740920
8752871994
8752871995
8752871997
8752871998
8752872000
8752872001
8752740930
8752740933
8752740934
8752872007
8752872009
8752872010
8752740945
8752740950
8752872023
8752740952
8752740951
8752740954
8752872027
8752740955
8752740957
8752872030
8752740959
8752740958
8752740964
8752740966
8752740967
8752872040
8752872041
8752872042
8752740970
8752740972
8752740973
8752740969
8752740968
8752872049
8752872051
8752872053
8752872055
8752740984
8752740985
8752740994
8752740995
8752740996
8752872069
8752872070
8752740998
8752872072
8752872074
8752741004
8752872084
8752872087
8752872088
8752741016
8752741015
8752872095
8752872096
8752872098
8752872100
8752741028
8752741033
8752741037
8752741038
8752872111
8752741040
8752741041
8752741042
8752741044
8752872123
8752872127
8752872128
8752741057
8752872130
8752741059
8752872132
8752872133
8752741060
8752741058
8752741056
8752741069
8752872142
8752872143
8752872144
8752872145
8752872146
8752741074
8752741070
8752741081
8752872154
8752741083
8752872156
8752741084
8752872158
8752872159
8752741088
8752741089
8752741091
8752872165
8752741094
8752741095
8752741096
8752872169
8752872174
8752872175
8752872176
8752741107
8752741108
8752741110
8752741111
8752872184
8752872185
8752741125
8752741126
8752872200
8752872201
8752741132
8752741133
8752741134
8752872214
8752872216
8752741145
8752741147
8752741148
8752741150
8752872225
8752872228
8752872229
8752872230
8752872231
8752741160
8752741161
8752741162
8752741163
8752741159
8752741157
8752872239
8752872241
8752872242
8752741169
8752872244
8752872245
8752741173
8752872247
8752741172
8752741183
8752872256
8752741189
8752741190
8752741191
8752872265
8752741199
8752872272
8752741200
8752872274
8752872276
8752872277
8752741205
8752872281
8752872282
8752741211
8752741209
8752741219
8752741220
8752741221
8752872294
8752741222
8752872296
8752872297
8752872298
8752872299
8752741229
8752741230
8752741231
8752872306
8752741235
8752872308
8752741234
8752872310
8752741246
8752872320
8752741250
8752872323
8752741252
8752872325
8752872326
8752872327
8752741256
8752741255
8752741258
8752741259
8752741260
8752741261
8752741254
8752872336
8752741266
8752741267
8752872340
8752872342
8752741272
8752741273
8752872352
8752741282
8752741283
8752872356
8752741284
8752872361
8752872364
8752872365
8752741293
8752872369
8752741298
8752741299
8752741297
8752872375
8752741305
8752741306
8752872381
8752741311
8752872384
8752872385
8752741312
8752872387
8752741319
8752741321
8752741323
8752741325
8752872398
8752872399
8752872401
8752741330
8752872411
8752872412
8752872415
8752741345
8752872420
8752741349
8752741350
8752741351
8752741352
8752741348
8752741356
8752872430
8752872431
8752741359
8752872433
8752741362
8752741361
8752872437
8752741366
8752741368
8752741369
8752741370
8752872444
8752872445
8752872447
8752741377
8752872450
8752741378
8752741385
8752741386
8752872461
8752872462
8752741393
8752741394
8752741395
8752741396
8752741397
8752741404
8752741407
8752872481
8752872484
8752872485
8752872486
8752872487
8752741417
8752741418
8752741422
8752872495
8752872496
8752741423
8752872499
8752872500
8752741431
8752741432
8752741433
8752741434
8752872508
8752872510
8752872511
8752741440
8752741439
8752872518
8752741447
8752741448
8752872521
8752872522
8752741451
8752741450
8752741449
8752872527
8752872530
8752872531
8752741461
8752741462
8752741463
8752741468
8752741470
8752872544
8752872548
8752741481
8752741484
8752741486
8752872559
8752872560
8752741492
8752872565
8752872566
8752741495
8752741496
8752741494
8752741499
8752872576
8752872579
8752872586
8752741514
8752872588
8752872589
8752741516
8752872592
8752741522
8752872599
8752872600
8752872601
8752872603
8752741532
8752741534
8752741535
8752872616
8752872617
8752872621
8752872623
8752741552
8752741553
8752872626
8752872627
8752872628
8752741557
8752741558
8752872631
8752741559
8752741556
8752741555
8752741554
8752872636
8752872638
8752741569
8752741570
8752741571
8752872647
8752741579
8752872655
8752872656
8752872658
8752741586
8752872664
8752872666
8752872668
8752872669
8752872670
8752741599
8752872672
8752741600
8752872674
8752741597
8752741596
8752872681
8752741610
8752872683
8752872684
8752872685
8752872686
8752872687
8752872688
8752741611
8752872690
8752741618
8752741620
8752872693
8752741621
8752741627
8752872702
8752872704
8752741633
8752741634
8752872707
8752872708
8752872709
8752741632
8752741642
8752872715
8752872716
8752741645
8752872718
8752872719
8752872720
8752872721
8752741647
8752872723
8752872724
8752872725
8752741654
8752741652
8752741658
8752872732
8752872734
8752872735
8752741667
8752872746
8752872747
8752872748
8752872751
8752741680
8752872753
8752741687
8752741688
8752741690
8752872763
8752872766
8752741695
8752872769
8752872770
8752741701
8752741702
8752741713
8752872787
8752872788
8752872791
8752872793
8752872794
8752741722
8752741724
8752741725
8752872805
8752872806
8752872809
8752872810
8752741737
8752741742
8752741744
8752741745
8752741746
8752741747
8752741748
8752741749
8752872822
8752741755
8752741758
8752872835
8752872838
8752741766
8752872840
8752741769
8752741770
8752872843
8752741777
8752872850
8752872851
8752872854
8752872855
8752872857
8752741786
8752741787
8752741788
8752741785
8752741790
8752741791
8752872864
8752741792
8752872867
8752872868
8752872869
8752872870
8752872871
8752741799
8752872874
8752741805
8752741808
8752872884
8752872885
8752872886
8752872887
8752741815
8752872891
8752872892
8752872893
8752872894
8752741819
8752741827
8752741830
8752872903
8752741832
8752741833
8752872906
8752872907
8752741831
8752872913
8752872916
8752741849
8752741850
8752872924
8752741852
8752741854
8752872927
8752872928
8752741856
8752872930
8752872931
8752741858
8752741864
8752741865
8752872943
8752741874
8752741875
8752872956
8752872957
8752741885
8752872959
8752741884
8752872962
8752872963
8752872964
8752872965
8752872967
8752741896
8752872969
8752872970
8752872971
8752872972
8752741901
8752741902
8752741903
8752741904
8752741900
8752872979
8752872980
8752872982
8752872984
8752872985
8752872986
8752741915
8752872988
8752872989
8752741914
8752741913
8752741921
8752741923
8752872996
8752741925
8752872998
8752741926
8752873001
8752741931
8752741933
8752741934
8752741935
8752741936
8752873009
8752873010
8752873011
8752741938
8752873013
8752873014
8752873015
8752741943
8752873021
8752873024
8752741954
8752741956
8752873032
8752741961
8752873034
8752873035
8752873036
8752741960
8752873038
8752873039
8752873040
8752741968
8752741970
8752741971
8752741972
8752741973
8752873046
8752873047
8752741976
8752741974
8752873050
8752873051
8752873052
8752873053
8752741979
8752741985
8752873058
8752741986
8752741988
8752741990
8752741998
8752873071
8752873072
8752742001
8752742000
8752741999
8752742010
8752742013
8752873086
8752873087
8752873088
8752742017
8752742018
8752742014
8752873092
8752873093
8752742023
8752742024
8752742030
8752742032
8752873105
8752873106
8752873107
8752742036
8752742034
8752742038
8752742033
8752873115
8752873116
8752742045
8752742047
8752742048
8752742049
8752742050
8752742051
8752742052
8752873132
8752873133
8752873134
8752742063
8752742061
8752873137
8752873138
8752742069
8752742071
8752873148
8752742078
8752742079
8752742080
8752742081
8752873161
8752873162
8752742093
8752873166
8752742095
8752873168
8752873169
8752873170
8752742107
8752873183
8752873184
8752873185
8752742115
8752742117
8752742118
8752742121
8752742122
8752742123
8752742124
8752873197
8752873198
8752873199
8752742126
8752873202
8752742131
8752873204
8752742133
8752742132
8752742136
8752873209
8752742138
8752742139
8752742137
8752873213
8752873214
8752873215
8752742143
8752873217
8752742142
8752873219
8752742149
8752742150
8752742152
8752873230
8752742160
8752873234
8752873235
8752742163
8752873238
8752873239
8752873242
8752873243
8752873244
8752873245
8752742174
8752873247
8752742176
8752742177
8752742175
8752742171
8752873252
8752873254
8752873255
8752873256
8752873257
8752873258
8752742184
8752742183
8752742182
8752742192
8752742193
8752742194
8752873269
8752873270
8752873271
8752742198
8752873273
8752873274
8752873275
8752873277
8752742209
8752742213
8752873287
8752873288
8752873289
8752742220
8752873294
8752742223
8752873296
8752873297
8752742224
8752873303
8752742232
8752742231
8752742235
8752742236
8752873313
8752742243
8752873316
8752742245
8752873318
8752742246
8752742248
8752742244
8752742250
8752873324
8752742256
8752742257
8752742258
8752742259
8752742262
8752873337
8752873340
8752742269
8752873346
8752742281
8752742282
8752742285
8752742286
8752742287
8752873360
8752742289
8752873362
8752742288
8752873364
8752873365
8752742296
8752873376
8752742311
8752873384
8752873385
8752742314
8752873390
8752873396
8752873397
8752873398
8752873399
8752873400
8752742327
8752742325
8752742324
8752742334
8752873408
8752873409
8752742337
8752742336
8752742340
8752742344
8752742345
8752742346
8752742347
8752742348
8752742349
8752873423
8752873424
8752873425
8752873426
8752873430
8752742358
8752873432
8752742360
8752873434
8752742363
8752742364
8752742362
8752873440
8752742374
8752742375
8752742377
8752742378
8752873456
8752873458
8752742386
8752873460
8752873461
8752742396
8752873469
8752742397
8752742399
8752742400
8752873473
8752873474
8752742401
8752873476
8752873477
8752742406
8752742405
8752873480
8752742409
8752742410
8752742404
8752742421
8752873494
8752873495
8752742423
8752873497
8752742432
8752873507
8752873509
8752742439
8752873515
8752873516
8752873519
8752873520
8752742449
8752742450
8752742455
8752742457
8752742458
8752873531
8752873532
8752742461
8752742462
8752742460
8752742459
8752873545
8752742474
8752873547
8752873548
8752873549
8752873550
8752742478
8752742477
8752742473
8752742484
8752873566
8752873567
8752742496
8752873569
8752742498
8752873573
8752873574
8752873583
8752742512
8752742513
8752873586
8752742515
8752742516
8752742511
8752742521
8752873594
8752873596
8752873597
8752742526
8752873599
8752742525
8752873601
8752742530
8752873603
8752742532
8752742531
8752742534
8752742539
8752742540
8752742541
8752873615
8752873616
8752873618
8752742548
8752873621
8752742558
8752873631
8752742559
8752873633
8752873634
8752742563
8752873636
8752742562
8752873638
8752873639
8752873640
8752742572
8752742576
8752873653
8752742582
8752873655
8752873656
8752873657
8752873658
8752742585
8752742584
8752742583
8752742591
8752742592
8752742594
8752873668
8752873669
8752742601
8752742602
8752742603
8752873679
8752873680
8752742610
8752873685
8752873687
8752742619
8752873692
8752873693
8752873694
8752873695
8752742622
8752742625
8752742626
8752742620
8752873703
8752873704
8752873705
8752873706
8752742631
8752742636
8752873713
8752873714
8752873715
8752873716
8752873717
8752742646
8752873719
8752742648
8752873721
8752742645
8752742644
8752742643
8752742656
8752873733
8752742665
8752873740
8752873741
8752742670
8752873744
8752873745
8752873746
8752742676
8752873749
8752742679
8752873752
8752742680
8752742683
8752742684
8752873764
8752742693
8752873766
8752873767
8752742694
8752873770
8752873771
8752873772
8752742701
8752742698
8752742706
8752742709
8752742713
8752873786
8752873787
8752742716
8752742715
8752873790
8752873791
8752873798
8752873801
8752873802
8752742731
8752742729
8752742733
8752742734
8752742735
8752873809
8752873810
8752873811
8752873812
8752742740
8752873815
8752742744
8752873817
8752742750
8752742752
8752742754
8752873828
8752873829
8752742756
8752873838
8752873839
8752873840
8752742767
8752742766
8752742776
8752873851
8752742780
8752873853
8752742779
8752742785
8752742787
8752742788
8752873865
8752873867
8752873868
8752873869
8752742797
8752742796
8752873873
8752742802
8752742801
8752873883
8752873885
8752742814
8752742818
8752742819
8752873893
8752873896
8752742825
8752873898
8752742827
8752873900
8752873905
8752873906
8752873908
8752873912
8752873913
8752873914
8752742843
8752742842
8752742847
8752742848
8752873923
8752873924
8752873926
8752742855
8752742856
8752742858
8752742859
8752742860
8752873933
8752873934
8752873935
8752873936
8752742875
8752742876
8752742877
8752873950
8752742878
8752873952
8752873953
8752742883
8752742884
8752742885
8752742887
8752873965
8752873966
8752873967
8752873968
8752742896
8752742898
8752873971
8752742899
8752742894
8752742893
8752742903
8752742904
8752873978
8752742907
8752742908
8752742906
8752873985
8752742914
8752873987
8752873988
8752742916
8752742915
8752742913
8752873997
8752742926
8752873999
8752742925
8752874001
8752874002
8752874005
8752742934
8752742933
8752742936
8752874011
8752874013
8752874014
8752742947
8752874021
8752874022
8752874023
8752742950
8752874025
8752742949
8752874027
8752874028
8752742958
8752874035
8752742966
8752742967
8752874040
8752874041
8752742970
8752742969
8752874044
8752742968
8752874046
8752874047
8752742976
8752742977
8752742978
8752742975
8752874056
8752742985
8752874058
8752874059
8752874060
8752742988
8752742987
8752742984
8752742995
8752874069
8752874077
8752874078
8752874079
8752743007
8752874081
8752743005
8752743015
8752743016
8752743017
8752743018
8752874094
8752874095
8752874097
8752874100
8752874101
8752874102
8752743031
8752743033
8752743034
8752743035
8752743036
8752743037
8752743038
8752874111
8752874112
8752874113
8752743042
8752874117
8752874125
8752743054
8752743057
8752874132
8752743061
8752743062
8752874135
8752874136
8752743060
8752743068
8752743069
8752743071
8752743073
8752874146
8752743074
8752874148
8752874151
8752874152
8752743081
8752743080
8752743084
8752743087
8752874163
8752743092
8752874165
8752874166
8752743091
8752874169
8752743098
8752743097
8752743100
8752743101
8752874177
8752874178
8752743106
8752743108
8752874181
8752874182
8752874189
8752874190
8752874191
8752874192
8752743121
8752874194
8752743120
8752743118
8752743129
8752743131
8752874204
8752874205
8752743132
8752874213
8752874216
8752743145
8752874218
8752743147
8752743148
8752743149
8752874222
8752743150
8752743144
8752874227
8752743156
8752743157
8752874233
8752874235
8752874236
8752743164
8752743166
8752874239
8752743168
8752743169
8752743170
8752874243
8752743177
8752874250
8752743179
8752874252
8752874253
8752874254
8752874255
8752874256
8752874257
8752874258
8752743187
8752743186
8752743185
8752743181
8752874267
8752874268
8752874269
8752743198
8752874271
8752874272
8752743199
8752874274
8752874275
8752874276
8752874277
8752874278
8752743207
8752743208
8752743206
8752743210
8752743211
8752743213
8752874288
8752874289
8752743216
8752874291
8752874296
8752743225
8752874298
8752743227
8752874301
8752874302
8752743231
8752743230
8752874307
8752874308
8752874309
8752874310
8752743240
8752743241
8752743242
8752874316
8752743245
8752874318
8752743252
8752743253
8752743256
8752874330
8752874331
8752743260
8752874335
8752874336
8752874337
8752874339
8752874340
8752874341
8752874342
8752743270
8752743272
8752743274
8752743275
8752743277
8752743278
8752743279
8752874352
8752743281
8752743282
8752874355
8752743284
8752743286
8752874362
8752743299
8752874376
8752874378
8752743307
8752743308
8752874382
8752743312
8752743315
8752743316
8752874391
8752743322
8752874395
8752743325
8752743326
8752743328
8752743330
8752743331
8752874405
8752874407
8752874409
8752874410
8752743339
8752743338
8752743342
8752874415
8752743344
8752743345
8752874418
8752743343
8752874420
8752743351
8752743359
8752743361
8752874435
8752874436
8752874437
8752874438
8752874440
8752874442
8752743370
8752743372
8752743374
8752743375
8752874451
8752874453
8752874454
8752874455
8752743384
8752874459
8752874460
8752743387
8752743393
8752743394
8752874467
8752743396
8752874469
8752743395
8752743399
8752874472
8752743408
8752874482
8752743410
8752743412
8752743421
8752743422
8752743423
8752874496
8752874497
8752743425
8752874500
8752743433
8752874507
8752874509
8752743438
8752743439
8752874512
8752874513
8752743440
8752743437
8752874517
8752743447
8752743448
8752743460
8752874534
8752743463
8752743462
8752874539
8752874540
8752874541
8752874542
8752743470
8752743469
8752743468
8752743475
8752743478
8752743479
8752743481
8752874555
8752874557
8752743491
8752743492
8752874566
8752743495
8752743494
8752874569
8752874575
8752743504
8752874577
8752874578
8752874579
8752874580
8752874581
8752874582
8752743509
8752743506
8752743505
8752874587
8752743516
8752874589
8752874590
8752743518
8752743520
8752874593
8752874594
8752743515
8752874596
8752743528
8752743529
8752743531
8752743539
8752743543
8752743544
8752874617
8752743545
8752743550
8752874624
8752874625
8752874626
8752743555
8752743556
8752743553
8752743563
8752874636
8752743565
8752743566
8752743575
8752743576
8752743579
8752874652
8752874655
8752874656
8752874661
8752743591
8752743592
8752743593
8752743595
8752743601
8752874674
8752874675
8752874676
8752874677
8752743604
8752743603
8752874680
8752743614
8752874688
8752874691
8752874692
8752874693
8752874694
8752743619
8752743627
8752874700
8752874701
8752743628
8752874703
8752874704
8752874706
8752743637
8752743638
8752743639
8752743640
8752743641
8752874715
8752874716
8752874717
8752743646
8752874719
8752743648
8752874725
8752874726
8752874729
8752743659
8752874732
8752743660
8752743663
8752874736
8752760460
8752874738
8752874739
8752874740
8752743671
8752874748
8752743677
8752874750
8752743679
8752743678
8752743683
8752743686
8752874759
8752743688
8752874761
8752874762
8752743691
8752874764
8752743690
8752743689
8752743698
8752874772
8752874773
8752743700
8752874778
8752743709
8752874785
8752743714
8752874787
8752743716
8752743717
8752743715
8752743719
8752874792
8752743721
8752743713
8752743730
8752743731
8752743732
8752874805
8752874806
8752874807
8752743733
8752874810
8752874811
8752874812
8752874814
8752743743
8752743742
8752743745
8752743746
8752874825
8752874826
8752874827
8752874828
8752743757
8752874830
8752743758
8752743760
8752874833
8752743761
8752743754
8752874840
8752874841
8752874842
8752743771
8752874845
8752874847
8752743776
8752743778
8752743781
8752743782
8752743783
8752874856
8752874857
8752743786
8752743785
8752874860
8752743788
8752874868
8752743797
8752874870
8752743796
8752874873
8752874874
8752874875
8752743805
8752743807
8752743808
8752874881
8752874882
8752743812
8752743813
8752874886
8752874887
8752874888
8752874890
8752874891
8752874892
8752874893
8752743822
8752743825
8752743826
8752743828
8752874902
8752874904
8752874905
8752743837
8752743838
8752874913
8752874914
8752874915
8752874916
8752874917
8752743844
8752874927
8752743855
8752874930
8752874931
8752743864
8752743865
8752743866
8752743867
8752874941
8752874942
8752874944
8752874945
8752743874
8752874947
8752874948
8752874949
8752874950
8752874951
8752874952
8752743875
8752874954
8752743885
8752874964
8752874971
8752874974
8752743903
8752874976
8752743905
8752743906
8752743904
8752743902
8752874983
8752874987
8752743920
8752874993
8752874994
8752743922
8752874996
8752743926
8752743927
8752875009
8752743938
8752743940
8752875015
8752875016
8752875018
8752743947
8752875020
8752875029
8752875033
8752875036
8752875037
8752875038
8752743967
8752743968
8752743966
8752743970
8752743971
8752875046
8752875051
8752875052
8752875053
8752743981
8752743984
8752743986
8752743988
8752743989
8752875062
8752875067
8752743996
8752743997
8752875072
8752744000
8752744002
8752744010
8752875083
8752744012
8752744011
8752875086
8752744015
8752744016
8752744014
8752875090
8752744020
8752744021
8752744023
8752875096
8752875100
8752875102
8752875103
8752875104
8752744038
8752744041
8752875115
8752875117
8752875118
8752744050
8752744051
8752744052
8752744053
8752744054
8752744056
8752875131
8752875132
8752875136
8752875137
8752875138
8752875139
8752875141
8752744069
8752744071
8752875147
8752875148
8752875149
8752875150
8752875151
8752744079
8752744081
8752875155
8752875157
8752875158
8752875159
8752744087
8752744090
8752744091
8752744092
8752744096
8752875169
8752744097
8752875171
8752875172
8752744101
8752875174
8752744103
8752875176
8752875177
8752744104
8752744100
8752744099
8752875184
8752744113
8752875186
8752744115
8752875188
8752744114
8752875190
8752875194
8752744129
8752875202
8752744131
8752875204
8752875205
8752744134
8752744132
8752875212
8752744141
8752875214
8752875216
8752744146
8752875219
8752744149
8752744150
8752875225
8752875228
8752875229
8752744158
8752744156
8752875233
8752744168
8752744170
8752875246
8752875247
8752875248
8752875249
8752744177
8752875251
8752875252
8752744175
8752744186
8752875259
8752744188
8752875261
8752875262
8752875267
8752875268
8752875269
8752875270
8752744197
8752744200
8752875273
8752744202
8752744201
8752875276
8752744211
8752744212
8752875286
8752875287
8752875288
8752744215
8752875290
8752875291
8752744219
8752744221
8752875294
8752875295
8752875296
8752744225
8752744226
8752744224
8752744223
8752744229
8752744230
8752875303
8752875304
8752875305
8752744234
8752744232
8752875308
8752744237
8752875310
8752744231
8752744241
8752744242
8752744243
8752875316
8752875317
8752875318
8752744246
8752744249
8752744252
8752875325
8752875327
8752875329
8752875330
8752744260
8752744261
8752875336
8752875337
8752875338
8752875340
8752875341
8752744273
8752875348
8752744280
8752875353
8752875354
8752875355
8752744284
8752744285
8752744283
8752744287
8752875360
8752744281
8752875362
8752875363
8752744294
8752744297
8752744300
8752744301
8752875375
8752744304
8752744311
8752744312
8752744314
8752744320
8752744323
8752744324
8752875397
8752875399
8752875406
8752744335
8752744334
8752875409
8752744345
8752875419
8752744347
8752744351
8752875426
8752875430
8752875431
8752875432
8752744361
8752875434
8752875435
8752744364
8752875437
8752744366
8752744367
8752744362
8752744360
8752744380
8752744382
8752875455
8752744384
8752875457
8752744386
8752744387
8752744395
8752875468
8752875469
8752875470
8752744399
8752744397
8752744396
8752875479
8752744408
8752744410
8752875483
8752744411
8752875485
8752744413
8752744418
8752875498
8752875499
8752875500
8752744428
8752875502
8752875503
8752875506
8752744438
8752744439
8752760614
8752744441
8752744440
8752875516
8752875518
8752875520
8752875521
8752744451
8752744452
8752744454
8752875528
8752875529
8752875530
8752875531
8752875532
8752744461
8752875534
8752744463
8752744465
8752744472
8752744473
8752744474
8752744475
8752875551
8752744480
8752744481
8752744484
8752744489
8752875565
8752875566
8752744495
8752744497
8752744499
8752744500
8752875583
8752875584
8752875586
8752744515
8752744514
8752744518
8752875591
8752744519
8752875599
8752875603
8752875604
8752875605
8752875606
8752875607
8752875608
8752875609
8752744537
8752744535
8752744534
8752744533
8752875615
8752744547
8752744549
8752744550
8752744551
8752875624
8752875625
8752744552
8752875627
8752875629
8752875631
8752875632
8752744561
8752744564
8752875641
8752875642
8752744571
8752744572
8752744573
8752875646
8752875647
8752875648
8752744576
8752744575
8752744579
8752875652
8752875653
8752744582
8752875655
8752875656
8752744581
8752744580
8752875659
8752875660
8752875662
8752875663
8752744592
8752875665
8752875666
8752744591
8752744596
8752744590
8752744600
8752744602
8752744606
8752875679
8752744607
8752875681
8752875682
8752875683
8752875684
8752744620
8752744623
8752744627
8752744630
8752744631
8752875706
8752744636
8752875709
8752744638
8752744644
8752875717
8752875718
8752875719
8752744647
8752744646
8752875722
8752744645
8752744654
8752875727
8752875728
8752744656
8752744659
8752744661
8752744663
8752744664
8752875737
8752875738
8752744666
8752875740
8752875741
8752875742
8752744670
8752744672
8752744673
8752744665
8752744675
8752744676
8752875750
8752744683
8752744684
8752744687
8752744689
8752875762
8752875763
8752744692
8752744693
8752744694
8752875769
8752744697
8752875772
8752744701
8752744700
8752875776
8752875779
8752744708
8752875781
8752875782
8752875783
8752744712
8752875785
8752744714
8752875787
8752744713
8752744711
8752744710
8752760671
8752744727
8752875800
8752875801
8752875802
8752744728
8752760672
8752744726
8752744734
8752744735
8752875808
8752744736
8752744738
8752744739
8752744741
8752744742
8752744748
8752875822
8752875826
8752875827
8752744756
8752875829
8752875830
8752744759
8752875832
8752744760
8752744758
8752744757
8752744765
8752875838
8752875839
8752875840
8752875841
8752875842
8752875843
8752875844
8752875845
8752875846
8752744773
8752744772
8752744777
8752744771
8752875851
8752744780
8752875853
8752875855
8752875857
8752744787
8752875861
8752744789
8752875867
8752875868
8752875871
8752875872
8752875873
8752875874
8752875883
8752744812
8752875885
8752875886
8752744813
8752875889
8752744819
8752744821
8752744823
8752875896
8752744824
8752875900
8752744828
8752744833
8752744837
8752875913
8752744843
8752875918
8752744852
8752875928
8752875929
8752875933
8752875934
8752875935
8752744863
8752875937
8752875938
8752744865
8752744862
8752744872
8752744874
8752744875
8752744876
8752875949
8752875950
8752875952
8752875953
8752875954
8752744885
8752744886
8752875963
8752744892
8752875965
8752875966
8752744895
8752875968
8752744897
8752744896
8752875971
8752875972
8752875973
8752744894
8752744905
8752744907
8752875983
8752744912
8752744913
8752875986
8752875989
8752875990
8752744919
8752744917
8752875993
8752744924
8752744925
8752744927
8752744928
8752744929
8752876006
8752876007
8752744936
8752876009
8752744934
8752876016
8752876020
8752876022
8752876025
8752744953
8752744961
8752876036
8752876037
8752876038
8752876039
8752744968
8752744969
8752876042
8752876043
8752876044
8752744972
8752744966
8752876051
8752744983
8752876056
8752876057
8752744985
8752744988
8752744989
8752876062
8752876063
8752876064
8752876065
8752876066
8752876071
8752876072
8752745001
8752876074
8752745000
8752744999
8752745005
8752745006
8752745008
8752745009
8752745011
8752745013
8752876093
8752745022
8752745021
8752876096
8752876097
8752745026
8752745027
8752745024
8752876103
8752876104
8752876105
8752876106
8752876107
8752745039
8752745041
8752745042
8752745043
8752876116
8752876117
8752745044
8752876120
8752745053
8752745054
8752745056
8752745057
8752876130
8752876131
8752745059
8752745058
8752876134
8752745064
8752876138
8752876139
8752876140
8752745069
8752745068
8752876147
8752876148
8752876153
8752876154
8752876155
8752745085
8752745086
8752745087
8752876161
8752876163
8752745092
8752745093
8752745094
8752876169
8752876170
8752745097
8752745100
8752876173
8752876174
8752745102
8752745101
8752745108
8752745111
8752876184
8752876185
8752745113
8752876187
8752745112
8752876190
8752876191
8752876193
8752876194
8752745121
8752876196
8752745125
8752745127
8752876200
8752745129
8752745130
8752745128
8752876207
8752876208
8752745139
8752745141
8752745142
8752876218
8752876220
8752745151
8752876224
8752876225
8752876226
8752876227
8752745156
8752745152
8752745158
8752745164
8752876237
8752745166
8752745167
8752876240
8752745168
8752745170
8752745165
8752745172
8752745174
8752876253
8752876255
8752876256
8752876257
8752745186
8752876259
8752876260
8752876261
8752876262
8752745194
8752745201
8752745202
8752876277
8752876278
8752876283
8752745212
8752876286
8752876287
8752876289
8752876290
8752876291
8752876292
8752745222
8752745223
8752876296
8752745224
8752876299
8752745229
8752876302
8752745230
8752876309
8752876310
8752876311
8752876313
8752876315
8752876318
8752745248
8752876322
8752745250
8752876324
8752745253
8752745254
8752876327
8752745252
8752876329
8752745258
8752876331
8752745259
8752876336
8752876337
8752876339
8752876342
8752745271
8752876344
8752745273
8752745272
8752745270
8752876349
8752876352
8752745281
8752876354
8752745280
8752745284
8752745285
8752745287
8752876360
8752745289
8752745288
8752876369
8752876372
8752745301
8752745304
8752876379
8752876380
8752876381
8752745310
8752876383
8752876384
8752876385
8752876386
8752745309
8752745307
8752876392
8752745322
8752734738
8752876396
8752876397
8752876398
8752876400
8752876406
8752876407
8752876408
8752745335
8752876410
8752745334
8752876412
8752745342
8752745343
8752745344
8752876417
8752876418
8752745345
8752745348
8752876421
8752876431
8752745360
8752745362
8752876441
8752876444
8752745375
8752876448
8752745376
8752876450
8752876451
8752876452
8752745378
8752876455
8752876456
8752745385
8752745393
8752745394
8752745395
8752876469
8752745398
8752745397
8752876473
8752745406
8752745409
8752745411
8752745413
8752745417
8752745418
8752876491
8752876492
8752745424
8752745425
8752745427
8752745428
8752876501
8752745429
8752876504
8752876505
8752745432
8752745439
8752745440
8752745441
8752876515
8752876517
8752745452
8752745453
8752745454
8752876527
8752876528
8752876529
8752876530
8752876531
8752745461
8752876534
8752745463
8752745465
8752745466
8752876541
8752876542
8752876544
8752876545
8752876546
8752876547
8752745476
8752745479
8752876558
8752876559
8752745490
8752745491
8752745492
8752745493
8752876573
8752876574
8752876575
8752745504
8752876577
8752745506
8752745508
8752876585
8752876586
8752876587
8752876588
8752745518
8752745520
8752745521
8752745526
8752876602
8752745532
8752876606
8752745535
8752876608
8752745534
8752745541
8752745542
8752745543
8752745545
8752876619
8752876623
8752876625
8752876626
8752745555
8752745556
8752745557
8752745553
8752745561
8752745562
8752876635
8752876636
8752745565
8752745563
8752876639
8752876643
8752876645
8752876650
8752745578
8752745586
8752745587
8752745588
8752745589
8752876663
8752876666
8752876668
8752745597
8752745598
8752745600
8752745601
8752745602
8752745603
8752745606
8752745608
8752876681
8752876682
8752876684
8752876685
8752745617
8752876693
8752876694
8752876697
8752745625
8752745627
8752745629
8752745630
8752876705
8752745633
8752876708
8752745640
8752745641
8752745643
8752876716
8752745645
8752876718
8752745646
8752876721
8752745654
8752876730
8752745663
8752745666
8752745668
8752876744
8752876748
8752876750
8752745679
8752876752
8752745680
8752745684
8752745685
8752876758
8752876759
8752876760
8752876761
8752745690
8752745691
8752745692
8752745689
8752745686
8752745699
8752745700
8752876774
8752745702
8752876776
8752876778
8752745712
8752745714
8752876789
8752745719
8752876792
8752745720
8752745726
8752745728
8752745730
8752745732
8752745733
8752876807
8752876808
8752745737
8752745739
8752745740
8752745741
8752876815
8752876817
8752876818
8752876819
8752876820
8752876825
8752876826
8752745754
8752745753
8752745763
8752745764
8752745765
8752876840
8752876841
8752876842
8752876843
8752876844
8752876845
8752745779
8752876852
8752876853
8752876854
8752876855
8752745781
8752745780
8752745787
8752745789
8752745791
8752876865
8752876866
8752745795
8752876868
8752876869
8752876874
8752745810
8752876883
8752745811
8752876885
8752876886
8752876888
8752876889
8752745818
8752876891
8752745817
8752745816
8752745824
8752876899
8752745828
8752876901
8752745829
8752745827
8752745833
8752745834
8752876907
8752876908
8752876909
8752876910
8752745842
8752745844
8752745845
8752876919
8752876921
8752876922
8752876923
8752876924
8752745854
8752745855
8752745857
8752745858
8752745859
8752876937
8752876938
8752876939
8752876940
8752745865
8752876944
8752745876
8752876949
8752745878
8752876951
8752745880
8752745877
8752745883
8752745885
8752745886
8752876959
8752876960
8752876961
8752745889
8752745887
8752745892
8752876965
8752745895
8752745896
8752745897
8752745903
8752745904
8752876977
8752745907
8752876980
8752745913
8752745914
8752876993
8752876994
8752745923
8752745924
8752745921
8752876999
8752877004
8752877005
8752745935
8752745936
8752745937
8752745938
8752745939
8752877012
8752877013
8752745940
8752877016
8752877017
8752877018
8752745947
8752745955
8752745956
8752877029
8752877030
8752745959
8752877037
8752877038
8752745966
8752877040
8752877041
8752877042
8752745968
8752745965
8752745976
8752745977
8752877054
8752877055
8752877056
8752877058
8752877059
8752745987
8752745989
8752745986
8752877064
8752877065
8752877066
8752877067
8752877070
8752877071
8752877072
8752877073
8752746002
8752746001
8752877080
8752877081
8752746010
8752746011
8752746009
8752877085
8752877092
8752877093
8752877095
8752746026
8752746029
8752746031
8752746032
8752877106
8752746041
8752746042
8752877116
8752746044
8752877118
8752877119
8752746047
8752877127
8752877128
8752746056
8752877130
8752877132
8752746061
8752877134
8752877135
8752746064
8752877137
8752877138
8752746065
8752746063
8752877141
8752746062
8752746072
8752746073
8752746074
8752877148
8752877150
8752746081
8752877155
8752877156
8752746085
8752746086
8752746083
8752746093
8752746094
8752746095
8752746097
8752877170
8752877171
8752877172
8752746099
8752746102
8752746098
8752746104
8752746106
8752877180
8752877181
8752877182
8752746109
8752877184
8752746113
8752746116
8752746117
8752877190
8752877194
8752877195
8752877196
8752877197
8752746124
8752746123
8752877200
8752877201
8752746122
8752746132
8752746134
8752877207
8752877210
8752877211
8752877212
8752746143
8752746144
8752746145
8752746148
8752877222
8752746150
8752746152
8752877225
8752877226
8752746153
8752877230
8752746159
8752877232
8752877233
8752746162
8752746163
8752746164
8752746165
8752746166
8752746167
8752746168
8752877241
8752746172
8752877245
8752746173
8752877247
8752746175
8752877249
8752877250
8752877251
8752877257
8752877259
8752746187
8752746189
8752877263
8752877264
8752746194
8752877267
8752746196
8752746195
8752746201
8752746204
8752746205
8752877281
8752877282
8752877284
8752746217
8752877290
8752877291
8752877292
8752877293
8752746219
8752877295
8752746224
8752746218
8752877307
8752746236
8752877309
8752877310
8752746239
8752746238
8752746237
8752877320
8752877321
8752746248
8752746254
8752746255
8752746256
8752746258
8752746260
8752877333
8752877334
8752746262
8752877336
8752877337
8752746268
8752877342
8752877344
8752877345
8752746272
8752877348
8752877349
8752746280
8752746281
8752877354
8752877356
8752877358
8752877359
8752746288
8752877361
8752746289
8752877367
8752877368
8752746300
8752877373
8752877374
8752746303
8752746304
8752746302
8752746308
8752746312
8752746313
8752877386
8752746314
8752877391
8752877393
8752746322
8752746323
8752746324
8752746326
8752746327
8752746328
8752746329
8752746334
8752877407
8752746336
8752746337
8752746335
8752746340
8752746341
8752877415
8752877416
8752746347
8752746350
8752877423
8752746352
8752746351
8752746359
8752746360
8752877438
8752746367
8752746366
8752877444
8752746373
8752877446
8752877447
8752877448
8752746374
8752746378
8752877454
8752877458
8752746387
8752746389
8752746392
8752877465
8752877466
8752746395
8752746393
8752746398
8752746399
8752746400
8752746401
8752877474
8752746403
8752877476
8752746402
8752877479
8752746409
8752877483
8752746412
8752746411
8752877494
8752877495
8752746424
8752877497
8752746426
8752746427
8752877500
8752746436
8752746437
8752877510
8752746439
8752877512
8752746438
8752877514
8752746447
8752746449
8752746450
8752877523
8752877525
8752877526
8752746453
8752746458
8752877535
8752877536
8752746469
8752746470
8752877546
8752877547
8752877550
8752877553
8752877554
8752877555
8752877556
8752877557
8752746481
8752746487
8752746488
8752746489
8752877564
8752877565
8752746495
8752746509
8752877582
8752877583
8752877584
8752746513
8752746514
8752746512
8752746516
8752746511
8752746510
8752746519
8752877592
8752877593
8752746525
8752746528
8752877601
8752877602
8752877603
8752746529
8752877606
8752877610
8752746538
8752877612
8752746541
8752746547
8752746548
8752746550
8752877624
8752746553
8752746554
8752877627
8752877628
8752877636
8752877638
8752877639
8752746568
8752877641
8752877642
8752877643
8752746569
8752877645
8752877646
8752746566
8752746578
8752746579
8752746580
8752746583
8752877656
8752746584
8752746586
8752877659
8752877660
8752746587
8752877662
8752877663
8752877666
8752877668
8752746600
8752746601
8752746602
8752746605
8752877680
8752877681
8752877682
8752877684
8752746612
8752877686
8752877687
8752746615
8752746617
8752746614
8752877692
8752877699
8752877700
8752877701
8752877702
8752877703
8752877704
8752877705
8752746633
8752746632
8752746631
8752746630
8752877713
8752877714
8752746642
8752746644
8752877718
8752877719
8752877726
8752746655
8752746654
8752877730
8752877731
8752746660
8752877733
8752877734
8752746662
8752746664
8752746665
8752877744
8752877745
8752877746
8752746675
8752746676
8752877749
8752746674
8752746673
8752877752
8752746682
8752746683
8752746684
8752746685
8752877762
8752877763
8752877764
8752877765
8752746692
8752746690
8752746699
8752746701
8752877777
8752877778
8752877780
8752877781
8752746708
8752746712
8752877785
8752746714
8752746715
8752746720
8752877794
8752877797
8752746725
8752877800
8752877801
8752746729
8752877804
8752877805
8752877809
8752746741
8752746743
8752746745
8752746746
8752746747
8752877820
8752877821
8752877827
8752877828
8752877829
8752877830
8752877831
8752746758
8752877833
8752746756
8752877835
8752746767
8752877840
8752877841
8752877842
8752746771
8752746769
8752877846
8752746779
8752746780
8752877854
8752746783
8752746784
8752746785
8752746786
8752746782
8752877860
8752746794
8752877871
8752877872
8752877874
8752877877
8752877878
8752746808
8752746809
8752877882
8752746810
8752877888
8752877889
8752877890
8752877891
8752746819
8752746821
8752746824
8752746825
8752877898
8752877899
8752877901
8752877906
8752877908
8752746837
8752877910
8752746836
8752746840
8752746848
8752877921
8752746850
8752746851
8752877924
8752877925
8752877926
8752877927
8752746853
8752746852
8752877931
8752746860
8752746861
8752746859
8752877935
8752877936
8752877937
8752746865
8752746864
8752746876
8752746877
8752877951
8752746880
8752877953
8752746887
8752877962
8752877963
8752877964
8752746898
8752746899
8752746900
8752746901
8752746902
8752877976
8752877977
8752877979
8752746912
8752877985
8752877986
8752746913
8752877988
8752877989
8752746927
8752878000
8752746929
8752746930
8752746928
8752878005
8752878006
8752878008
8752878009
8752878010
8752746940
8752746941
8752878020
8752878021
8752878024
8752746953
8752746952
8752746961
8752746962
8752746963
8752746966
8752746967
8752746969
8752878042
8752878043
8752878044
8752878045
8752746974
8752878047
8752746975
8752878049
8752746983
8752878057
8752878058
8752878059
8752746987
8752878062
8752878063
8752746996
8752746998
8752878073
8752878077
8752878078
8752878079
8752747008
8752747009
8752878086
8752878088
8752747017
8752878090
8752747018
8752747020
8752878093
8752878094
8752878095
8752878096
8752878097
8752747026
8752747022
8752747021
8752747030
8752747031
8752747032
8752747033
8752878113
8752747042
8752878115
8752747041
8752878117
8752747056
8752878129
8752878130
8752747059
8752878132
8752878133
8752747061
8752747057
8752878139
8752878143
8752878144
8752878145
8752878146
8752878148
8752747077
8752747076
8752878154
8752747084
8752747085
8752747086
8752878159
8752747088
8752747089
8752878162
8752747091
8752747092
8752747093
8752747090
8752747095
8752878168
8752878169
8752878171
8752747102
8752747104
8752747106
8752878182
8752878184
8752747113
8752878187
8752747116
8752747115
8752747118
8752878192
8752878194
8752878195
8752878196
8752878202
8752747130
8752747136
8752878211
8752878212
8752747142
8752747144
8752878226
8752878227
8752747157
8752747158
8752747159
8752878233
8752878234
8752747161
8752878237
8752878238
8752747170
8752747173
8752878246
8752878247
8752878248
8752878250
8752878251
8752878252
8752747182
8752747183
8752747184
8752747186
8752747187
8752747188
8752878262
8752878263
8752747193
8752878266
8752747194
8752878269
8752878270
8752878271
8752878272
8752747197
8752878274
8752878275
8752878276
8752878277
8752747206
8752747205
8752747202
8752747209
8752747210
8752878285
8752747213
8752878288
8752878298
8752747227
8752878300
8752747229
8752878302
8752878303
8752878304
8752747232
8752747235
8752878308
8752878316
8752878317
8752878321
8752747252
8752747253
8752747254
8752747255
8752747256
8752878330
8752878331
8752747258
8752747262
8752747263
8752878341
8752747273
8752878350
8752878351
8752878353
8752878354
8752878356
8752878357
8752878358
8752878359
8752747289
8752747290
8752747292
8752747294
8752747295
8752878368
8752878369
8752878371
8752878372
8752878373
8752747300
8752878376
8752747307
8752747309
8752878382
8752747314
8752747316
8752747318
8752747319
8752878395
8752747328
8752878402
8752747331
8752878404
8752878405
8752878406
8752747332
8752878413
8752878414
8752747342
8752878416
8752747341
8752878418
8752878419
8752747348
8752878421
8752878422
8752878423
8752747352
8752747353
8752747351
8752878427
8752747357
8752747360
8752878434
8752878441
8752878442
8752747372
8752878447
8752747377
8752747378
8752747385
8752747386
8752878462
8752747395
8752747396
8752878474
8752747402
8752747405
8752878479
8752747408
8752747407
8752747412
8752878488
8752878489
8752747419
8752878492
8752747420
8752747422
8752878495
8752747424
8752747425
8752747426
8752747427
8752747428
8752747429
8752747423
8752878504
8752878505
8752747435
8752747436
8752878510
8752878512
8752878513
8752878514
8752878515
8752747444
8752747445
8752878518
8752747446
8752747448
8752747449
8752878522
8752747451
8752747462
8752747464
8752878538
8752878539
8752747471
8752878544
8752747473
8752747472
8752747478
8752747480
8752747482
8752747483
8752878556
8752878557
8752878558
8752878559
8752747487
8752878561
8752747489
8752747491
8752747493
8752747497
8752878570
8752878571
8752878572
8752878573
8752747500
8752878575
8752747506
8752878580
8752747509
8752747508
8752878584
8752878585
8752878586
8752747515
8752878588
8752747516
8752747520
8752747521
8752878594
8752878597
8752878598
8752747525
8752878605
8752878606
8752878607
8752747537
8752878610
8752878611
8752747539
8752747541
8752747542
8752747544
8752747546
8752747547
8752747548
8752747549
8752747550
8752878624
8752747553
8752747555
8752747557
8752747558
8752878636
8752747565
8752747567
8752747568
8752878641
8752878642
8752878643
8752747574
8752878647
8752747575
8752878649
8752878650
8752878652
8752747580
8752747591
8752878664
8752878665
8752747594
8752878667
8752878668
8752878669
8752747592
8752878677
8752747605
8752878679
8752878680
8752878681
8752878683
8752878688
8752878689
8752878690
8752878691
8752878692
8752878693
8752747620
8752747618
8752747624
8752747617
8752878699
8752747630
8752878703
8752878704
8752747637
8752747638
8752747639
8752747640
8752747641
8752878716
8752878720
8752878721
8752878722
8752878723
8752747648
8752747655
8752747656
8752878733
8752878734
8752878737
8752878738
8752747668
8752747669
8752747671
8752747672
8752747673
8752747674
8752747676
8752878749
8752747677
8752878751
8752878752
8752878753
8752747682
8752747683
8752747681
8752747680
8752747679
8752747691
8752747692
8752878765
8752878766
8752878767
8752747698
8752747699
8752747700
8752878775
8752878776
8752878777
8752747704
8752878781
8752747710
8752878791
8752747719
8752747723
8752878796
8752747724
8752747726
8752747727
8752747728
8752747731
8752878806
8752747734
8752878808
8752747736
8752747740
8752747743
8752878817
8752878820
8752747751
8752747752
8752747754
8752878827
8752747755
8752878838
8752878839
8752878840
8752747767
8752747770
8752878843
8752747773
8752747774
8752747775
8752878851
8752747782
8752878856
8752747784
8752747790
8752747791
8752747792
8752747793
8752878866
8752747795
8752878868
8752878869
8752747799
8752747801
8752878874
8752747802
8752747805
8752747806
8752747808
8752747809
8752878883
8752878885
8752878886
8752878887
8752878891
8752878892
8752747821
8752878894
8752747823
8752878896
8752747824
8752747826
8752747822
8752747820
8752747829
8752878902
8752878907
8752747838
8752878911
8752878912
8752747842
8752747843
8752747844
8752747845
8752747846
8752878919
8752878924
8752878926
8752878927
8752747856
8752747855
8752747858
8752747859
8752878934
8752878936
8752878937
8752878939
8752747868
8752878941
8752878942
8752747869
8752747867
8752747876
8752747877
8752878952
8752878955
8752878956
8752747885
8752878958
8752878959
8752747888
8752747887
8752747886
8752747894
8752747896
8752747899
8752878974
8752878976
8752747909
8752878982
8752747911
8752878984
8752747910
8752747915
8752747916
8752747917
8752747918
8752747919
8752747920
8752878994
8752878996
8752878998
8752878999
8752879001
8752879003
8752747931
8752879005
8752879006
8752747933
8752879015
8752879016
8752879017
8752747945
8752747944
8752879020
8752747949
8752879022
8752879023
8752747952
8752879025
8752747953
8752747951
8752747950
8752747948
8752879031
8752747959
8752879034
8752747963
8752879036
8752747964
8752879038
8752879039
8752747968
8752747962
8752747971
8752879050
8752879052
8752747980
8752879055
8752879064
8752747993
8752879066
8752879067
8752879069
8752879070
8752747999
8752879072
8752748001
8752748003
8752748004
8752748005
8752748007
8752748008
8752879084
8752879085
8752879086
8752879087
8752748016
8752748017
8752748018
8752748020
8752879094
8752879097
8752879098
8752879100
8752879101
8752879102
8752748030
8752735276
8752735277
8752748036
8752748037
8752879111
8752879112
8752735278
8752879116
8752879117
8752748045
8752748047
8752879127
8752879128
8752879129
8752879130
8752879131
8752748056
8752879136
8752748067
8752748068
8752748073
8752879150
8752879153
8752748082
8752879155
8752748084
8752748081
8752879161
8752748090
8752879163
8752879164
8752879165
8752879166
8752879167
8752748093
8752748097
8752748098
8752879171
8752879172
8752748100
8752748102
8752748099
8752748108
8752879181
8752879183
8752748111
8752748113
8752748117
8752879190
8752879191
8752748120
8752748119
8752748122
8752748118
8752748124
8752748125
8752879198
8752879199
8752879200
8752748126
8752879202
8752879204
8752879205
8752879206
8752748136
8752748137
8752748138
8752879213
8752748142
8752748141
8752879216
8752748147
8752748148
8752879221
8752879223
8752748152
8752879225
8752748154
8752748153
8752748151
8752879230
8752879231
8752879233
8752879234
8752879235
8752879236
8752879238
8752748168
8752748170
8752879248
8752879249
8752748180
8752879253
8752748182
8752748181
8752748184
8752748192
8752879265
8752879266
8752748195
8752748196
8752748194
8752879270
8752879271
8752748205
8752879283
8752748214
8752879287
8752748215
8752879291
8752748221
8752748223
8752748226
8752879300
8752748229
8752879302
8752879303
8752748231
8752879305
8752879308
8752879309
8752748239
8752879313
8752879318
8752879319
8752748248
8752879321
8752879322
8752879323
8752748252
8752748247
8752879326
8752748262
8752748263
8752748264
8752748265
8752879339
8752748270
8752748271
8752748274
8752748277
8752748280
8752879354
8752879355
8752879356
8752879357
8752748285
8752748282
8752879365
8752748294
8752879369
8752748300
8752748301
8752879381
8752879383
8752879384
8752879385
8752879386
8752879387
8752748316
8752748317
8752748318
8752879391
8752748319
8752748315
8752748326
8752748327
8752879403
8752748336
8752879409
8752879410
8752879411
8752748340
8752879413
8752748342
8752748339
8752748345
8752879418
8752748347
8752879420
8752879421
8752879423
8752748351
8752748353
8752879430
8752748359
8752879432
8752748361
8752748358
8752879435
8752748365
8752748368
8752879444
8752879445
8752879446
8752748372
8752879454
8752879455
8752879456
8752748385
8752879458
8752748384
8752879460
8752748383
8752748382
8752879465
8752879466
8752879467
8752748393
8752879469
8752748401
8752748403
8752748404
8752748405
8752748413
8752879486
8752879489
8752748422
8752879496
8752748424
8752748429
8752879502
8752748430
8752879508
8752879510
8752879511
8752879512
8752748442
8752748443
8752748444
8752879521
8752879522
8752879523
8752748453
8752879527
8752879528
8752748457
8752748458
8752748456
8752879537
8752748465
8752748468
8752748475
8752879548
8752879549
8752879550
8752879551
8752879553
8752879560
8752879561
8752748488
8752879570
8752748499
8752879573
8752879574
8752879575
8752879576
8752748504
8752879578
8752748503
8752748502
8752748501
8752748511
8752748512
8752748513
8752879588
8752879589
8752879590
8752879592
8752879593
8752879594
8752748522
8752748521
8752748525
8752879601
8752879602
8752879604
8752748534
8752748536
8752748539
8752879613
8752879615
8752879616
8752879618
8752879619
8752879621
8752879622
8752879623
8752748549
8752879631
8752879632
8752879633
8752748563
8752748564
8752879639
8752879640
8752748569
8752879642
8752879645
8752879646
8752879647
8752748573
8752748580
8752748582
8752879656
8752879657
8752748586
8752879659
8752879660
8752748589
8752748590
8752748588
8752748587
8752748596
8752748597
8752879672
8752879673
8752748601
8752879675
8752748603
8752879677
8752879686
8752879687
8752748616
8752879689
8752879690
8752879691
8752748615
8752879693
8752879696
8752748624
8752748627
8752748628
8752748629
8752748632
8752879706
8752748636
8752748637
8752879710
8752748638
8752748640
8752748644
8752748646
8752748647
8752748648
8752879721
8752879722
8752879723
8752879724
8752879725
8752748652
8752748650
8752748649
8752879734
8752879736
8752879737
8752748664
8752748670
8752748671
8752748674
8752748675
8752748676
8752879753
8752879756
8752879757
8752879758
8752748687
8752748688
8752879767
8752879768
8752879769
8752748697
8752879771
8752879772
8752748701
8752748702
8752748703
8752748704
8752879777
8752879783
8752879784
8752748713
8752748714
8752879787
8752748716
8752748715
8752879790
8752748718
8752748723
8752879798
8752748732
8752879806
8752879807
8752879808
8752879809
8752879810
8752879811
8752879812
8752748736
8752879816
8752879817
8752879819
8752748749
8752748750
8752748754
8752748756
8752879835
8752879836
8752748765
8752748766
8752879839
8752748763
8752748771
8752748772
8752879846
8752879847
8752879848
8752879849
8752879850
8752879851
8752748777
8752879853
8752748781
8752748776
8752879859
8752879860
8752879861
8752879862
8752879863
8752879864
8752748792
8752748791
8752748795
8752748797
8752748798
8752879871
8752879873
8752879874
8752879875
8752879876
8752879877
8752748810
8752748811
8752879885
8752748814
8752748815
8752748819
8752748820
8752748827
8752879914
8752879915
8752879917
8752879918
8752748847
8752879920
8752748849
8752748848
8752879931
8752748859
8752879933
8752879934
8752748862
8752748868
8752748869
8752748870
8752748872
8752879945
8752879946
8752879947
8752748875
8752879949
8752748874
8752748873
8752748884
8752748885
8752748886
8752748887
8752879961
8752879962
8752748897
8752748898
8752879976
8752879977
8752748906
8752879979
8752748908
8752748909
8752748904
8752748916
8752748918
8752748919
8752748920
8752879996
8752748927
8752748928
8752880001
8752880002
8752880003
8752880004
8752880005
8752748934
8752748932
8752748929
8752880012
8752748942
8752748943
8752748944
8752748949
8752880022
8752880023
8752748952
8752880025
8752880026
8752748950
8752748956
8752880029
8752748958
8752880031
8752748960
8752880033
8752748961
8752880035
8752748959
8752748965
8752748966
8752880043
8752880044
8752748972
8752880046
8752880052
8752880054
8752748983
8752748985
8752880061
8752880062
8752880063
8752880064
8752748991
8752880066
8752880067
8752748996
8752748995
8752748994
8752749004
8752749005
8752749007
8752880083
8752880086
8752749017
8752749019
8752880092
8752749021
8752749022
8752880095
8752749027
8752749028
8752880101
8752749030
8752880104
8752880109
8752749038
8752749037
8752749049
8752749050
8752880123
8752880124
8752749053
8752880126
8752880127
8752749052
8752749051
8752749061
8752749063
8752749065
8752749066
8752749067
8752749069
8752749070
8752749071
8752880145
8752880146
8752749074
8752749076
8752880149
8752880150
8752749078
8752749087
8752749088
8752749090
8752880163
8752880164
8752880165
8752749094
8752880167
8752880169
8752749099
8752880172
8752880173
8752749100
8752880175
8752880177
8752749110
8752880188
8752880189
8752880191
8752749120
8752880193
8752749121
8752749119
8752880202
8752749132
8752749133
8752880206
8752749137
8752880215
8752880217
8752749146
8752749148
8752749149
8752749153
8752749155
8752880228
8752880231
8752880232
8752880236
8752880237
8752749164
8752880239
8752880240
8752880242
8752880243
8752880245
8752749174
8752749175
8752749176
8752880254
8752749184
8752749190
8752749191
8752749199
8752749200
8752880273
8752749202
8752749201
8752749204
8752880281
8752880282
8752749211
8752880284
8752880285
8752880286
8752749212
8752880290
8752749219
8752749218
8752749227
8752749232
8752880305
8752880306
8752880307
8752749234
8752749233
8752749241
8752749242
8752880315
8752749243
8752880317
8752749252
8752749253
8752749254
8752749255
8752749256
8752880329
8752749257
8752880331
8752880332
8752761572
8752880334
8752880335
8752749264
8752749263
8752880338
8752749267
8752749268
8752749262
8752749261
8752880349
8752880350
8752880351
8752880352
8752749281
8752749282
8752880355
8752880356
8752880357
8752749278
8752749287
8752880364
8752880366
8752880367
8752880368
8752749295
8752880380
8752880381
8752749308
8752880387
8752749316
8752749317
8752749315
8752880397
8752749326
8752880401
8752749330
8752749331
8752880404
8752749329
8752880406
8752749339
8752749340
8752749342
8752749347
8752880420
8752749348
8752880422
8752880423
8752749351
8752749350
8752880426
8752880427
8752749358
8752749359
8752749360
8752749361
8752880434
8752880435
8752749362
8752880437
8752749370
8752880445
8752749373
8752880447
8752880449
8752880451
8752880452
8752749381
8752749380
8752749383
8752880458
8752880462
8752749394
8752880467
8752880468
8752880469
8752749395
8752880471
8752880472
8752749403
8752749404
8752749405
8752880481
8752880483
8752880484
8752749413
8752749415
8752749416
8752880489
8752880491
8752880492
8752749422
8752880495
8752880496
8752880498
8752749427
8752749429
8752880505
8752880508
8752880509
8752880510
8752749439
8752749440
8752749443
8752749445
8752749446
8752749450
8752749451
8752880524
8752749452
8752880526
8752880527
8752749459
8752880532
8752749460
8752749462
8752880535
8752880536
8752880538
8752749466
8752749468
8752749469
8752880543
8752749472
8752749471
8752749478
8752749479
8752880554
8752880555
8752880556
8752880557
8752749482
8752880560
8752749489
8752749490
8752749492
8752749493
8752749498
8752749500
8752880573
8752880574
8752880575
8752880577
8752880580
8752749514
8752880590
8752749524
8752880598
8752880599
8752880600
8752749529
8752749527
8752880603
8752749538
8752749540
8752749541
8752880614
8752880615
8752749544
8752749545
8752749546
8752749543
8752749548
8752880622
8752749550
8752880626
8752749556
8752749558
8752749561
8752880635
8752880637
8752880639
8752880640
8752749568
8752880643
8752749572
8752749573
8752749576
8752749580
8752880653
8752880654
8752749582
8752880656
8752880658
8752880659
8752749587
8752880661
8752880662
8752880663
8752749591
8752880665
8752880666
8752749590
8752880668
8752749589
8752880670
8752749600
8752749602
8752880676
8752749605
8752749606
8752880679
8752880690
8752749618
8752880692
8752880694
8752880695
8752880696
8752880697
8752749624
8752880700
8752749634
8752749636
8752880710
8752880712
8752880714
8752749643
8752749642
8752749645
8752880719
8752880720
8752880722
8752880723
8752880724
8752880725
8752749652
8752880727
8752749656
8752749655
8752749650
8752749662
8752880739
8752749672
8752749679
8752749680
8752749682
8752880755
8752880756
8752749684
8752749683
8752880766
8752749695
8752880768
8752749697
8752880770
8752749698
8752880779
8752749707
8752880781
8752880782
8752749711
8752749712
8752880785
8752880786
8752880787
8752749715
8752880789
8752749709
8752749721
8752749722
8752749723
8752880798
8752880799
8752749726
8752880804
8752749733
8752749732
8752880807
8752880808
8752749737
8752880810
8752880811
8752749740
8752749741
8752749742
8752749743
8752749744
8752749739
8752749750
8752880823
8752880824
8752749753
8752749754
8752749752
8752749751
8752749757
8752749765
8752749766
8752880839
8752880840
8752880841
8752880842
8752749776
8752749777
8752880852
8752880853
8752880857
8752880858
8752880859
8752880860
8752749788
8752749787
8752880869
8752749798
8752880871
8752880872
8752880873
8752880874
8752749808
8752880881
8752749809
8752749811
8752880884
8752880885
8752880886
8752880887
8752880888
8752880889
8752749815
8752749822
8752749823
8752880897
8752749826
8752880899
8752880900
8752749825
8752880902
8752749832
8752749834
8752880910
8752749840
8752749841
8752880914
8752880915
8752749843
8752880919
8752880920
8752880921
8752749850
8752749854
8752749855
8752749861
8752749862
8752749863
8752749864
8752880937
8752749865
8752880939
8752880940
8752880941
8752880943
8752749877
8752749879
8752880952
8752880953
8752880954
8752749883
8752749884
8752749881
8752749880
8752749889
8752749894
8752749896
8752880969
8752880970
8752880974
8752749904
8752749905
8752880982
8752880983
8752880984
8752749913
8752749912
8752749910
8752749918
8752749919
8752749920
8752880994
8752749922
8752749924
8752880997
8752749926
8752880999
8752881001
8752749933
8752749935
8752749936
8752881013
8752749941
8752881015
8752881017
8752881018
8752881019
8752749947
8752749949
8752749946
8752749951
8752749957
8752881030
8752881031
8752749960
8752749959
8752881034
8752749962
8752881038
8752881039
8752881040
8752881041
8752881042
8752881043
8752881044
8752881045
8752881046
8752749969
8752749976
8752749968
8752749978
8752881051
8752881052
8752749981
8752749982
8752749980
8752749984
8752881057
8752881060
8752749993
8752749994
8752749996
8752749997
8752881070
8752881072
8752750000
8752881074
8752881075
8752881077
8752750007
8752881081
8752881083
8752881094
8752881095
8752881096
8752881098
8752881099
8752750029
8752750030
8752750032
8752750034
8752750035
8752881108
8752881109
8752881110
8752881111
8752750040
8752750041
8752750038
8752750036
8752881116
8752750051
8752750052
8752881126
8752881127
8752750056
8752881129
8752750058
8752881131
8752750057
8752881133
8752881134
8752750054
8752750067
8752881140
8752881141
8752881142
8752881143
8752881144
8752750068
8752881147
8752881153
8752750082
8752881155
8752750084
8752881157
8752750086
8752881159
8752750087
8752881161
8752881163
8752750092
8752750093
8752750094
8752881167
8752750095
8752881175
8752881176
8752881177
8752750109
8752750111
8752881185
8752881187
8752881189
8752881190
8752750119
8752750120
8752750118
8752750117
8752750127
8752750129
8752881202
8752881203
8752750131
8752881205
8752750134
8752750135
8752881208
8752750137
8752881210
8752881211
8752750139
8752750138
8752750133
8752881218
8752750148
8752750149
8752750150
8752881223
8752881225
8752881226
8752881227
8752881228
8752881229
8752750160
8752750163
8752881236
8752881237
8752750164
8752881245
8752881247
8752881248
8752881249
8752750178
8752750177
8752750180
8752750181
8752750182
8752881255
8752881256
8752750184
8752881258
8752881261
8752881262
8752750193
8752750194
8752750197
8752881270
8752881271
8752881275
8752881276
8752881277
8752881279
8752881280
8752750209
8752881282
8752881284
8752750213
8752750215
8752881292
8752750221
8752881294
8752881295
8752881296
8752881297
8752750222
8752881299
8752881300
8752750228
8752750233
8752750234
8752750235
8752881308
8752750236
8752881313
8752750241
8752750243
8752881317
8752881321
8752750250
8752881323
8752881324
8752750249
8752750254
8752750255
8752750256
8752750257
8752750259
8752881333
8752750262
8752750261
8752881336
8752750268
8752750270
8752750272
8752750273
8752881346
8752750274
8752750278
8752750281
8752750282
8752881359
8752750289
8752881362
8752750291
8752881364
8752750293
8752750292
8752881367
8752750295
8752750290
8752750298
8752881375
8752881376
8752881377
8752750306
8752881379
8752750307
8752881382
8752881389
8752750319
8752750320
8752881394
8752750323
8752881396
8752881400
8752750329
8752881403
8752750332
8752881410
8752881411
8752881413
8752881415
8752750343
8752881417
8752881419
8752750349
8752881423
8752881424
8752750353
8752750352
8752750351
8752750359
8752881432
8752881434
8752750362
8752881438
8752881440
8752750374
8752750376
8752881449
8752750378
8752881451
8752881453
8752881454
8752881457
8752881459
8752750388
8752750395
8752881468
8752881470
8752750405
8752881479
8752750412
8752881487
8752881489
8752881490
8752750419
8752750420
8752881493
8752881494
8752881495
8752750423
8752750422
8752750421
8752750434
8752881508
8752881509
8752750443
8752750444
8752750445
8752750446
8752881520
8752881521
8752750448
8752881523
8752750453
8752881526
8752750454
8752750457
8752750459
8752881532
8752881533
8752750470
8752881543
8752881544
8752881545
8752750474
8752750475
8752750476
8752881549
8752881550
8752750473
8752750472
8752750484
8752750486
8752881562
8752750491
8752881564
8752750493
8752750494
8752750492
8752881568
8752750497
8752881570
8752881571
8752750496
8752750505
8752881579
8752881580
8752750507
8752881582
8752881583
8752750514
8752750515
8752881593
8752750525
8752881598
8752881599
8752750527
8752881601
8752750529
8752750526
8752881606
8752750534
8752750537
8752881614
8752881615
8752750544
8752881617
8752750545
8752750543
8752881621
8752881622
8752881623
8752750552
8752881626
8752750556
8752750557
8752750559
8752881633
8752881635
8752881636
8752881638
8752881639
8752881640
8752750568
8752750570
8752750571
8752881652
8752881654
8752881655
8752881656
8752881657
8752750586
8752750585
8752750584
8752750595
8752750596
8752881669
8752750598
8752881671
8752750600
8752750601
8752881674
8752881675
8752881676
8752881677
8752881678
8752750606
8752750605
8752881682
8752881686
8752750614
8752750616
8752750617
8752750618
8752750619
8752750623
8752881696
8752881698
8752881699
8752750630
8752881703
8752750635
8752750639
8752750640
8752750644
8752881717
8752881718
8752881719
8752750648
8752881721
8752750650
8752881723
8752750652
8752881725
8752881726
8752750653
8752750651
8752750649
8752881734
8752881737
8752881738
8752750666
8752750665
8752881745
8752881747
8752881749
8752881750
8752881751
8752881752
8752881757
8752750689
8752750690
8752750691
8752750696
8752881769
8752881770
8752881771
8752881772
8752750697
8752881774
8752881775
8752881776
8752881777
8752750706
8752750702
8752881780
8752881781
8752750708
8752881786
8752881787
8752750714
8752750718
8752750719
8752881793
8752881796
8752881797
8752750725
8752881799
8752881800
8752750728
8752750730
8752750727
8752881810
8752750740
8752750742
8752750743
8752881816
8752750744
8752881818
8752881819
8752750746
8752750753
8752750754
8752750755
8752881828
8752881830
8752750759
8752881832
8752881833
8752750762
8752750763
8752750764
8752750760
8752750766
8752750767
8752881842
8752881844
8752881845
8752750779
8752750780
8752750782
8752881855
8752881856
8752881857
8752881859
8752750790
8752881863
8752881864
8752881865
8752881867
8752750798
8752750799
8752750801
8752750802
8752881879
8752881880
8752750810
8752750812
8752750813
8752750815
8752750817
8752881891
8752881892
8752881895
8752750824
8752750825
8752750826
8752750827
8752750829
8752750830
8752750831
8752881905
8752881907
8752750839
8752750840
8752750842
8752750844
8752750845
8752881922
8752881925
8752881927
8752750857
8752750859
8752750860
8752750868
8752881941
8752750870
8752750871
8752881944
8752750873
8752881948
8752750877
8752750876
8752750887
8752750888
8752750890
8752750891
8752881964
8752881965
8752750894
8752881967
8752750893
8752750897
8752750898
8752750892
8752881975
8752881977
8752881985
8752881986
8752750914
8752750916
8752881989
8752881990
8752750917
8752750913
8752881993
8752881994
8752881996
8752881998
8752750927
8752750928
8752750929
8752882002
8752882004
8752882005
8752750933
8752750932
8752750938
8752750945
8752750947
8752882020
8752750949
8752882022
8752882023
8752882024
8752750953
8752750954
8752750948
8752882028
8752750956
8752750958
8752750959
8752750965
8752750968
8752750969
8752750972
8752882045
8752882046
8752750974
8752882048
8752882049
8752882051
8752882053
8752750984
8752750987
8752882063
8752882064
8752882065
8752882066
8752882067
8752882068
8752750995
8752882070
8752882071
8752750999
8752750994
8752751002
8752882075
8752751008
8752751009
8752751010
8752882087
8752882088
8752882089
8752751018
8752882091
8752751020
8752751021
8752882094
8752751027
8752751028
8752882103
8752882104
8752882107
8752882110
8752751040
8752751044
8752882120
8752751049
8752751050
8752882124
8752882125
8752882127
8752882128
8752751063
8752882139
8752751070
8752751072
8752751074
8752882156
8752751085
8752751086
8752882159
8752751088
8752882164
8752882165
8752882166
8752751095
8752882168
8752751094
8752882170
8752882171
8752882172
8752751101
8752882174
8752751102
8752751104
8752751105
8752751107
8752751114
8752882188
8752751117
8752882190
8752882192
8752882197
8752882198
8752751126
8752882200
8752751129
8752882202
8752751131
8752751130
8752751128
8752882206
8752751134
8752751137
8752751138
8752882212
8752751140
8752882214
8752751142
8752882216
8752882217
8752882218
8752882219
8752882220
8752882221
8752751147
8752751146
8752751145
8752751155
8752751156
8752751157
8752882230
8752751159
8752882232
8752751161
8752882240
8752751173
8752751174
8752751175
8752882253
8752882256
8752751184
8752751187
8752751190
8752882265
8752882266
8752751193
8752882268
8752882272
8752751202
8752882276
8752882277
8752882278
8752751207
8752751208
8752751210
8752882292
8752882293
8752882295
8752751223
8752882297
8752751231
8752751233
8752882307
8752882310
8752882311
8752882312
8752751241
8752751240
8752882317
8752751253
8752751255
8752882330
8752882331
8752882332
8752751261
8752751259
8752751268
8752751269
8752751270
8752882343
8752882344
8752882345
8752882346
8752882347
8752882348
8752751277
8752751278
8752751279
8752751275
8752751274
8752751282
8752751283
8752751284
8752751285
8752882358
8752882361
8752882362
8752751291
8752751292
8752882365
8752751294
8752751293
8752751290
8752882372
8752882373
8752882374
8752882375
8752751300
8752751305
8752882378
8752751314
8752882388
8752882389
8752751318
8752882391
8752882392
8752882393
8752751320
8752751319
8752751325
8752882405
8752882406
8752882407
8752882408
8752882409
8752751338
8752751339
8752751337
8752882418
8752882419
8752751347
8752751349
8752882429
8752751359
8752882432
8752751361
8752751360
8752882436
8752751365
8752882439
8752882440
8752751374
8752751378
8752751380
8752882454
8752882455
8752882456
8752751384
8752751386
8752751387
8752882460
8752751388
8752882462
8752751391
8752751390
8752751393
8752751394
8752751395
8752882468
8752882472
8752751401
8752882474
8752751402
8752882476
8752751405
8752751404
8752751413
8752882486
8752882487
8752751415
8752751417
8752882490
8752751414
8752882492
8752882494
8752751424
8752751425
8752751427
8752882503
8752751436
8752751437
8752751438
8752751439
8752882514
8752751444
8752882519
8752882520
8752882522
8752882523
8752751452
8752751453
8752751451
8752751456
8752751457
8752882534
8752751463
8752882538
8752882539
8752882540
8752751469
8752751468
8752751466
8752751473
8752751474
8752751475
8752751483
8752882556
8752751485
8752751486
8752882559
8752751488
8752882561
8752751487
8752882563
8752882564
8752751495
8752751497
8752882575
8752882576
8752882577
8752882578
8752882579
8752751503
8752751512
8752751513
8752882590
8752882591
8752882593
8752751522
8752751523
8752751524
8752751527
8752882604
8752882605
8752882606
8752882607
8752882608
8752882609
8752882610
8752751539
8752751534
8752882613
8752751542
8752751541
8752751544
8752751545
8752751546
8752882622
8752882623
8752882624
8752751553
8752882626
8752751555
8752882634
8752882635
8752751562
8752751565
8752751566
8752751567
8752751568
8752751571
8752882646
8752882647
8752882648
8752882649
8752751578
8752751577
8752751576
8752882658
8752751587
8752882660
8752882663
8752751592
8752751591
8752751600
8752882673
8752882674
8752751601
8752882678
8752882679
8752751607
8752751609
8752882685
8752882687
8752882689
8752751619
8752882692
8752751620
8752751624
8752751625
8752751626
8752882699
8752882700
8752751631
8752751634
8752751635
8752751636
8752751637
8752882711
8752882712
8752882716
8752882717
8752751646
8752882719
8752882720
8752882721
8752751650
8752751649
8752751648
8752882729
8752751658
8752751659
8752751660
8752751661
8752882744
8752882746
8752882748
8752882751
8752882754
8752882755
8752882757
8752751686
8752751685
8752751688
8752751690
8752751691
8752882765
8752882767
8752751702
8752882775
8752751703
8752882777
8752751705
8752882780
8752751713
8752751714
8752882787
8752882788
8752751715
8752882790
8752882792
8752751721
8752751729
8752751730
8752751733
8752751734
8752882807
8752882808
8752882810
8752882811
8752882813
8752882814
8752882815
8752751741
8752882817
8752882819
8752882820
8752751750
8752751752
8752751756
8752751757
8752751758
8752882831
8752882832
8752882833
8752751760
8752751759
8752882839
8752882840
8752882841
8752882843
8752882844
8752751774
8752751778
8752882853
8752882854
8752882855
8752882856
8752751785
8752751786
8752751787
8752882862
8752751791
8752751792
8752751793
8752751794
8752751805
8752882878
8752882884
8752751813
8752751820
8752751821
8752882894
8752882895
8752751822
8752882897
8752882900
8752751831
8752751835
8752751836
8752751837
8752751839
8752751840
8752751842
8752882915
8752882918
8752882919
8752882920
8752751851
8752751854
8752882935
8752882936
8752882937
8752882938
8752882939
8752751867
8752882941
8752882942
8752751871
8752751872
8752751873
8752751877
8752751880
8752751881
8752882956
8752882959
8752751887
8752882961
8752882968
8752882972
8752751901
8752751900
8752882975
8752751904
8752751905
8752751906
8752751903
8752751910
8752882983
8752751911
8752882985
8752751913
8752882988
8752882994
8752882995
8752882996
8752751925
8752751923
8752751927
8752751922
8752883004
8752883007
8752883008
8752883009
8752883010
8752751936
8752883022
8752751954
8752883027
8752883028
8752883029
8752883030
8752751963
8752883037
8752751967
8752751969
8752883045
8752883047
8752883048
8752751977
8752751978
8752751979
8752751980
8752883053
8752751982
8752751983
8752751981
8752751976
8752883058
8752883069
8752883072
8752883073
8752752004
8752883081
8752883083
8752883085
8752883086
8752752014
8752752016
8752752017
8752883091
8752883093
8752883095
8752883096
8752883097
8752883098
8752752028
8752752029
8752752032
8752752033
8752883107
8752883108
8752883109
8752883110
8752883111
8752883112
8752752040
8752752039
8752752043
8752883116
8752883117
8752752037
8752883119
8752883120
8752752049
8752752048
8752883128
8752883129
8752752058
8752752057
8752752056
8752752061
8752752062
8752752063
8752883139
8752883142
8752883143
8752752073
8752883151
8752883154
8752883155
8752883156
8752752084
8752752083
8752752087
8752752082
8752883163
8752883164
8752883165
8752883166
8752752095
8752883169
8752883170
8752883171
8752883172
8752752101
8752752102
8752752100
8752752099
8752752108
8752883181
8752883183
8752752112
8752883186
8752752118
8752752122
8752752123
8752752125
8752752126
8752883199
8752883200
8752752127
8752883206
8752752135
8752752136
8752883209
8752883212
8752883213
8752883214
8752752143
8752752142
8752752145
8752883225
8752883226
8752752155
8752752153
8752883234
8752883235
8752752166
8752883242
8752752172
8752883245
8752752174
8752752175
8752752176
8752752178
8752883252
8752752183
8752752186
8752752187
8752752188
8752883264
8752883265
8752752193
8752883267
8752752196
8752752197
8752752195
8752752200
8752883275
8752883278
8752883279
8752752207
8752883281
8752752206
8752883284
8752752213
8752752212
8752752219
8752752220
8752883294
8752752223
8752883297
8752752227
8752883302
8752883304
8752752233
8752752235
8752752236
8752752239
8752883315
8752883319
8752883320
8752883321
8752752247
8752752251
8752752252
8752883325
8752883327
8752883328
8752752255
8752883332
8752752261
8752883334
8752752262
8752883342
8752883343
8752752272
8752883345
8752752273
8752752271
8752883348
8752883349
8752883350
8752883351
8752752281
8752752283
8752752285
8752883358
8752752287
8752883360
8752883361
8752883362
8752752290
8752752292
8752883376
8752883377
8752883378
8752752308
8752752309
8752752311
8752883384
8752752316
8752883395
8752752328
8752752330
8752883405
8752883406
8752883407
8752752336
8752883409
8752883410
8752752337
8752752335
8752752334
8752752342
8752883415
8752752344
8752752345
8752752343
8752883419
8752752349
8752883423
8752752351
8752752353
8752752354
8752883429
8752883434
8752752364
8752883437
8752883438
8752752366
8752752365
8752883445
8752752373
8752752375
8752883448
8752752376
8752752379
8752883452
8752883453
8752752380
8752752384
8752752387
8752752388
8752883463
8752752391
8752883468
8752883469
8752752404
8752883477
8752883478
8752752407
8752752408
8752752406
8752883482
8752752416
8752883489
8752883490
8752883491
8752883492
8752883493
8752883494
8752752420
8752752419
8752752418
8752752430
8752752438
8752752439
8752752440
8752752441
8752883514
8752883515
8752883517
8752883518
8752752446
8752752445
8752883522
8752883524
8752883525
8752883528
8752752457
8752752456
8752752459
8752752460
8752752462
8752883537
8752883541
8752752473
8752883547
8752883548
8752883549
8752883550
8752752479
8752752480
8752883553
8752883554
8752752481
8752752478
8752883560
8752883561
8752752488
8752883563
8752752493
8752883567
8752752498
8752752499
8752883572
8752883575
8752752504
8752883579
8752883580
8752752508
8752883587
8752883588
8752883589
8752752518
8752883591
8752883592
8752752521
8752752520
8752883595
8752883596
8752752519
8752883598
8752752529
8752752530
8752752531
8752752532
8752883605
8752752534
8752752536
8752883609
8752752538
8752752537
8752883615
8752883616
8752752545
8752752546
8752752547
8752752543
8752883623
8752883624
8752883625
8752883626
8752883627
8752883628
8752883629
8752752557
8752752556
8752883632
8752883633
8752752562
8752752563
8752752555
8752752566
8752752567
8752752568
8752752570
8752883643
8752883644
8752883645
8752752573
8752883647
8752752572
8752883649
8752883650
8752752580
8752752582
8752752583
8752752586
8752752587
8752752588
8752752589
8752883664
8752883665
8752883666
8752883667
8752883668
8752883669
8752752598
8752883671
8752883672
8752752597
8752752602
8752752603
8752752596
8752752606
8752883682
8752883683
8752883685
8752883686
8752752615
8752752620
8752752624
8752883697
8752883698
8752752625
8752752628
8752752629
8752752631
8752883706
8752883707
8752752638
8752752639
8752752640
8752752642
8752752649
8752883722
8752752650
8752883724
8752752652
8752883728
8752883730
8752883740
8752883744
8752752675
8752752676
8752752677
8752752679
8752752680
8752752684
8752883758
8752883760
8752752690
8752883763
8752752691
8752752694
8752752695
8752752696
8752752698
8752883773
8752883774
8752883779
8752883780
8752752711
8752883785
8752883788
8752883789
8752883790
8752752717
8752883792
8752752725
8752883802
8752752733
8752752735
8752752736
8752752737
8752883811
8752883813
8752883814
8752883815
8752752744
8752752743
8752752742
8752752747
8752752748
8752752749
8752883822
8752883823
8752752755
8752883828
8752883830
8752752759
8752752758
8752883834
8752883836
8752883837
8752883838
8752752765
8752883840
8752752764
8752883842
8752883846
8752883850
8752752779
8752883852
8752752780
8752752782
8752752778
8752883860
8752752788
8752752790
8752883864
8752883865
8752883866
8752752797
8752752804
8752752807
8752883880
8752883881
8752883882
8752883883
8752883887
8752883891
8752752820
8752752821
8752752822
8752752823
8752752819
8752752826
8752752827
8752883900
8752883901
8752752829
8752752828
8752883904
8752752835
8752752836
8752752840
8752752844
8752883917
8752752845
8752883919
8752883920
8752883921
8752883924
8752883925
8752883928
8752752857
8752752860
8752883934
8752883935
8752883936
8752883939
8752752868
8752883941
8752752870
8752752871
8752752869
8752752879
8752752880
8752752881
8752883959
8752883960
8752883961
8752752888
8752883963
8752752894
8752883967
8752883975
8752883976
8752883977
8752883978
8752752903
8752883980
8752883986
8752883987
8752883988
8752883989
8752883990
8752752917
8752883992
8752883993
8752883996
8752752925
8752752924
8752883999
8752752931
8752752932
8752884006
8752884007
8752884008
8752884009
8752884010
8752752937
8752752941
8752752949
8752752950
8752752951
8752884027
8752884028
8752752957
8752752959
8752884032
8752884033
8752752962
8752752965
8752752967
8752752974
8752884048
8752884049
8752752976
8752752979
8752752980
8752752988
8752884062
8752884065
8752884069
8752884070
8752884071
8752884072
8752753000
8752753002
8752752999
8752884083
8752753013
8752753015
8752884088
8752753017
8752753018
8752884091
8752753019
8752753016
8752753027
8752884102
8752884103
8752884104
8752753031
8752884106
8752884107
8752753030
8752753037
8752753038
8752753040
8752753042
8752884116
8752753047
8752884120
8752753049
8752753050
8752753048
8752884125
8752753054
8752884127
8752753055
8752884129
8752753053
8752753063
8752753064
8752753065
8752753066
8752753067
8752884141
8752884142
8752884143
8752753071
8752753069
8752753076
8752753078
8752753079
8752753080
8752884156
8752753086
8752753088
8752753090
8752884169
8752884171
8752884172
8752753104
8752753107
8752753108
8752753109
8752884183
8752884184
8752753113
8752884186
8752753115
8752753114
8752753119
8752884192
8752884193
8752884194
8752884195
8752884196
8752753125
8752884198
8752884199
8752884200
8752753127
8752753124
8752884210
8752884211
8752884212
8752753140
8752884214
8752884215
8752884216
8752753143
8752884218
8752884219
8752884220
8752753150
8752753153
8752753154
8752884231
8752884232
8752753161
8752884234
8752753163
8752884236
8752753164
8752753166
8752884239
8752884240
8752753167
8752753170
8752753171
8752753172
8752753173
8752753174
8752884247
8752753175
8752884254
8752884255
8752884256
8752884257
8752884258
8752753187
8752753188
8752753182
8752884264
8752884266
8752884267
8752753196
8752753197
8752884276
8752753204
8752884278
8752884279
8752753209
8752753210
8752884283
8752884287
8752884288
8752884290
8752884291
8752884293
8752884294
8752753221
8752884296
8752753225
8752753226
8752753224
8752884302
8752884303
8752753232
8752753241
8752753242
8752884315
8752884316
8752884317
8752753244
8752884319
8752753248
8752884321
8752753250
8752753251
8752753249
8752753247
8752884329
8752753260
8752753261
8752884334
8752884336
8752753267
8752884340
8752884341
8752753270
8752753271
8752753272
8752753273
8752753274
8752753268
8752884350
8752884351
8752753280
8752884354
8752884355
8752884356
8752753284
8752753282
8752884359
8752753293
8752753294
8752884368
8752884369
8752884370
8752884373
8752884374
8752753302
8752753304
8752753305
8752753306
8752753316
8752884389
8752753318
8752753317
8752753320
8752753322
8752753323
8752884396
8752884397
8752884398
8752884399
8752884402
8752753332
8752884409
8752884410
8752753339
8752884412
8752753341
8752753340
8752753338
8752753347
8752753350
8752753351
8752884424
8752884425
8752884426
8752884427
8752884428
8752884429
8752753357
8752753356
8752753360
8752753361
8752753365
8752753367
8752753368
8752884441
8752884442
8752884443
8752884445
8752884446
8752753374
8752884450
8752753382
8752884456
8752753385
8752884458
8752884459
8752884460
8752884461
8752884462
8752884463
8752753390
8752753388
8752753387
8752753386
8752884470
8752753400
8752884473
8752753402
8752753401
8752753404
8752753406
8752753409
8752753411
8752884484
8752753412
8752884487
8752753419
8752753420
8752753421
8752753422
8752884495
8752884500
8752884501
8752753430
8752753431
8752753429
8752884505
8752884506
8752753433
8752753428
8752753440
8752753441
8752753442
8752884520
8752753449
8752884522
8752884523
8752884524
8752753453
8752884526
8752753452
8752753451
8752753450
8752753461
8752753462
8752884535
8752753464
8752753465
8752884538
8752753463
8752753472
8752753473
8752753478
8752753479
8752753480
8752753482
8752884555
8752753484
8752884557
8752884558
8752753487
8752753488
8752753483
8752753495
8752753496
8752884569
8752753497
8752753499
8752753500
8752884573
8752884574
8752884575
8752884576
8752884577
8752753502
8752753507
8752753513
8752753514
8752884587
8752884588
8752884589
8752753515
8752753520
8752753521
8752753522
8752753529
8752884603
8752753531
8752884605
8752884607
8752753535
8752884609
8752753545
8752753546
8752884619
8752884620
8752753549
8752753547
8752753556
8752884630
8752884631
8752884632
8752753558
8752884635
8752884636
8752884637
8752884638
8752753567
8752753568
8752753569
8752753565
8752753571
8752884650
8752884651
8752884652
8752884653
8752753579
8752753589
8752753591
8752753592
8752884668
8752753598
8752884672
8752884673
8752884674
8752884675
8752884676
8752753608
8752884682
8752884683
8752884684
8752884685
8752884686
8752753613
8752753611
8752884689
8752884691
8752884693
8752884694
8752753623
8752884696
8752884697
8752753626
8752884699
8752753625
8752884708
8752753637
8752884710
8752884711
8752884712
8752753636
8752884714
8752753643
8752753644
8752753645
8752753646
8752753647
8752753642
8752884724
8752884725
8752884727
8752884728
8752753656
8752753658
8752753659
8752884733
8752884734
8752884735
8752753664
8752753665
8752753668
8752884744
8752884745
8752884746
8752884747
8752753676
8752753677
8752884750
8752884751
8752753678
8752753673
8752884754
8752884756
8752753684
8752884768
8752884769
8752753699
8752753701
8752884776
8752884777
8752753708
8752884781
8752884782
8752884783
8752753715
8752753722
8752884796
8752884797
8752884798
8752884799
8752753725
8752884807
8752884808
8752884809
8752753738
8752884811
8752753737
8752884814
8752884816
8752753745
8752753746
8752884829
8752753758
8752884834
8752884835
8752884836
8752753765
8752884838
8752884839
8752753768
8752753767
8752884848
8752753779
8752884853
8752884854
8752753783
8752884856
8752884857
8752753785
8752753784
8752753782
8752884862
8752884863
8752884865
8752884866
8752884867
8752884869
8752753800
8752753803
8752753804
8752753808
8752753810
8752753811
8752884886
8752884889
8752753817
8752884891
8752884892
8752753820
8752753819
8752753824
8752753825
8752753826
8752753828
8752884902
8752884903
8752884904
8752884905
8752884906
8752753833
8752884908
8752884909
8752753831
8752753830
8752753847
8752884920
8752884921
8752884926
8752884927
8752753856
8752753855
8752753858
8752753854
8752884936
8752884937
8752753866
8752753867
8752753868
8752884941
8752753873
8752753874
8752884948
8752753876
8752753879
8752884953
8752753883
8752753885
8752753886
8752753888
8752884961
8752884962
8752753891
8752753892
8752884970
8752884971
8752753898
8752884973
8752884974
8752753901
8752884976
8752884977
8752753907
8752753911
8752753921
8752884994
8752884996
8752753924
8752753929
8752753930
8752885004
8752753933
8752753934
8752885007
8752885012
8752885013
8752885016
8752753947
8752753948
8752885023
8752753951
8752885026
8752885028
8752753963
8752753970
8752753971
8752753972
8752885047
8752885048
8752885051
8752753980
8752753981
8752885054
8752885055
8752885056
8752753979
8752885058
8752753988
8752753990
8752885069
8752885071
8752754000
8752754001
8752885074
8752885075
8752754004
8752754003
8752754010
8752754013
8752754015
8752885091
8752885092
8752885093
8752885094
8752754022
8752754021
8752885098
8752885099
8752885100
8752885103
8752885104
8752754032
8752754034
8752754035
8752885111
8752885114
8752754042
8752754045
8752754047
8752754048
8752885121
8752885125
8752754053
8752885127
8752754056
8752754057
8752754058
8752754060
8752885134
8752885135
8752885136
8752754063
8752885138
8752754062
8752885140
8752885141
8752754070
8752754076
8752885149
8752885150
8752885151
8752754080
8752754078
8752754082
8752754089
8752754090
8752754091
8752885167
8752885172
8752885173
8752885174
8752754101
8752885176
8752754104
8752754107
8752754111
8752885184
8752885185
8752754113
8752885187
8752754116
8752754117
8752754115
8752754120
8752754121
8752885195
8752754123
8752885200
8752754129
8752885202
8752885203
8752885204
8752885205
8752754132
8752885212
8752885214
8752754143
8752885216
8752885217
8752754150
8752754151
8752754152
8752885225
8752885226
8752885232
8752885233
8752885234
8752885240
8752754169
8752754168
8752754171
8752885245
8752754173
8752885253
8752885254
8752754183
8752754182
8752885257
8752754187
8752754190
8752754198
8752754199
8752754200
8752754203
8752885279
8752885280
8752885282
8752754211
8752754212
8752885285
8752754213
8752754210
8752885288
8752754216
8752754219
8752754220
8752754222
8752885296
8752754225
8752885299
8752885300
8752885301
8752885302
8752885303
8752754227
8752754234
8752754235
8752754236
8752754237
8752754249
8752754250
8752885323
8752885324
8752885325
8752754252
8752885327
8752885328
8752885329
8752754258
8752754260
8752754264
8752754265
8752754267
8752885341
8752885342
8752754270
8752754269
8752885346
8752885349
8752885350
8752754277
8752754281
8752754282
8752754283
8752885361
8752885362
8752885364
8752885367
8752754299
8752885372
8752885373
8752885374
8752885375
8752754302
8752754300
8752885380
8752885381
8752754310
8752754311
8752754309
8752885385
8752885387
8752885388
8752885390
8752885391
8752754319
8752754321
8752754322
8752885395
8752885396
8752885397
8752885398
8752754329
8752754331
8752885404
8752885405
8752885407
8752885409
8752885410
8752885412
8752754340
8752754342
8752885415
8752754343
8752754345
8752754346
8752754347
8752885420
8752754350
8752885430
8752885431
8752885432
8752754363
8752754365
8752885443
8752885445
8752754376
8752754378
8752754379
8752885453
8752885456
8752754385
8752754384
8752885459
8752754387
8752885467
8752885468
8752885469
8752885470
8752754399
8752885472
8752754401
8752754397
8752885476
8752885477
8752885482
8752754416
8752885489
8752885490
8752885491
8752885496
8752754424
8752885498
8752885499
8752885500
8752754427
8752885502
8752754431
8752754432
8752754426
8752885508
8752754439
8752885512
8752754442
8752754443
8752885519
8752885522
8752754451
8752754452
8752885526
8752885527
8752885528
8752885529
8752754455
8752885531
8752885532
8752754454
8752736132
8752754473
8752885546
8752885547
8752885548
8752754476
8752885550
8752885551
8752754474
8752885553
8752754486
8752885561
8752885562
8752885563
8752754490
8752885565
8752754497
8752885572
8752754510
8752754511
8752754512
8752754513
8752885586
8752885587
8752754516
8752885589
8752885590
8752885591
8752754514
8752754522
8752754523
8752754524
8752754525
8752754526
8752885601
8752885602
8752885603
8752754531
8752754530
8752885606
8752885607
8752885608
8752754529
8752754538
8752754540
8752754541
8752754542
8752885615
8752754544
8752885617
8752754545
8752754543
8752885622
8752754551
8752754560
8752885634
8752754564
8752754565
8752885638
8752885639
8752754570
8752754571
8752885644
8752754573
8752754575
8752885648
8752754578
8752885651
8752885652
8752885653
8752754582
8752885655
8752754583
8752754581
8752754586
8752754580
8752754579
8752754594
8752885669
8752885670
8752885672
8752885673
8752754602
8752754600
8752885677
8752885678
8752754607
8752754606
8752885684
8752754615
8752754617
8752885691
8752754620
8752754621
8752885694
8752885695
8752754622
8752754625
8752885698
8752885699
8752754628
8752754629
8752754630
8752754631
8752754633
8752885708
8752885710
8752754639
8752754638
8752754641
8752754642
8752754643
8752754645
8752885718
8752754646
8752885721
8752754650
8752754651
8752754654
8752754658
8752885732
8752885733
8752885734
8752885735
8752885736
8752885737
8752754665
8752754668
8752754669
8752885742
8752885745
8752885746
8752754675
8752754676
8752754678
8752885751
8752885752
8752754681
8752754682
8752754687
8752754688
8752754693
8752885766
8752754694
8752885768
8752885771
8752885772
8752754701
8752754702
8752754703
8752885779
8752885781
8752885783
8752754711
8752754713
8752754714
8752754718
8752885793
8752885794
8752885795
8752885796
8752754722
8752885798
8752885804
8752754732
8752754734
8752754735
8752754736
8752754737
8752885811
8752885812
8752754746
8752754747
8752754748
8752754749
8752885823
8752754752
8752885825
8752885830
8752885831
8752754763
8752754764
8752885840
8752885842
8752754771
8752885844
8752885845
8752754770
8752885848
8752754776
8752885851
8752754782
8752885855
8752754784
8752885857
8752754786
8752754787
8752754788
8752754785
8752754790
8752885866
8752754796
8752885869
8752885870
8752885871
8752754797
8752754802
8752754805
8752885881
8752885883
8752754812
8752754811
8752885887
8752754821
8752754822
8752885901
8752885903
8752885904
8752754833
8752885906
8752754835
8752754834
8752754831
8752754841
8752754842
8752754843
8752885925
8752885926
8752754853
8752754856
8752885930
8752885931
8752885933
8752885934
8752754864
8752754865
8752754866
8752885939
8752885942
8752754870
8752885945
8752754873
8752885947
8752885949
8752885950
8752754881
8752885954
8752885955
8752754883
8752885957
8752754885
8752754882
8752754893
8752754894
8752885970
8752885972
8752885973
8752885974
8752754900
8752754905
8752754906
8752885985
8752885986
8752754916
8752754917
8752754920
8752754921
8752754922
8752754923
8752754924
8752885997
8752885998
8752885999
8752754941
8752754942
8752886015
8752886018
8752754947
8752886020
8752886021
8752754948
8752754952
8752754959
8752886032
8752886033
8752886034
8752886035
8752886036
8752754961
8752886038
8752754967
8752754968
8752886041
8752754970
8752754971
8752754972
8752886051
8752886053
8752886054
8752886059
8752886060
8752754987
8752754990
8752754991
8752754992
8752754997
8752754999
8752886073
8752755001
8752755003
8752886076
8752886077
8752755005
8752755004
8752886082
8752886083
8752886084
8752755013
8752755014
8752886087
8752755019
8752755020
8752886095
8752886096
8752886098
8752755026
8752755029
8752755033
8752755034
8752755036
8752755037
8752886111
8752886112
8752886116
8752886117
8752886118
8752886119
8752755048
8752755049
8752755047
8752755060
8752755061
8752886134
8752886136
8752755065
8752755064
8752755067
8752886141
8752886142
8752886143
8752886145
8752886146
8752755082
8752755083
8752886157
8752755086
8752755085
8752755094
8752886167
8752755095
8752886169
8752755101
8752886174
8752886180
8752886181
8752755110
8752755111
8752886184
8752886185
8752886186
8752886187
8752755116
8752886189
8752755118
8752886191
8752755119
8752755117
8752755115
8752755123
8752886199
8752886200
8752755130
8752755131
8752755132
8752755133
8752755135
8752886208
8752755146
8752755148
8752886223
8752886225
8752886226
8752886232
8752886233
8752755160
8752886235
8752886236
8752886238
8752755171
8752886245
8752886249
8752755178
8752886251
8752886252
8752886253
8752886254
8752755183
8752755184
8752755182
8752755177
8752886264
8752755193
8752755192
8752886268
8752886269
8752886271
8752755200
8752755204
8752886277
8752886278
8752886279
8752886280
8752886281
8752886285
8752886286
8752886287
8752886288
8752755216
8752755215
8752755219
8752886293
8752886294
8752755223
8752886296
8752886297
8752755225
8752755224
8752755228
8752755229
8752755230
8752755222
8752886305
8752886309
8752755238
8752886311
8752755240
8752755237
8752886315
8752755243
8752755248
8752755249
8752755252
8752755253
8752755254
8752755255
8752755256
8752755257
8752886332
8752755260
8752755268
8752755269
8752755271
8752886344
8752886345
8752755272
8752886347
8752755276
8752755277
8752886352
8752755282
8752755283
8752755284
8752886357
8752886358
8752886359
8752886360
8752886361
8752755287
8752886373
8752755303
8752886376
8752755305
8752755306
8752886383
8752886389
8752886390
8752755318
8752886392
8752886393
8752755322
8752755323
8752755321
8752755320
8752755317
8752755330
8752886404
8752755332
8752886406
8752755339
8752755341
8752755342
8752755344
8752886417
8752886418
8752886419
8752886420
8752755345
8752886422
8752755355
8752755356
8752755357
8752755358
8752755359
8752886433
8752886434
8752755366
8752755369
8752755371
8752886444
8752755373
8752736736
8752755379
8752886453
8752755382
8752886455
8752886456
8752886457
8752755383
8752755381
8752886461
8752755392
8752755393
8752755394
8752886474
8752886475
8752755403
8752886479
8752886480
8752886481
8752755410
8752886488
8752886491
8752755425
8752755426
8752755427
8752755428
8752886504
8752886506
8752755435
8752886508
8752755436
8752886510
8752755438
8752755434
8752755441
8752755442
8752755443
8752755445
8752886518
8752755446
8752886520
8752755449
8752886522
8752755450
8752886524
8752755452
8752755448
8752755456
8752886532
8752886533
8752886538
8752886539
8752886540
8752886541
8752755469
8752755468
8752886544
8752886551
8752886554
8752755482
8752886556
8752755485
8752886558
8752755487
8752755486
8752886561
8752755490
8752755484
8752886572
8752755501
8752886574
8752886575
8752886576
8752886577
8752755511
8752755512
8752755513
8752886586
8752886588
8752755517
8752886593
8752886597
8752886598
8752755531
8752755532
8752755534
8752755535
8752755536
8752886609
8752755537
8752886611
8752886612
8752886613
8752886616
8752755545
8752886618
8752755546
8752755544
8752755550
8752755551
8752755552
8752755553
8752755561
8752886635
8752886636
8752886637
8752755564
8752886639
8752755563
8752755571
8752886644
8752755572
8752755581
8752886655
8752755583
8752755587
8752755588
8752886661
8752886662
8752886663
8752755596
8752886669
8752886670
8752886671
8752755600
8752755598
8752755597
8752886676
8752886678
8752886679
8752886680
8752886682
8752886683
8752886685
8752755614
8752886688
8752755617
8752755619
8752755620
8752755621
8752755622
8752755625
8752886698
8752886699
8752886700
8752755627
8752755634
8752755635
8752886712
8752886714
8752886715
8752755644
8752886717
8752755643
8752755649
8752886725
8752755654
8752886727
8752886728
8752755656
8752755658
8752755655
8752886739
8752755667
8752755669
8752755670
8752886745
8752755673
8752886747
8752886749
8752755682
8752755683
8752886760
8752886761
8752886769
8752755698
8752755697
8752886772
8752886774
8752886776
8752886777
8752886778
8752886779
8752755708
8752755709
8752755710
8752755711
8752755707
8752755713
8752755716
8752755717
8752755718
8752886794
8752755728
8752755730
8752886803
8752755732
8752886805
8752886806
8752755735
8752755733
8752755742
8752755743
8752886816
8752755744
8752886818
8752886819
8752755747
8752755746
8752755754
8752886827
8752755756
8752886829
8752886830
8752755759
8752755758
8752755755
8752886835
8752886836
8752886837
8752886839
8752755768
8752755769
8752755767
8752886848
8752755776
8752755779
8752886853
8752886855
8752755784
8752755783
8752755786
8752755789
8752886863
8752755791
8752886865
8752886868
8752886869
8752886871
8752755800
8752755799
8752755802
8752755804
8752886877
8752755805
8752886881
8752755814
8752755815
8752886889
8752886890
8752886891
8752886894
8752755826
8752886899
8752886900
8752886904
8752886906
8752886907
8752886909
8752755839
8752755841
8752755842
8752755844
8752755845
8752886922
8752886925
8752755854
8752886927
8752886928
8752755857
8752886936
8752755865
8752886938
8752886939
8752755864
8752886943
8752886944
8752886945
8752755874
8752755875
8752755872
8752755881
8752755882
8752886956
8752755884
8752755889
8752886962
8752886964
8752886965
8752755892
8752755896
8752886973
8752755902
8752886975
8752755904
8752886977
8752755905
8752755907
8752755908
8752755903
8752755913
8752886991
8752886992
8752886994
8752886995
8752886997
8752755926
8752886999
8752887000
8752755929
8752887002
8752887003
8752755931
8752755930
8752755934
8752887007
8752755936
8752755938
8752887013
8752887016
8752755944
8752755948
8752755949
8752887023
8752755952
8752887026
8752887027
8752755959
8752755960
8752755962
8752887039
8752887040
8752887041
8752755970
8752887043
8752755971
8752755975
8752755976
8752755978
8752755979
8752755980
8752736856
8752887055
8752887056
8752887057
8752887058
8752736857
8752887060
8752755989
8752887062
8752755990
8752755992
8752755993
8752887071
8752887072
8752756000
8752887075
8752887076
8752887078
8752756007
8752887087
8752756015
8752887089
8752756018
8752887093
8752756022
8752887095
8752887097
8752756034
8752887107
8752887108
8752756037
8752887110
8752887111
8752887112
8752756039
8752887115
8752756046
8752756047
8752887121
8752887122
8752756051
8752756050
8752887125
8752887126
8752887127
8752756053
8752756049
8752887132
8752887133
8752756061
8752887135
8752887143
8752887145
8752887146
8752887147
8752887148
8752887149
8752756077
8752887151
8752756076
8752887153
8752756082
8752756083
8752756075
8752887158
8752887160
8752887161
8752756090
8752887163
8752756092
8752756093
8752756094
8752756095
8752756096
8752756102
8752887175
8752756105
8752756106
8752887179
8752756114
8752756117
8752887190
8752756118
8752887192
8752887193
8752887194
8752756123
8752887196
8752887197
8752887198
8752756127
8752756128
8752887201
8752756130
8752756131
8752756132
8752756129
8752756125
8752887208
8752887209
8752887211
8752887214
8752756145
8752887218
8752756147
8752756148
8752887222
8752887223
8752887224
8752887225
8752887226
8752887227
8752756162
8752756163
8752756166
8752756167
8752756168
8752887241
8752756169
8752887247
8752887248
8752887249
8752756178
8752756177
8752887253
8752756181
8752887255
8752756184
8752887257
8752887258
8752887259
8752887260
8752756191
8752756193
8752756195
8752887272
8752887273
8752756200
8752887275
8752887276
8752887277
8752887278
8752887279
8752756208
8752756209
8752756211
8752756212
8752756214
8752756219
8752887293
8752756222
8752887295
8752887296
8752887297
8752756226
8752756223
8752887300
8752756231
8752756233
8752756234
8752756235
8752887310
8752887311
8752887312
8752756242
8752756244
8752756250
8752887323
8752887324
8752756256
8752756257
8752756258
8752756263
8752887336
8752756265
8752756264
8752756267
8752887345
8752887347
8752887348
8752887352
8752756280
8752756284
8752756286
8752756287
8752887360
8752887361
8752887363
8752887364
8752756295
8752756296
8752756299
8752756302
8752887375
8752887376
8752887377
8752756305
8752756304
8752756303
8752887383
8752887384
8752756313
8752887386
8752887387
8752756315
8752887389
8752756319
8752887393
8752887394
8752756327
8752887400
8752887401
8752887402
8752756330
8752756332
8752756328
8752887410
8752887411
8752756340
8752887413
8752887414
8752887415
8752887416
8752756344
8752887418
8752887419
8752756346
8752756343
8752756341
8752887429
8752887430
8752756358
8752756360
8752887433
8752887434
8752887435
8752756362
8752887437
8752756361
8752756368
8752756373
8752887447
8752887448
8752887450
8752887451
8752887452
8752887453
8752756378
8752887460
8752887461
8752887462
8752887463
8752756392
8752756393
8752756394
8752756391
8752887473
8752756403
8752887476
8752887477
8752756404
8752887482
8752887485
8752887486
8752887487
8752887490
8752756419
8752756425
8752756428
8752887502
8752756431
8752887504
8752887505
8752756434
8752887510
8752756438
8752756442
8752756444
8752756445
8752887518
8752887520
8752887521
8752887523
8752887524
8752756454
8752756460
8752756465
8752887538
8752887545
8752887546
8752756475
8752756473
8752887549
8752887551
8752756483
8752887556
8752887560
8752756495
8752756496
8752756497
8752756498
8752887573
8752887574
8752756503
8752756505
8752756507
8752887580
8752887582
8752887584
8752887585
8752756518
8752887591
8752887595
8752756526
8752887601
8752887602
8752887603
8752887604
8752887605
8752887609
8752887610
8752887611
8752887613
8752887614
8752756543
8752756541
8752756545
8752887622
8752887625
8752756554
8752756553
8752756558
8752756566
8752887639
8752887640
8752887641
8752756570
8752887643
8752887644
8752756572
8752756568
8752756567
8752756580
8752756585
8752887658
8752887659
8752756587
8752887661
8752887662
8752887663
8752887664
8752756590
8752887666
8752887667
8752756596
8752756597
8752756598
8752756600
8752756603
8752756605
8752887678
8752887679
8752887680
8752887681
8752756610
8752756606
8752756615
8752756616
8752756617
8752887693
8752887694
8752887695
8752756624
8752887697
8752887698
8752887699
8752756627
8752756629
8752756625
8752756623
8752756632
8752756633
8752756636
8752756637
8752756643
8752887719
8752887720
8752756648
8752756647
8752887725
8752887726
8752756656
8752887729
8752756659
8752887733
8752756661
8752756663
8752756666
8752756671
8752756674
8752756675
8752887748
8752887749
8752887750
8752887751
8752887752
8752756677
8752756676
8752756687
8752756688
8752887761
8752887762
8752756693
8752887767
8752756696
8752887770
8752887771
8752887773
8752887774
8752756703
8752756705
8752756707
8752887781
8752887783
8752887786
8752887790
8752887791
8752887792
8752756719
8752756726
8752756728
8752887803
8752887804
8752887805
8752887806
8752756731
8752887808
8752887811
8752887812
8752756747
8752887820
8752887821
8752887822
8752887823
8752887824
8752887825
8752756750
8752756749
8752756748
8752756758
8752756759
8752887832
8752756761
8752756762
8752756760
8752756764
8752756765
8752887838
8752887839
8752756768
8752887841
8752887852
8752887854
8752887855
8752887856
8752756785
8752756784
8752887859
8752887860
8752887861
8752756789
8752756791
8752756792
8752756794
8752756798
8752756800
8752887874
8752887875
8752887876
8752887877
8752887878
8752756807
8752756808
8752756809
8752756806
8752756805
8752756816
8752887889
8752887890
8752756819
8752887892
8752756821
8752887894
8752887895
8752887896
8752756825
8752756822
8752756820
8752756828
8752756829
8752756830
8752756832
8752887905
8752887907
8752887908
8752887910
8752887911
8752756840
8752756839
8752756844
8752887920
8752887921
8752756850
8752887924
8752887925
8752887926
8752887927
8752756856
8752756854
8752756853
8752756852
8752756861
8752756862
8752756863
8752887936
8752887937
8752756865
8752887940
8752887941
8752887942
8752887944
8752887945
8752756875
8752887957
8752887959
8752887960
8752756889
8752756890
8752756891
8752756888
8752887968
8752887972
8752756903
8752756904
8752887984
8752887986
8752756916
8752887990
8752756919
8752887992
8752887993
8752887994
8752756926
8752756927
8752756930
8752888004
8752888006
8752756935
8752756936
8752756938
8752888014
8752888015
8752888016
8752888017
8752888018
8752756946
8752888021
8752888022
8752888023
8752756951
8752756953
8752756954
8752756950
8752888033
8752888034
8752756964
8752888038
8752888040
8752888041
8752888042
8752888043
8752756968
8752756973
8752756979
8752756981
8752888057
8752888059
8752888060
8752888062
8752763109
8752756994
8752756995
8752756993
8752757002
8752757003
8752888082
8752757011
8752888084
8752757013
8752888086
8752888087
8752757015
8752757014
8752757010
8752757022
8752757023
8752888097
8752757027
8752757028
8752888101
8752888103
8752888104
8752888105
8752757035
8752888108
8752888109
8752888110
8752888113
8752757041
8752888115
8752888116
8752888117
8752888127
8752757055
8752888131
8752757059
8752888137
8752757068
8752757070
8752757071
8752888146
8752757075
8752757076
8752888149
8752757078
8752888152
8752888153
8752757082
8752757083
8752757080
8752757085
8752888160
8752888162
8752888165
8752888169
8752888170
8752888171
8752757100
8752757099
8752757098
8752888181
8752888182
8752888183
8752757112
8752757111
8752757110
8752757122
8752888198
8752888200
8752888201
8752888202
8752888203
8752757132
8752757134
8752757135
8752757136
8752888209
8752757137
8752888211
8752757144
8752757146
8752888219
8752757148
8752757149
8752888222
8752757147
8752888224
8752888225
8752757153
8752757155
8752757158
8752757163
8752888237
8752888239
8752888240
8752888242
8752888243
8752888244
8752757171
8752757174
8752757170
8752888255
8752757184
8752888257
8752888259
8752757188
8752888261
8752757190
8752888263
8752757189
8752888265
8752757194
8752757195
8752757197
8752888274
8752888275
8752888278
8752888279
8752757206
8752757210
8752757211
8752757212
8752757213
8752757214
8752888287
8752757216
8752888289
8752888290
8752757219
8752888292
8752757218
8752757215
8752757226
8752757227
8752757228
8752757230
8752888304
8752888305
8752757239
8752757240
8752757243
8752888316
8752888317
8752757244
8752757248
8752888321
8752757249
8752888324
8752757252
8752888326
8752757255
8752888328
8752757254
8752757260
8752888334
8752757263
8752888336
8752757262
8752888338
8752757267
8752757268
8752888345
8752757274
8752888347
8752888348
8752888349
8752888350
8752888351
8752888352
8752888353
8752757279
8752757277
8752757275
8752888359
8752757290
8752888363
8752757291
8752757293
8752757294
8752757301
8752757302
8752888375
8752757304
8752888377
8752888379
8752888380
8752757309
8752757310
8752757308
8752757312
8752757318
8752888391
8752888392
8752757321
8752757322
8752888395
8752757323
8752757325
8752757320
8752757319
8752888401
8752757330
8752888403
8752757331
8752757329
8752888406
8752757335
8752888411
8752888412
8752757344
8752757347
8752757349
8752888423
8752888424
8752888425
8752888426
8752888430
8752888434
8752888447
8752888448
8752888449
8752888450
8752757379
8752757378
8752757376
8752888457
8752757386
8752757387
8752888460
8752888461
8752888462
8752757390
8752757389
8752757388
8752757385
8752888467
8752888468
8752888470
8752757399
8752888475
8752888477
8752888478
8752888481
8752888482
8752888483
8752888484
8752757416
8752757417
8752757418
8752888495
8752888496
8752888497
8752888498
8752757425
8752888502
8752888503
8752757436
8752888509
8752757438
8752888512
8752888515
8752888516
8752888517
8752757446
8752888519
8752757448
8752757453
8752888529
8752888531
8752888532
8752757464
8752757465
8752757472
8752888545
8752757473
8752757475
8752757476
8752888549
8752888551
8752757482
8752757483
8752757484
8752757485
8752888558
8752888559
8752888560
8752888561
8752888562
8752757488
8752757492
8752757493
8752757487
8752757486
8752888575
8752888576
8752757505
8752757504
8752888585
8752888587
8752757516
8752888589
8752888590
8752888591
8752757517
8752757526
8752757528
8752757531
8752888605
8752757536
8752757537
8752888610
8752757538
8752757541
8752888614
8752888615
8752757550
8752757551
8752757552
8752888629
8752888630
8752888632
8752757560
8752757562
8752757565
8752757566
8752888641
8752888642
8752888643
8752888644
8752757571
8752757570
8752757583
8752757585
8752757586
8752888664
8752888670
8752757598
8752888672
8752757601
8752757602
8752888675
8752757603
8752888677
8752888678
8752757600
8752757613
8752888687
8752757615
8752888689
8752888692
8752888694
8752757622
8752757624
8752757625
8752757626
8752888705
8752888707
8752757636
8752888709
8752757637
8752757639
8752757640
8752757635
8752888717
8752888718
8752888719
8752888720
8752888722
8752757650
8752757657
8752888730
8752888731
8752757659
8752888733
8752888735
8752888736
8752757663
8752757668
8752888741
8752757671
8752888745
8752888749
8752757678
8752757679
8752888752
8752888753
8752888754
8752757677
8752757684
8752757685
8752757687
8752757689
8752888762
8752888763
8752888764
8752888765
8752757692
8752888767
8752757696
8752757697
8752888770
8752888771
8752757699
8752757698
8752888778
8752888779
8752757708
8752757706
8752757710
8752757711
8752888784
8752888785
8752757714
8752757713
8752888788
8752757717
8752757718
8752757719
8752757712
8752757721
8752763254
8752888798
8752757727
8752757728
8752763256
8752888806
8752888807
8752757736
8752757737
8752888810
8752888811
8752757740
8752757741
8752757739
8752757743
8752757744
8752888818
8752888819
8752757750
8752757751
8752757754
8752757756
8752888831
8752888832
8752888833
8752888834
8752888837
8752757769
8752757770
8752888844
8752757772
8752888846
8752888848
8752888851
8752757779
8752888853
8752757782
8752757781
8752888857
8752757785
8752888859
8752888861
8752888862
8752757793
8752757795
8752757796
8752757798
8752888873
8752888874
8752757805
8752757807
8752888882
8752888883
8752888884
8752757814
8752757815
8752757816
8752757817
8752757819
8752888892
8752757820
8752888894
8752888896
8752888897
8752888899
8752757829
8752757830
8752757831
8752757832
8752888905
8752757833
8752888907
8752888908
8752888909
8752888911
8752757840
8752757841
8752757845
8752757854
8752888928
8752757856
8752888930
8752757865
8752888938
8752888939
8752757866
8752757871
8752757872
8752757873
8752757874
8752888948
8752888949
8752888950
8752888951
8752888952
8752757879
8752888954
8752888955
8752888956
8752757878
8752757877
8752888964
8752888965
8752757894
8752757896
8752888971
8752888972
8752888973
8752888974
8752757901
8752757909
8752757911
8752888984
8752888988
8752888989
8752888990
8752757918
8752888992
8752888993
8752888994
8752888995
8752757929
8752889004
8752889006
8752889007
8752889008
8752889010
8752757939
8752889013
8752889014
8752889015
8752889021
8752889022
8752757949
8752889024
8752889025
8752889026
8752757960
8752889033
8752757962
8752889035
8752757964
8752757963
8752757961
8752757972
8752757974
8752757975
8752889048
8752757980
8752889055
8752757983
8752757994
8752889067
8752889068
8752889069
8752889070
8752889071
8752758000
8752757999
8752757997
8752758007
8752889082
8752889083
8752889084
8752758012
8752889087
8752889088
8752889089
8752758018
8752758019
8752758022
8752889095
8752889096
8752889097
8752889098
8752758028
8752889102
8752758031
8752889104
8752889105
8752758034
8752889107
8752758035
8752889109
8752889111
8752758043
8752758045
8752889118
8752758046
8752758049
8752889122
8752889123
8752889124
8752889125
8752758052
8752758051
8752758050
8752758060
8752758062
8752758063
8752758064
8752758065
8752758068
8752889141
8752889142
8752758069
8752889144
8752889145
8752889146
8752889147
8752758077
8752758079
8752758082
8752758083
8752758087
8752889160
8752889161
8752758090
8752889163
8752889164
8752758092
8752889166
8752758088
8752758098
8752758100
8752758102
8752889176
8752758105
8752889178
8752758104
8752889180
8752889183
8752758112
8752758114
8752758117
8752758118
8752758119
8752889192
8752758122
8752889197
8752889198
8752889205
8752758135
8752889208
8752889209
8752889210
8752758139
8752758140
8752889213
8752758138
8752758137
8752758136
8752758147
8752889222
8752889223
8752758152
8752758154
8752889229
8752889230
8752889231
8752889234
8752889235
8752758164
8752758165
8752758166
8752889239
8752758163
8752758171
8752758173
8752889248
8752758182
8752758184
8752758185
8752758186
8752889259
8752889260
8752758189
8752889262
8752758188
8752889265
8752889266
8752758195
8752758196
8752758197
8752758199
8752758202
8752889286
8752889288
8752889289
8752758218
8752889291
8752889292
8752758221
8752758219
8752758217
8752758225
8752758226
8752758228
8752758229
8752889303
8752889305
8752758234
8752889307
8752889309
8752758237
8752758239
8752758240
8752758241
8752758242
8752758243
8752758244
8752758247
8752889323
8752889325
8752889326
8752889330
8752758259
8752758261
8752889337
8752889338
8752889339
8752889340
8752758269
8752889342
8752889343
8752758271
8752758270
8752758267
8752889353
8752758283
8752758284
8752758285
8752758291
8752758292
8752758294
8752889367
8752889368
8752889369
8752889370
8752758295
8752758301
8752758303
8752889376
8752889377
8752758305
8752889379
8752889380
8752889385
8752758316
8752758317
8752889390
8752758318
8752758328
8752889401
8752758330
8752889403
8752889404
8752758329
8752758335
8752889408
8752889409
8752889410
8752889412
8752889418
8752889420
8752889421
8752758350
8752758351
8752758352
8752758353
8752758354
8752758349
8752758348
8752889433
8752889434
8752889436
8752889437
8752758365
8752889442
8752758371
8752889444
8752889445
8752758372
8752758370
8752758378
8752889451
8752889452
8752889453
8752889454
8752758383
8752758379
8752758387
8752889462
8752889463
8752758390
8752889467
8752758396
8752889469
8752889470
8752758397
8752758400
8752758403
8752889476
8752758405
8752758404
8752889484
8752758413
8752889491
8752889492
8752889493
8752758421
8752889495
8752889496
8752758423
8752758420
8752758432
8752758435
8752758436
8752889510
8752889511
8752889512
8752889513
8752889514
8752889515
8752758444
8752889517
8752889518
8752758445
8752758452
8752758453
8752758456
8752889530
8752758458
8752889535
8752758467
8752889543
8752758473
8752758474
8752889547
8752889548
8752758477
8752758478
8752758476
8752758475
8752758483
8752758485
8752758486
8752889561
8752758491
8752889565
8752758494
8752889567
8752889568
8752889569
8752889570
8752889571
8752758500
8752758498
8752758502
8752758495
8752758506
8752889580
8752758509
8752758510
8752758511
8752889584
8752758508
8752889586
8752758516
8752758517
8752758518
8752758519
8752758520
8752758521
8752889598
8752889599
8752889600
8752889601
8752889602
8752758532
8752758533
8752758534
8752889612
8752889615
8752889616
8752758546
8752889620
8752758549
8752758550
8752758552
8752758553
8752889629
8752889631
8752889632
8752758560
8752758566
8752758568
8752758569
8752889642
8752758570
8752889644
8752889645
8752758574
8752758575
8752889655
8752889656
8752889657
8752889658
8752758586
8752758588
8752758590
8752758593
8752758594
8752758597
8752889671
8752889675
8752758605
8752758606
8752758610
8752889684
8752758619
8752758624
8752758629
8752889702
8752889703
8752889704
8752758633
8752889706
8752889707
8752758634
8752758632
8752758630
8752758639
8752758640
8752889714
8752889717
8752889719
8752889720
8752758651
8752758653
8752758654
8752889729
8752889732
8752758661
8752758662
8752758660
8752758664
8752889737
8752758665
8752758667
8752758668
8752889741
8752758669
8752889744
8752889751
8752889756
8752758685
8752758684
8752889766
8752758695
8752889768
8752758696
8752758698
8752758699
8752758704
8752758705
8752889778
8752889781
8752889782
8752889785
8752758714
8752889787
8752889788
8752889789
8752758717
8752758724
8752758726
8752758727
8752889800
8752889801
8752758730
8752758731
8752889804
8752758732
8752889806
8752758728
8752758737
8752758738
8752758739
8752758740
8752889814
8752889815
8752758743
8752758745
8752889821
8752758754
8752889828
8752889829
8752889830
8752758756
8752889832
8752889835
8752758768
8752889844
8752889846
8752758774
8752889848
8752758777
8752889851
8752889852
8752889862
8752889863
8752889864
8752889865
8752889866
8752889868
8752758797
8752889870
8752889871
8752758800
8752758802
8752889880
8752889881
8752758812
8752889886
8752889888
8752889889
8752758816
8752889892
8752758826
8752889900
8752758829
8752889902
8752758831
8752889904
8752889905
8752889906
8752758837
8752758839
8752889912
8752889914
8752889915
8752889916
8752758845
8752758846
8752758847
8752758844
8752758853
8752889928
8752889929
8752889930
8752889933
8752758861
8752758864
8752758866
8752889943
8752889945
8752889946
8752889947
8752889948
8752758876
8752758875
8752758882
8752758883
8752737433
8752758885
8752889959
8752758888
8752758889
8752889962
8752889963
8752889964
8752889965
8752889966
8752758892
8752889968
8752889969
8752758898
8752889971
8752889972
8752758901
8752758899
8752758897
8752889979
8752889980
8752889981
8752889982
8752758911
8752758910
8752758909
8752889986
8752889987
8752758917
8752758919
8752758920
8752758921
8752758923
8752889998
8752889999
8752890003
8752890004
8752758935
8752758938
8752758939
8752758940
8752890017
8752890021
8752758951
8752890026
8752758955
8752758960
8752758962
8752758963
8752890036
8752758964
8752890038
8752890039
8752890041
8752758970
8752758971
8752758972
8752758973
8752890051
8752890052
8752890055
8752890063
8752890064
8752758993
8752758991
8752890067
8752890069
8752758999
8752759001
8752759002
8752759004
8752890078
8752759009
8752890082
8752890083
8752890084
8752759013
8752890086
8752759011
8752759010
8752890089
8752890092
8752759023
8752759024
8752759031
8752890104
8752759033
8752890106
8752890107
8752759034
8752759037
8752759038
8752890111
8752890112
8752890113
8752759040
8752759039
8752759045
8752890126
8752890127
8752890128
8752890131
8752890132
8752759064
8752759065
8752759066
8752890144
8752890145
8752890146
8752759075
8752759074
8752890149
8752890150
8752890151
8752759079
8752759078
8752759077
8752759083
8752759084
8752890157
8752759086
8752890159
8752759087
8752759092
8752759093
8752759094
8752759096
8752890173
8752759103
8752890176
8752890177
8752759106
8752759107
8752759108
8752890181
8752890182
8752759110
8752759109
8752759105
8752759116
8752759117
8752759118
8752890191
8752890192
8752759120
8752759119
8752890197
8752759125
8752890199
8752759127
8752759130
8752890216
8752759144
8752890220
8752890223
8752759153
8752759156
8752759157
8752759158
8752890231
8752890233
8752890234
8752759168
8752759170
8752890243
8752759172
8752890245
8752890246
8752759174
8752890248
8752890249
8752890250
8752759171
8752759183
8752759184
8752759185
8752890264
8752890267
8752890268
8752890269
8752890270
8752759198
8752890272
8752890273
8752759197
8752759195
8752759204
8752890277
8752890278
8752759207
8752759206
8752759209
8752759211
8752890285
8752890286
8752759214
8752759216
8752759217
8752759213
8752890296
8752890297
8752890299
8752890300
8752759228
8752759230
8752890303
8752890304
8752759233
8752759232
8752759235
8752759231
8752890309
8752890310
8752890312
8752759241
8752890314
8752890315
8752890316
8752759243
8752759240
8752759247
8752890320
8752759248
8752890322
8752890324
8752890325
8752759255
8752759257
8752759259
8752759261
8752759262
8752759263
8752890336
8752890339
8752759269
8752759270
8752890343
8752759273
8752759278
8752890354
8752890355
8752759283
8752890357
8752890358
8752890359
8752759285
8752759290
8752759292
8752759294
8752759295
8752890368
8752759296
8752890371
8752890374
8752759303
8752759302
8752759306
8752759312
8752759314
8752759315
8752890388
8752890390
8752890391
8752890392
8752890393
8752890394
8752759320
8752890396
8752759318
8752759326
8752759327
8752759328
8752759337
8752890410
8752759339
8752890412
8752890413
8752890414
8752759340
8752759350
8752759353
8752759354
8752890427
8752759356
8752890430
8752759364
8752759365
8752759368
8752890441
8752890442
8752759369
8752890444
8752890445
8752890446
8752759377
8752759378
8752890461
8752759391
8752759392
8752890465
8752890466
8752759393
8752890468
8752890472
8752890475
8752890477
8752890478
8752759406
8752759409
8752759410
8752759412
8752759416
8752890489
8752890490
8752890491
8752759420
8752890493
8752759418
8752759431
8752759432
8752759433
8752890509
8752759437
8752890511
8752890519
8752890520
8752890521
8752759449
8752759451
8752890524
8752759448
8752890530
8752759459
8752890532
8752890533
8752890534
8752759460
8752759464
8752759465
8752759472
8752890547
8752890549
8752759477
8752890551
8752890553
8752890557
8752759486
8752890559
8752759487
8752759489
8752759492
8752890565
8752890566
8752890567
8752890568
8752890569
8752759496
8752890571
8752759500
8752890581
8752890582
8752890583
8752759509
8752890587
8752759516
8752890592
8752759520
8752759522
8752890603
8752890605
8752890606
8752890610
8752890611
8752759540
8752890613
8752759541
8752759539
8752890616
8752890617
8752759538
8752759549
8752759550
8752759551
8752890625
8752759555
8752890628
8752890629
8752759557
8752759559
8752890632
8752759560
8752759564
8752890643
8752890644
8752759572
8752890646
8752759574
8752890648
8752759578
8752759585
8752759586
8752890659
8752890660
8752759588
8752759587
8752759595
8752759597
8752759598
8752890672
8752890673
8752759600
8752890675
8752890676
8752759605
8752759606
8752890679
8752890680
8752759609
8752759608
8752759611
8752890689
8752890691
8752759622
8752890695
8752759624
8752890697
8752759626
8752890699
8752890700
8752890702
8752890703
8752759632
8752759630
8752759635
8752890711
8752890714
8752890715
8752890716
8752890717
8752759646
8752759647
8752759645
8752759644
8752759655
8752890729
8752890730
8752890731
8752759657
8752890735
8752890736
8752890737
8752890741
8752890742
8752890743
8752759672
8752759673
8752759671
8752759675
8752759676
8752759670
8752890750
8752890751
8752890756
8752759688
8752759689
8752759693
8752759694
8752890769
8752890770
8752890771
8752890772
8752890776
8752759705
8752890778
8752759707
8752890786
8752890787
8752890790
8752759719
8752890792
8752759718
8752759724
8752759727
8752890801
8752759735
8752890812
8752890813
8752759741
8752890817
8752759751
8752759752
8752890826
8752759756
8752759759
8752890832
8752759761
8752890842
8752890843
8752890844
8752759773
8752890846
8752890847
8752890848
8752759774
8752890850
8752890851
8752890854
8752759783
8752759782
8752759785
8752759786
8752759787
8752759797
8752759798
8752890871
8752759800
8752759801
8752759802
8752759811
8752890887
8752890888
8752890889
8752890890
8752759818
8752890898
8752890899
8752890900
8752890901
8752759831
8752759836
8752890909
8752759838
8752890911
8752890912
8752890913
8752890915
8752759847
8752890920
8752759849
8752759848
8752759853
8752759854
8752890927
8752759860
8752759862
8752759864
8752890938
8752890940
8752890941
8752759869
8752890944
8752890945
8752759874
8752759875
8752759873
8752759877
8752759879
8752759880
8752759881
8752890955
8752759884
8752759885
8752890958
8752759886
8752890960
8752759889
8752759891
8752759892
8752759893
8752890966
8752890970
8752759903
8752759904
8752759906
8752759907
8752759908
8752890981
8752890982
8752890983
8752759913
8752890986
8752759915
8752759914
8752890989
8752890990
8752759918
8752759917
8752891000
8752759929
8752891002
8752759930
8752891004
8752891005
8752891007
8752759938
8752759939
8752891013
8752891014
8752891015
8752891016
8752759941
8752891019
8752759948
8752759949
8752759959
8752759960
8752759961
8752891034
8752891035
8752759964
8752759962
8752759966
8752759967
8752759970
8752759971
8752891048
8752891049
8752891051
8752891052
8752759979
8752891062
8752759991
8752891064
8752891065
8752759992
8752891067
8752759990
8752891075
8752891076
8752891077
8752760004
8752891082
8752891083
8752891086
8752760020
8752760022
8752760023
8752760025
8752760026
8752760027
8752891101
8752891104
8752760033
8752891106
8752760035
8752760032
8752760040
8752760042
8752891115
8752760043
8752760051
8752760054
8752760057
8752760058
8752891131
8752891135
8752891136
8752891137
8752760066
8752760070
8752760071
8752760072
8752891152
8752891154
8752891157
8752760086
8752760085
8752891168
8752891171
8752891173
8752760103
8752760108
8752760111
8752760112
8752760113
8752760114
8752760115
8752891190
8752760119
8752760120
8752891193
8752760123
8752891196
8752760125
8752891198
8752891199
8752760126
8752891210
8752760139
8752891214
8752760143
8752891217
8752891218
8752760150
8752760151
8752760154
8752760155
8752891228
8752891229
8752760157
8752760156
8752891232
8752891233
8752891234
8752891235
8752760163
8752891237
8752760166
8752760162
8752760170
8752891244
8752891245
8752760172
8752891247
8752891248
8752760177
8752760176
8752760185
8752760187
8752891260
8752760190
8752891264
8752891265
8752760194
8752760193
8752760192
8752891274
8752891276
8752891277
8752891278
8752891279
8752891280
8752760209
8752760210
8752760211
8752760212
8752760213
8752760214
8752760208
8752891288
8752891289
8752891290
8752760223
8752760224
8752760226
8752760227
8752891301
8752891302
8752891304
8752891305
8752891306
8752760232
8752891308
8752760239
8752760243
8752891320
8752891321
8752891322
8752891323
8752760251
8752760250
8752760249
8752760248
8752760257
8752891331
8752760263
8752891337
8752760266
8752891339
8752760268
8752760270
8752891345
8752891346
8752891349
8752891350
8752760279
8752760277
8752891357
8752891358
8752891359
8752760285
8752891361
8752891362
8752891363
8752760291
8752891365
8752891366
8752760293
8752760301
8752760303
8752760305
8752760307
8752760312
8752760314
8752891389
8752891390
8752760317
8752760325
8752760327
8752891400
8752760333
8752891407
8752891408
8752891409
8752760339
8752760344
8752760345
8752891418
8752760347
8752760346
8752891421
8752891422
8752760351
8752891424
8752760355
8752760356
8752760358
8752891431
8752891432
8752891435
8752760365
8752760366
8752760372
8752891445
8752891446
8752891447
8752760374
8752891449
8752760378
8752760377
8752760385
8752891460
8752760389
8752891462
8752891463
8752760388
8752891465
8752891466
8752760395
8752760397
8752760399
8752760401
8752891479
8752760408
8752891481
8752760407
8752760411
8752760417
8752760424
8752760425
8752760427
8752760428
8752760429
8752891502
8752891503
8752760430
8752891505
8752760434
8752760435
8752760437
8752760439
8752891514
8752891515
8752891516
8752891517
8752891518
8752760445
8752760450
8752760453
8752760455
8752891530
8752760459
8752891532
8752891533
8752760462
8752891535
8752891536
8752891537
8752891538
8752891539
8752760468
8752760461
8752760470
8752760472
8752891549
8752760480
8752760481
8752891557
8752891558
8752891560
8752891561
8752891562
8752891563
8752760492
8752760490
8752760489
8752760497
8752891572
8752891573
8752891580
8752760508
8752891582
8752891583
8752760512
8752760513
8752760511
8752891592
8752760521
8752760520
8752891596
8752891598
8752760527
8752891600
8752891601
8752760530
8752760529
8752891604
8752760526
8752891607
8752891608
8752760538
8752760539
8752760540
8752891615
8752891618
8752891620
8752760549
8752891623
8752760552
8752760551
8752891626
8752891627
8752760556
8752891629
8752891630
8752891631
8752891632
8752760557
8752760562
8752760565
8752760566
8752760572
8752891645
8752891646
8752891649
8752760577
8752760581
8752891661
8752891662
8752891664
8752891666
8752760595
8752891668
8752891670
8752891671
8752891672
8752760601
8752760602
8752891675
8752760604
8752891677
8752891678
8752760603
8752891680
8752760612
8752760613
8752891686
8752891687
8752891688
8752891689
8752891690
8752763829
8752760616
8752760621
8752891694
8752760622
8752891696
8752891697
8752891698
8752760624
8752891704
8752891706
8752760636
8752891709
8752760638
8752760643
8752760647
8752760648
8752891722
8752891725
8752891727
8752760659
8752760660
8752760661
8752760662
8752760663
8752760664
8752891737
8752760666
8752760665
8752891742
8752891743
8752891744
8752891745
8752760674
8752760675
8752760673
8752760677
8752891750
8752891751
8752891752
8752891753
8752891754
8752760683
8752891756
8752891757
8752891758
8752760684
8752891761
8752891766
8752760695
8752891769
8752891779
8752891780
8752891782
8752891783
8752891784
8752891785
8752760713
8752760712
8752891792
8752891794
8752760722
8752760724
8752760725
8752760726
8752760727
8752760734
8752760735
8752760737
8752760738
8752891811
8752760740
8752891813
8752891814
8752760742
8752760741
8752891817
8752891818
8752891819
8752891821
8752891822
8752760750
8752891834
8752891835
8752891836
8752760763
8752891838
8752891840
8752891841
8752891842
8752891843
8752760774
8752760776
8752760777
8752760778
8752891857
8752760786
8752891859
8752760788
8752891861
8752760790
8752891863
8752891864
8752760787
8752760796
8752760797
8752760804
8752760806
8752891888
8752760817
8752891891
8752891892
8752891893
8752891894
8752760820
8752891896
8752760819
8752760829
8752760830
8752891903
8752760832
8752891908
8752891910
8752891912
8752760841
8752760842
8752760843
8752760844
8752760840
8752891918
8752891919
8752891920
8752891921
8752760852
8752760853
8752760855
8752760856
8752760858
8752760859
8752760861
8752891939
8752760868
8752760869
8752760867
8752891946
8752891948
8752891949
8752891950
8752760879
8752760880
8752760878
8752760876
8752760889
8752760890
8752760892
8752891966
8752891967
8752891968
8752891970
8752891971
8752891972
8752760901
8752760902
8752760905
8752891978
8752760907
8752891981
8752760919
8752760920
8752760921
8752760922
8752891995
8752891996
8752891997
8752760923
8752891999
8752892000
8752892002
8752892004
8752760935
8752892011
8752892012
8752892015
8752892016
8752760944
8752892018
8752760950
8752760951
8752760952
8752892032
8752892033
8752760961
8752760963
8752760964
8752760965
8752760966
8752760967
8752760960
8752760970
8752760971
8752892045
8752892046
8752760980
8752892053
8752892054
8752760983
8752892056
8752892058
8752892059
8752760992
8752760993
8752760994
8752892071
8752892073
8752892075
8752761004
8752892077
8752761006
8752761007
8752761008
8752761003
8752761010
8752761011
8752892084
8752892085
8752892086
8752761015
8752761014
8752761013
8752761012
8752761020
8752761021
8752761022
8752761023
8752761025
8752761028
8752761029
8752892106
8752892107
8752761036
8752892109
8752892115
8752892116
8752761045
8752892118
8752892122
8752892125
8752761054
8752761055
8752761053
8752761057
8752892130
8752761058
8752892132
8752737865
8752761064
8752761065
8752892138
8752761066
8752761068
8752761069
8752892147
8752892148
8752892149
8752892150
8752761079
8752761080
8752761081
8752761077
8752892158
8752761086
8752892161
8752892167
8752892169
8752761098
8752892172
8752892173
8752892174
8752892175
8752761104
8752761105
8752761103
8752761100
8752761109
8752892182
8752761111
8752761112
8752892185
8752761110
8752892187
8752892188
8752892189
8752892190
8752761117
8752892201
8752892202
8752892203
8752892204
8752892205
8752892206
8752761132
8752761129
8752892210
8752892211
8752892212
8752761144
8752761146
8752892221
8752892222
8752761155
8752892235
8752761163
8752892237
8752761166
8752761165
8752761168
8752761172
8752761173
8752761174
8752892247
8752892248
8752892250
8752761180
8752761181
8752892254
8752892255
8752892256
8752761186
8752761188
8752892261
8752892262
8752892263
8752761192
8752761191
8752892266
8752761189
8752892269
8752892270
8752761199
8752892277
8752761206
8752761207
8752892280
8752761208
8752892284
8752761215
8752892289
8752892290
8752892292
8752892294
8752892295
8752892296
8752892297
8752892298
8752761227
8752761229
8752892311
8752761240
8752761241
8752761239
8752761248
8752761249
8752761250
8752892323
8752892324
8752892325
8752761251
8752761255
8752761261
8752761264
8752761265
8752761272
8752761275
8752761278
8752892351
8752761280
8752761281
8752761279
8752761288
8752761289
8752761290
8752761293
8752761294
8752892367
8752761300
8752761301
8752761302
8752761303
8752892382
8752892383
8752761317
8752761318
8752892393
8752892407
8752892410
8752761338
8752761343
8752761344
8752761348
8752892421
8752892422
8752892425
8752892426
8752892427
8752892429
8752761358
8752892431
8752761363
8752761365
8752892444
8752761377
8752892451
8752892452
8752761379
8752892454
8752892455
8752761382
8752892459
8752761389
8752761390
8752761393
8752761395
8752892468
8752892469
8752761400
8752761401
8752892474
8752892478
8752892479
8752761408
8752761407
8752761410
8752761411
8752761419
8752892492
8752892493
8752892495
8752892497
8752892498
8752761430
8752892506
8752892508
8752761437
8752892510
8752892511
8752892512
8752761441
8752761436
8752892515
8752892516
8752761450
8752892523
8752892524
8752761453
8752761454
8752761461
8752892535
8752761465
8752761466
8752892549
8752892552
8752761482
8752761483
8752761489
8752761490
8752892567
8752892568
8752761495
8752892570
8752892571
8752761502
8752761503
8752761506
8752761509
8752892582
8752892583
8752892585
8752892588
8752892589
8752761518
8752761519
8752761522
8752761524
8752761525
8752892599
8752892600
8752761529
8752761530
8752892603
8752761532
8752892605
8752761531
8752761543
8752892616
8752761545
8752761546
8752892619
8752737963
8752761550
8752761555
8752892628
8752892629
8752892630
8752892634
8752892635
8752892636
8752761563
8752761562
8752892640
8752892643
8752892644
8752761573
8752761574
8752761575
8752892648
8752892649
8752892650
8752892651
8752761577
8752761576
8752761582
8752761583
8752761588
8752761590
8752892663
8752892665
8752892666
8752892667
8752892668
8752761594
8752892670
8752892671
8752761593
8752761605
8752761606
8752892679
8752892680
8752761610
8752892683
8752761617
8752892691
8752761619
8752892693
8752892694
8752761625
8752761626
8752761627
8752761628
8752892704
8752761633
8752892706
8752892707
8752892708
8752761637
8752761638
8752761636
8752761634
8752892718
8752892719
8752892720
8752892721
8752892722
8752761651
8752761649
8752761648
8752761647
8752761655
8752761656
8752761657
8752892730
8752892731
8752892732
8752761659
8752892735
8752892737
8752761668
8752761669
8752761670
8752892745
8752761674
8752761673
8752892748
8752761676
8752892750
8752892751
8752761684
8752892757
8752892758
8752761687
8752761685
8752761691
8752892765
8752761694
8752892767
8752761693
8752892770
8752892771
8752892772
8752761699
8752761702
8752761705
8752761707
8752761708
8752892781
8752892782
8752892783
8752761710
8752761709
8752892787
8752761715
8752761718
8752892791
8752761719
8752761726
8752761727
8752892800
8752892801
8752892802
8752892807
8752892809
8752761738
8752761739
8752761737
8752761742
8752892816
8752892817
8752892819
8752892820
8752892822
8752761751
8752761750
8752892829
8752892830
8752761759
8752761761
8752761762
8752761763
8752761768
8752761769
8752761770
8752892844
8752892845
8752892846
8752892847
8752892848
8752892849
8752761781
8752892855
8752761784
8752892860
8752892861
8752761790
8752761792
8752761793
8752761794
8752761801
8752892875
8752892876
8752892877
8752892878
8752892879
8752892880
8752892882
8752892883
8752892884
8752761812
8752892886
8752761816
8752761820
8752761821
8752892895
8752761824
8752892897
8752761825
8752892899
8752761832
8752761835
8752892912
8752761841
8752761842
8752892915
8752761843
8752761849
8752761854
8752892927
8752892930
8752892931
8752761864
8752761865
8752761866
8752892940
8752761868
8752892943
8752892945
8752892946
8752892947
8752761875
8752761874
8752761880
8752761882
8752892955
8752761884
8752761883
8752761890
8752761891
8752761892
8752761896
8752892973
8752892974
8752892975
8752892976
8752761906
8752761908
8752761909
8752761910
8752892983
8752892984
8752892987
8752892996
8752892997
8752892998
8752892999
8752761929
8752761930
8752761932
8752761933
8752761934
8752893007
8752761935
8752893010
8752893011
8752761940
8752761941
8752893015
8752761952
8752893027
8752893028
8752893029
8752761958
8752761957
8752761968
8752761969
8752761971
8752893044
8752893045
8752761972
8752761980
8752893053
8752761982
8752761981
8752893056
8752761985
8752761986
8752761987
8752893060
8752761984
8752893063
8752893064
8752761993
8752761997
8752893071
8752893074
8752893075
8752893079
8752893080
8752893081
8752762010
8752762011
8752762009
8752762013
8752893090
8752762019
8752762018
8752762022
8752762023
8752893096
8752893097
8752893098
8752893099
8752893100
8752762025
8752893104
8752762033
8752762034
8752893107
8752762032
8752893110
8752762039
8752762040
8752762038
8752893114
8752893115
8752893116
8752762045
8752762046
8752893124
8752762054
8752893127
8752762055
8752762057
8752762059
8752893137
8752762067
8752893140
8752893141
8752893149
8752893150
8752893151
8752893152
8752762080
8752762082
8752762083
8752893156
8752762079
8752893158
8752893159
8752893160
8752762089
8752762090
8752762087
8752762086
8752762097
8752893170
8752893171
8752762100
8752893173
8752762101
8752762099
8752762098
8752893178
8752762107
8752893181
8752893182
8752762110
8752762109
8752893185
8752893187
8752762116
8752762118
8752762120
8752893193
8752893194
8752893195
8752762122
8752762121
8752762126
8752893201
8752762131
8752762134
8752762136
8752762137
8752893211
8752893212
8752893213
8752893214
8752762145
8752762148
8752762149
8752893226
8752762155
8752762154
8752893230
8752762159
8752893232
8752762160
8752762158
8752893236
8752893237
8752893238
8752762168
8752893242
8752893243
8752893244
8752893245
8752762173
8752762172
8752893248
8752762171
8752893252
8752764140
8752762182
8752764141
8752762190
8752893263
8752893264
8752893266
8752762195
8752893268
8752762194
8752893272
8752893273
8752762202
8752893275
8752762203
8752893277
8752893279
8752893280
8752762212
8752762213
8752762214
8752893287
8752893288
8752893291
8752762220
8752893293
8752893294
8752893295
8752762224
8752762223
8752762232
8752893305
8752893306
8752893307
8752762233
8752762237
8752762243
8752893321
8752893322
8752893327
8752893328
8752762259
8752762260
8752893334
8752893335
8752893336
8752762265
8752762266
8752762263
8752764158
8752762273
8752762276
8752893349
8752893350
8752764160
8752893354
8752762286
8752762287
8752893364
8752762293
8752893366
8752762295
8752893368
8752762297
8752762296
8752893373
8752893374
8752893379
8752893380
8752893381
8752762309
8752893383
8752893384
8752893385
8752762314
8752893391
8752893396
8752762324
8752893401
8752762332
8752762334
8752762338
8752762339
8752762340
8752893418
8752762350
8752762351
8752762353
8752893428
8752893431
8752762362
8752762365
8752893438
8752893439
8752893440
8752893441
8752762368
8752762366
8752893444
8752893445
8752762377
8752893451
8752893452
8752762381
8752893454
8752762383
8752893456
8752762384
8752762380
8752762391
8752762392
8752893465
8752893466
8752893467
8752893468
8752762394
8752762398
8752893471
8752762400
8752762393
8752893474
8752762405
8752893482
8752893483
8752762416
8752762417
8752893490
8752762419
8752893492
8752893493
8752762418
8752893501
8752893502
8752762431
8752762432
8752762429
8752762439
8752893512
8752762440
8752893515
8752762443
8752893520
8752893521
8752762453
8752762455
8752762457
8752762458
8752762461
8752893535
8752893539
8752893540
8752893541
8752893542
8752762468
8752762467
8752762481
8752762483
8752893558
8752893559
8752762486
8752893561
8752893562
8752762490
8752893564
8752893565
8752762489
8752762499
8752893572
8752893573
8752762502
8752762503
8752893577
8752762505
8752893582
8752893584
8752893586
8752893587
8752762515
8752762517
8752762518
8752762520
8752762521
8752762522
8752762523
8752893602
8752762531
8752762530
8752762534
8752893609
8752762538
8752762539
8752762540
8752893613
8752893614
8752893615
8752762544
8752762541
8752893618
8752893619
8752893622
8752762554
8752762555
8752762557
8752762558
8752762560
8752762561
8752893634
8752762565
8752893638
8752762567
8752762570
8752762575
8752762576
8752893650
8752762579
8752893652
8752762581
8752893654
8752762580
8752762578
8752893660
8752893661
8752893662
8752893663
8752762592
8752762593
8752762591
8752762590
8752762597
8752762598
8752893671
8752893672
8752762599
8752893674
8752893678
8752893679
8752893680
8752762609
8752762607
8752762616
8752762617
8752762619
8752762620
8752893693
8752893694
8752893695
8752893696
8752893697
8752893698
8752762627
8752762622
8752762630
8752762632
8752893708
8752893709
8752762639
8752762640
8752762641
8752762642
8752762644
8752893717
8752762647
8752893726
8752762655
8752762658
8752893731
8752762659
8752762667
8752762668
8752762669
8752893742
8752762671
8752893744
8752893746
8752893747
8752893748
8752762678
8752762682
8752762683
8752762684
8752762685
8752762686
8752893762
8752893764
8752893765
8752762694
8752893767
8752762696
8752893769
8752762693
8752893776
8752893777
8752893778
8752893779
8752893780
8752762707
8752762713
8752762714
8752893787
8752762715
8752893794
8752893796
8752893797
8752893798
8752893803
8752893804
8752762733
8752893806
8752762734
8752762736
8752893809
8752893811
8752762739
8752762744
8752762746
8752762747
8752893820
8752762749
8752762751
8752893826
8752762759
8752762760
8752893839
8752893840
8752893841
8752893842
8752893843
8752893844
8752893845
8752893846
8752893847
8752762771
8752762770
8752762781
8752762782
8752762783
8752893857
8752893858
8752893860
8752893862
8752762791
8752762790
8752762794
8752762796
8752762797
8752893872
8752893873
8752893876
8752893878
8752893879
8752762809
8752762810
8752762815
8752762816
8752893890
8752893891
8752893893
8752893894
8752762826
8752893901
8752893902
8752762831
8752893904
8752893905
8752762836
8752762838
8752893917
8752893918
8752762845
8752762848
8752893921
8752893928
8752893930
8752893931
8752762860
8752893933
8752762862
8752762863
8752764276
8752762861
8752762858
8752893944
8752762872
8752893947
8752762875
8752893951
8752893958
8752893959
8752893960
8752762889
8752893962
8752762887
8752893965
8752762894
8752762899
8752893972
8752893973
8752893974
8752893977
8752762906
8752893979
8752762908
8752893981
8752762910
8752762909
8752762912
8752762907
8752762914
8752762915
8752762916
8752893992
8752893994
8752893995
8752893996
8752762924
8752762923
8752762934
8752762936
8752894009
8752894010
8752894011
8752762939
8752762938
8752762943
8752762944
8752762948
8752762949
8752894022
8752762950
8752894026
8752762955
8752762954
8752762957
8752762958
8752894031
8752894033
8752894034
8752762967
8752762972
8752762973
8752894047
8752762977
8752894050
8752894051
8752762979
8752762981
8752894054
8752762978
8752894056
8752894057
8752894060
8752894061
8752762990
8752894063
8752762989
8752894065
8752894066
8752762993
8752762998
8752894072
8752894073
8752763001
8752894075
8752894076
8752894080
8752763009
8752763008
8752763012
8752763013
8752763014
8752894089
8752894092
8752894093
8752763022
8752894095
8752763023
8752763026
8752894101
8752894102
8752894105
8752894106
8752894107
8752894108
8752894109
8752894111
8752763042
8752763043
8752763046
8752763048
8752763049
8752894125
8752894127
8752894128
8752894130
8752763058
8752763060
8752894137
8752894139
8752894140
8752894141
8752763070
8752763069
8752763073
8752894152
8752894153
8752894154
8752763083
8752763085
8752894160
8752894161
8752894162
8752763088
8752894166
8752894167
8752894168
8752894170
8752894171
8752763104
8752894181
8752894182
8752763110
8752894184
8752894185
8752894186
8752894187
8752894188
8752763117
8752763118
8752763115
8752763114
8752763112
8752763125
8752894198
8752894199
8752763127
8752763136
8752894209
8752763137
8752763140
8752894216
8752894217
8752894218
8752763147
8752894220
8752763146
8752763144
8752763153
8752763154
8752763155
8752763156
8752763158
8752763159
8752738285
8752894247
8752894248
8752894249
8752894250
8752763179
8752894252
8752763181
8752763180
8752894255
8752763184
8752894257
8752763185
8752763183
8752763188
8752763189
8752763191
8752894266
8752763194
8752894269
8752894270
8752894272
8752763202
8752763203
8752763204
8752894278
8752894279
8752894280
8752894281
8752763210
8752763209
8752763207
8752763206
8752894288
8752894289
8752763218
8752894291
8752894292
8752894293
8752763221
8752763220
8752763219
8752894302
8752894304
8752763242
8752763244
8752894325
8752894326
8752894327
8752894328
8752763257
8752894330
8752894331
8752894332
8752763260
8752894334
8752894335
8752763259
8752894337
8752738303
8752763267
8752763269
8752738305
8752894343
8752894347
8752763278
8752763279
8752763280
8752763281
8752894358
8752894359
8752894361
8752894362
8752894363
8752763296
8752763299
8752894372
8752763301
8752894374
8752894375
8752894376
8752894377
8752894378
8752763309
8752763310
8752763312
8752894388
8752894389
8752894390
8752894391
8752894392
8752763321
8752894394
8752763322
8752763319
8752763326
8752763327
8752763328
8752894401
8752894402
8752763330
8752894404
8752894405
8752763334
8752763329
8752763336
8752894414
8752894415
8752894416
8752763352
8752763354
8752763356
8752894429
8752894433
8752894434
8752763363
8752763361
8752763365
8752763366
8752894439
8752763368
8752894442
8752894444
8752894446
8752894457
8752894459
8752763391
8752763392
8752763393
8752763396
8752894472
8752894474
8752894475
8752763404
8752894477
8752763405
8752763407
8752763409
8752763410
8752894486
8752894488
8752763417
8752763418
8752894491
8752894492
8752763421
8752894495
8752763428
8752763429
8752763430
8752763433
8752894508
8752894509
8752894514
8752763443
8752894519
8752894520
8752894521
8752763449
8752894523
8752763448
8752763447
8752763457
8752763458
8752894531
8752763459
8752894536
8752763464
8752894538
8752763466
8752894540
8752894541
8752894542
8752763473
8752763475
8752763476
8752894550
8752894553
8752894554
8752763485
8752763486
8752763487
8752894566
8752763494
8752894568
8752763496
8752894576
8752894578
8752894580
8752763511
8752894585
8752763514
8752763513
8752763520
8752894594
8752894599
8752763528
8752763529
8752894608
8752894610
8752763539
8752763540
8752763538
8752763544
8752894624
8752894625
8752894626
8752894627
8752894628
8752894630
8752894631
8752894632
8752763560
8752763558
8752763563
8752763565
8752763566
8752894639
8752894640
8752763572
8752894649
8752894650
8752894651
8752763590
8752894663
8752763593
8752894666
8752894667
8752763594
8752894670
8752894671
8752763599
8752894677
8752894684
8752763613
8752763612
8752763618
8752763619
8752894692
8752894693
8752894694
8752894696
8752763634
8752763635
8752894709
8752763638
8752763637
8752894714
8752763644
8752894717
8752763645
8752763647
8752763648
8752763656
8752894730
8752763658
8752894732
8752894733
8752763660
8752894735
8752763664
8752763665
8752894738
8752894740
8752894741
8752894742
8752894743
8752763672
8752894745
8752763670
8752763675
8752894748
8752763669
8752763681
8752763683
8752763685
8752894758
8752894760
8752763691
8752894769
8752894770
8752894771
8752894772
8752763701
8752763702
8752763703
8752763700
8752894777
8752763699
8752894779
8752894780
8752894781
8752894782
8752894783
8752894784
8752894785
8752763711
8752763708
8752763720
8752763721
8752763722
8752763723
8752763724
8752763726
8752894799
8752763728
8752763727
8752894802
8752894804
8752763733
8752763734
8752763736
8752763738
8752763739
8752894812
8752894813
8752763741
8752894815
8752763749
8752763751
8752894824
8752894825
8752763752
8752894829
8752763760
8752763764
8752763765
8752894838
8752763767
8752894840
8752894841
8752763770
8752763771
8752763772
8752763775
8752763776
8752763777
8752894850
8752763779
8752894852
8752763780
8752894854
8752894855
8752894856
8752763783
8752763778
8752894859
8752763788
8752763790
8752894868
8752763800
8752763802
8752763804
8752763805
8752894881
8752894883
8752894884
8752763811
8752894886
8752894887
8752894888
8752894890
8752763819
8752894899
8752763828
8752894901
8752894902
8752894903
8752763832
8752763831
8752894906
8752763835
8752894908
8752763837
8752763838
8752763836
8752763834
8752894921
8752894923
8752763852
8752763854
8752894928
8752894932
8752763862
8752763863
8752763864
8752763865
8752763866
8752894939
8752763876
8752894952
8752763881
8752763882
8752894956
8752763885
8752894964
8752894965
8752763894
8752738429
8752894968
8752763897
8752894970
8752763898
8752763896
8752894978
8752894979
8752894981
8752763910
8752894986
8752763922
8752894997
8752894998
8752763927
8752895000
8752763926
8752895002
8752763925
8752895005
8752895007
8752763936
8752763937
8752763938
8752763939
8752763935
8752763941
8752763947
8752895022
8752763951
8752895024
8752763953
8752895027
8752763959
8752895032
8752895033
8752895034
8752763961
8752763960
8752764495
8752763968
8752763973
8752763974
8752763975
8752895050
8752763979
8752763978
8752763982
8752763983
8752895057
8752895059
8752763990
8752763991
8752895064
8752895066
8752763996
8752763998
8752764000
8752895074
8752895083
8752764012
8752764011
8752895086
8752764015
8752764016
8752764018
8752764023
8752764024
8752764026
8752895100
8752895101
8752895102
8752895103
8752895105
8752764037
8752764041
8752764042
8752764048
8752895121
8752764050
8752895123
8752764049
8752764057
8752764059
8752764060
8752764061
8752895134
8752895135
8752764064
8752895137
8752764065
8752764063
8752895140
8752764062
8752764072
8752764073
8752764074
8752895147
8752764077
8752764078
8752895151
8752764079
8752895160
8752764088
8752764090
8752738468
8752895165
8752895166
8752895167
8752895168
8752895169
8752895170
8752895171
8752764100
8752764098
8752764094
8752764106
8752764107
8752895180
8752764109
8752895182
8752895183
8752764112
8752895193
8752895195
8752895196
8752764125
8752764126
8752895199
8752764127
8752895201
8752764129
8752895208
8752764137
8752764138
8752895212
8752895213
8752895214
8752895215
8752895216
8752895217
8752895218
8752895219
8752764148
8752764147
8752764150
8752764146
8752764152
8752764153
8752764155
8752764156
8752895229
8752895230
8752764159
8752895232
8752895233
8752895234
8752895235
8752895236
8752895237
8752895238
8752764167
8752764166
8752764161
8752764172
8752764173
8752895249
8752895252
8752895253
8752895254
8752895255
8752764184
8752764188
8752764193
8752895266
8752764195
8752895268
8752895269
8752895270
8752895271
8752895275
8752895276
8752764204
8752764206
8752764207
8752764203
8752895282
8752895283
8752764213
8752764214
8752764215
8752764216
8752895290
8752895291
8752764219
8752895293
8752764221
8752764228
8752895306
8752764239
8752764240
8752895313
8752764241
8752764243
8752895324
8752895325
8752895326
8752764252
8752895329
8752895330
8752764259
8752764260
8752764258
8752764263
8752895348
8752895349
8752895350
8752764279
8752895352
8752895353
8752764281
8752764278
8752895356
8752764277
8752764287
8752895370
8752764299
8752764298
8752764302
8752895379
8752895383
8752764313
8752895386
8752895387
8752764316
8752764317
8752764318
8752764314
8752895397
8752895398
8752764327
8752764329
8752764331
8752764337
8752764340
8752764343
8752764346
8752895419
8752764347
8752895424
8752764353
8752764354
8752764356
8752764357
8752764358
8752895432
8752895433
8752895434
8752764360
8752895436
8752895437
8752895438
8752764366
8752895440
8752764368
8752895447
8752895448
8752764377
8752895450
8752764378
8752895453
8752895454
8752895455
8752764387
8752764390
8752895465
8752895466
8752895467
8752764396
8752764397
8752895470
8752764402
8752764403
8752764404
8752895477
8752895478
8752764405
8752895480
8752895485
8752764416
8752764417
8752764418
8752895491
8752764420
8752764419
8752895494
8752764423
8752895496
8752895497
8752895499
8752895500
8752764431
8752764432
8752764435
8752764436
8752764437
8752895512
8752764441
8752895514
8752895515
8752895516
8752764444
8752764446
8752895526
8752895527
8752895529
8752895530
8752895531
8752895532
8752764459
8752764458
8752895535
8752895536
8752895537
8752895538
8752895539
8752895540
8752764469
8752764470
8752764468
8752764472
8752895550
8752895553
8752764481
8752764485
8752764487
8752895565
8752895566
8752895567
8752764496
8752895569
8752764498
8752764499
8752764500
8752764501
8752764497
8752764503
8752764504
8752895579
8752895580
8752895582
8752764512
8752895586
8752764515
8752895588
8752895589
8752895590
8752895591
8752764514
8752764525
8752764526
8752764527
8752764530
8752895604
8752764532
8752895607
8752895610
8752895611
8752895612
8752895613
8752764541
8752764543
8752764544
8752764545
8752764546
8752764548
8752895626
8752764554
8752895628
8752895629
8752895631
8752895632
8752895633
8752764559
8752895635
8752764564
8752764563
8752764566
8752895643
8752764571
8752895645
8752895648
8752895649
8752764579
8752764581
8752895661
8752895662
8752895663
8752764592
8752764593
8752895668
8752895669
8752895670
8752764599
8752895673
8752764604
8752764605
8752764607
8752764608
8752895683
8752764613
8752895688
8752895689
8752764621
8752764622
8752764625
8752764626
8752764627
8752895703
8752895704
8752895707
8752764639
8752764642
8752764644
8752764645
8752764646
8752895720
8752895721
8752895726
8752895727
8752895728
8752764656
8752764655
8752764661
8752764662
8752764663
8752764664
8752895738
8752895739
8752895741
8752895742
8752764674
8752764675
8752764677
8752764679
8752764681
8752764682
8752764683
8752895756
8752764685
8752895758
8752764686
8752895761
8752895762
8752764691
8752895764
8752895765
8752764694
8752764695
8752764693
8752895769
8752895770
8752764699
8752895772
8752895773
8752764697
8752895776
8752895778
8752764710
8752764711
8752895788
8752764718
8752764721
8752764722
8752764723
8752895801
8752895802
8752895804
8752764732
8752764739
8752895813
8752895814
8752764741
8752895816
8752764745
8752895818
8752764747
8752764748
8752764749
8752895825
8752764756
8752895830
8752895832
8752895834
8752764763
8752764764
8752764765
8752895842
8752895846
8752764775
8752895848
8752764776
8752764774
8752895851
8752895855
8752895856
8752764785
8752764788
8752764789
8752895862
8752764791
8752764792
8752895866
8752895867
8752895868
8752895872
8752895873
8752764802
8752764803
8752764805
8752895881
8752895883
8752764813
8752895886
8752895887
8752764814
8752895894
8752895895
8752764824
8752764823
8752764822
8752895900
8752895906
8752764835
8752764837
8752895911
8752895917
8752895919
8752895920
8752895921
8752895922
8752895923
8752764851
8752764853
8752764855
8752764857
8752895931
8752895932
8752895934
8752895935
8752895936
8752895937
8752764866
8752764867
8752764865
8752764864
8752764863
8752764873
8752764874
8752895949
8752895950
8752895952
8752895953
8752764880
8752764884
8752764887
8752764888
8752895962
8752895963
8752764890
8752895965
8752764896
8752895973
8752764904
8752764908
8752895981
8752895982
8752895984
8752764915
8752895988
8752764916
8752895995
8752764924
8752895998
8752764927
8752896000
8752896001
8752896002
8752764926
8752764933
8752896006
8752896007
8752896008
8752764937
8752764947
8752896020
8752764949
8752896029
8752896030
8752896031
8752896033
8752764962
8752764961
8752764964
8752896043
8752764972
8752896045
8752896046
8752896047
8752764976
8752764975
8752764973
8752896051
8752764971
8752764981
8752896057
8752764986
8752764996
8752896069
8752764998
8752896071
8752896072
8752896073
8752896074
8752896076
8752765004
8752765015
8752896089
8752896090
8752765018
8752765020
8752765022
8752765023
8752765025
8752896099
8752896105
8752896106
8752896108
8752765037
8752896110
8752765039
8752765038
8752765036
8752896117
8752896118
8752896122
8752896123
8752896125
8752896126
8752896127
8752896129
8752765060
8752896135
8752896136
8752896137
8752765066
8752896139
8752765067
8752896142
8752896143
8752896145
8752896146
8752896147
8752765075
8752896149
8752765078
8752765080
8752896157
8752765086
8752765087
8752765089
8752765090
8752896164
8752896174
8752896175
8752896176
8752896177
8752765102
8752765107
8752765111
8752765113
8752765116
8752896189
8752896190
8752765117
8752765124
8752765125
8752896200
8752765129
8752896202
8752765131
8752765130
8752896207
8752896208
8752896211
8752765140
8752765141
8752765142
8752765150
8752765154
8752765155
8752765156
8752896233
8752765163
8752765164
8752765165
8752896240
8752896241
8752896245
8752765174
8752896254
8752896255
8752765184
8752765185
8752765186
8752765183
8752896264
8752896265
8752765200
8752765203
8752896277
8752896278
8752765207
8752896280
8752765209
8752896282
8752896283
8752896284
8752896285
8752765214
8752765215
8752765216
8752765213
8752765211
8752896291
8752765219
8752896295
8752765224
8752765226
8752896304
8752896305
8752896306
8752896307
8752765242
8752765244
8752765251
8752765252
8752765253
8752896327
8752896328
8752765257
8752765258
8752896331
8752765260
8752765261
8752765262
8752765259
8752765264
8752765265
8752896338
8752765266
8752765274
8752765275
8752765277
8752765279
8752765280
8752896353
8752765282
8752896355
8752765281
8752896357
8752896359
8752896360
8752896361
8752896362
8752765299
8752896372
8752765300
8752896375
8752896377
8752765306
8752765307
8752765309
8752896383
8752896387
8752896390
8752765319
8752765320
8752765321
8752765322
8752765325
8752896401
8752896402
8752765334
8752765340
8752896414
8752896415
8752896417
8752896419
8752765349
8752765350
8752896423
8752765352
8752896425
8752765351
8752765359
8752765360
8752896435
8752896436
8752896437
8752765363
8752765371
8752765372
8752896449
8752765380
8752765381
8752896455
8752765385
8752765386
8752896460
8752765388
8752765401
8752896474
8752896475
8752765403
8752765405
8752765406
8752896479
8752765413
8752765416
8752765417
8752896493
8752896494
8752896495
8752765423
8752765422
8752765431
8752765432
8752765433
8752896507
8752896508
8752896509
8752765442
8752765444
8752765445
8752765447
8752896523
8752896525
8752896526
8752896527
8752896528
8752765455
8752765458
8752765459
8752896532
8752765461
8752896534
8752896535
8752765462
8752896542
8752896543
8752896544
8752765477
8752765478
8752765479
8752765480
8752765484
8752765487
8752896560
8752765488
8752896563
8752896564
8752896565
8752896566
8752896567
8752896574
8752896575
8752896576
8752896577
8752896579
8752896580
8752765510
8752896589
8752896590
8752896591
8752896592
8752896593
8752765522
8752765528
8752896602
8752896605
8752896606
8752765536
8752765537
8752765538
8752765539
8752765545
8752896618
8752896619
8752896620
8752896621
8752896622
8752765547
8752896625
8752896626
8752896627
8752896628
8752765557
8752765558
8752896631
8752765555
8752896639
8752765568
8752765570
8752765571
8752765572
8752896650
8752896652
8752765581
8752765582
8752896657
8752765590
8752765591
8752896666
8752896667
8752896668
8752896669
8752765597
8752765596
8752765601
8752896679
8752765607
8752896682
8752765611
8752765610
8752765617
8752765618
8752896691
8752896692
8752896694
8752896695
8752896696
8752896697
8752896698
8752765627
8752765626
8752765625
8752765635
8752896711
8752896717
8752896718
8752765646
8752765648
8752896721
8752765649
8752765651
8752765645
8752896727
8752896729
8752738780
8752765662
8752765666
8752765673
8752765677
8752765678
8752765682
8752896756
8752765689
8752765690
8752896770
8752896772
8752896773
8752765701
8752765700
8752765704
8752765706
8752896779
8752765707
8752765709
8752896783
8752896784
8752896785
8752765715
8752765716
8752896796
8752765727
8752765728
8752765729
8752896802
8752765730
8752765733
8752765735
8752765736
8752765739
8752896814
8752765746
8752896819
8752896820
8752896821
8752765750
8752765749
8752896824
8752896825
8752765748
8752765747
8752765756
8752765757
8752896832
8752896833
8752896836
8752896837
8752896838
8752896839
8752896840
8752765770
8752765772
8752765773
8752765774
8752765778
8752765779
8752765780
8752765781
8752765782
8752896855
8752896858
8752765791
8752765797
8752765799
8752896872
8752896873
8752896874
8752896875
8752896876
8752896877
8752765800
8752896880
8752765809
8752765810
8752765811
8752896886
8752896887
8752896888
8752765817
8752765818
8752765815
8752896895
8752896897
8752896898
8752765827
8752896900
8752765830
8752765831
8752896907
8752896908
8752896911
8752896912
8752765841
8752765840
8752896915
8752765849
8752896922
8752896923
8752765852
8752765851
8752765854
8752896927
8752765855
8752765857
8752765858
8752765859
8752765863
8752765865
8752765866
8752896940
8752896943
8752765877
8752765879
8752896952
8752896953
8752765883
8752896956
8752896957
8752765892
8752896965
8752896966
8752765895
8752896968
8752765893
8752896971
8752896972
8752896974
8752765903
8752765904
8752765905
8752896978
8752896979
8752896980
8752765908
8752765907
8752765916
8752765917
8752896990
8752896995
8752765923
8752896998
8752896999
8752897001
8752765934
8752897014
8752897016
8752765949
8752897024
8752897026
8752897027
8752765957
8752765958
8752765959
8752765960
8752897038
8752765967
8752897040
8752765968
8752897042
8752897043
8752897046
8752765977
8752765979
8752765981
8752897057
8752897060
8752897061
8752765991
8752897064
8752765992
8752765996
8752765999
8752897073
8752766002
8752766001
8752897080
8752897082
8752766015
8752766016
8752766019
8752897092
8752897093
8752897095
8752897096
8752766025
8752766026
8752766027
8752766028
8752897103
8752897104
8752897105
8752897107
8752766036
8752766038
8752766040
8752766041
8752766042
8752897115
8752766044
8752766045
8752897118
8752766046
8752766043
8752897122
8752897123
8752766052
8752766053
8752897128
8752766057
8752897130
8752897131
8752897132
8752766056
8752897136
8752766065
8752766070
8752897143
8752897144
8752766071
8752766075
8752897148
8752766079
8752766080
8752766081
8752766082
8752897155
8752897156
8752897159
8752897160
8752766088
8752766092
8752766093
8752897173
8752897174
8752897175
8752897177
8752897178
8752897179
8752897180
8752897181
8752766110
8752766109
8752766112
8752766113
8752766114
8752766108
8752766107
8752897190
8752897192
8752897193
8752897194
8752897196
8752766126
8752766127
8752766131
8752766132
8752897206
8752766135
8752766134
8752897209
8752766142
8752766143
8752766144
8752897217
8752766146
8752897219
8752897220
8752766149
8752766148
8752897226
8752897227
8752897228
8752766157
8752897230
8752897231
8752897232
8752897233
8752766162
8752766160
8752766158
8752766156
8752897241
8752897242
8752897243
8752766169
8752897246
8752766175
8752766174
8752897254
8752897255
8752897257
8752766186
8752766185
8752897263
8752897264
8752766193
8752766196
8752766203
8752766204
8752766205
8752897278
8752897280
8752897283
8752766213
8752766214
8752766216
8752766218
8752766220
8752766221
8752766222
8752766223
8752897299
8752766228
8752897301
8752766231
8752766232
8752897305
8752766234
8752766235
8752766236
8752766233
8752766238
8752897311
8752897312
8752766239
8752897316
8752766245
8752766246
8752766247
8752766248
8752897325
8752766257
8752897331
8752897332
8752766260
8752766259
8752766272
8752897345
8752766274
8752897348
8752897351
8752897353
8752766282
8752766283
8752766284
8752897357
8752766286
8752766285
8752897365
8752766295
8752897368
8752897369
8752897373
8752766306
8752897380
8752897381
8752766310
8752897383
8752897384
8752897385
8752897386
8752766309
8752766320
8752766321
8752897394
8752897395
8752897396
8752766323
8752766329
8752766330
8752897407
8752897408
8752897411
8752897412
8752897413
8752897414
8752897415
8752766343
8752766346
8752897423
8752897425
8752766355
8752766357
8752766364
8752766365
8752897438
8752897439
8752897440
8752766368
8752766367
8752766366
8752897444
8752766373
8752766374
8752766375
8752766376
8752766377
8752766378
8752897451
8752897453
8752897454
8752897456
8752766390
8752766393
8752766394
8752897468
8752766397
8752897470
8752897471
8752897472
8752766401
8752766402
8752766403
8752897479
8752897480
8752766413
8752766415
8752766419
8752897494
8752897495
8752766427
8752897500
8752897501
8752766429
8752897503
8752766432
8752766431
8752766440
8752766442
8752897515
8752766444
8752897517
8752766447
8752897523
8752766458
8752897534
8752766464
8752897537
8752897538
8752766467
8752766468
8752766469
8752766465
8752897544
8752897545
8752897547
8752897548
8752766478
8752766479
8752766480
8752897557
8752897558
8752766487
8752766488
8752897562
8752897563
8752766490
8752897569
8752897570
8752766498
8752897572
8752766500
8752766502
8752766505
8752766506
8752766507
8752897582
8752897583
8752897585
8752897591
8752897592
8752897593
8752897594
8752766523
8752766522
8752766526
8752897599
8752897600
8752766534
8752766535
8752897611
8752897612
8752897613
8752766542
8752897615
8752766543
8752766541
8752766539
8752766550
8752897623
8752766551
8752766553
8752897626
8752766555
8752766554
8752897631
8752897632
8752897633
8752897634
8752897635
8752897637
8752766566
8752897639
8752766568
8752766565
8752766571
8752766575
8752766577
8752897650
8752766579
8752766578
8752766581
8752766586
8752766588
8752897662
8752897663
8752766591
8752766593
8752766590
8752766596
8752766598
8752897672
8752897673
8752766602
8752766603
8752897676
8752897677
8752766607
8752766608
8752766611
8752897685
8752897686
8752766614
8752766616
8752897689
8752766617
8752766613
8752897694
8752766622
8752897696
8752897697
8752766625
8752897699
8752897702
8752766630
8752897708
8752897711
8752897712
8752766646
8752766650
8752766651
8752897724
8752897725
8752766654
8752897727
8752897728
8752897729
8752897730
8752897731
8752766661
8752766662
8752766666
8752766669
8752897743
8752897744
8752766671
8752897750
8752766678
8752766680
8752766683
8752897757
8752897758
8752897759
8752766685
8752897761
8752766690
8752766695
8752897769
8752897770
8752766697
8752897772
8752897773
8752897775
8752766706
8752897780
8752897781
8752766708
8752897783
8752897786
8752766717
8752766719
8752766721
8752897794
8752766722
8752897796
8752897799
8752897800
8752897801
8752897803
8752766731
8752766734
8752766735
8752766736
8752897809
8752897814
8752897815
8752897817
8752766749
8752897822
8752766750
8752897824
8752897825
8752766753
8752766755
8752766758
8752766759
8752766761
8752897838
8752897839
8752897840
8752897841
8752897842
8752766768
8752766767
8752897845
8752766774
8752766766
8752766777
8752766778
8752897858
8752766786
8752766797
8752897870
8752897871
8752766800
8752897873
8752897874
8752766798
8752766804
8752766806
8752897879
8752897880
8752766809
8752897882
8752897883
8752897885
8752897887
8752766816
8752766817
8752766818
8752897899
8752897900
8752897901
8752766828
8752766832
8752897908
8752897909
8752897910
8752897911
8752766840
8752897913
8752766843
8752766848
8752766849
8752766850
8752766851
8752766852
8752897926
8752897931
8752897935
8752766869
8752766871
8752766872
8752766873
8752897948
8752897949
8752766879
8752897952
8752897953
8752897954
8752766882
8752766881
8752766885
8752766880
8752766888
8752766890
8752897963
8752897964
8752766893
8752897966
8752766894
8752766892
8752766899
8752897974
8752766903
8752766904
8752766905
8752766906
8752766907
8752766908
8752766902
8752897984
8752766914
8752766915
8752766917
8752897996
8752897998
8752897999
8752898003
8752898004
8752898005
8752766933
8752766931
8752766936
8752766937
8752766949
8752898024
8752898026
8752898027
8752898028
8752898029
8752898030
8752898035
8752898036
8752766965
8752898038
8752766967
8752898040
8752766969
8752898042
8752898043
8752766972
8752766979
8752898052
8752766980
8752898059
8752898061
8752766992
8752766999
8752767000
8752767001
8752767003
8752767005
8752767006
8752898081
8752767015
8752898088
8752767017
8752767018
8752898098
8752898100
8752767030
8752898104
8752767032
8752898107
8752898108
8752767035
8752767040
8752898116
8752898117
8752898126
8752898127
8752898129
8752898130
8752898133
8752898135
8752767067
8752767068
8752767069
8752767070
8752767071
8752898152
8752898153
8752767082
8752767088
8752898161
8752767090
8752767091
8752767089
8752898172
8752767100
8752898175
8752767104
8752767105
8752767103
8752767108
8752767110
8752898183
8752898184
8752898185
8752898186
8752767111
8752898188
8752898190
8752767120
8752767121
8752767122
8752767125
8752767126
8752767129
8752898202
8752767131
8752767132
8752767133
8752898206
8752898208
8752767142
8752767144
8752767145
8752898218
8752898219
8752767148
8752898221
8752898222
8752898223
8752898224
8752767153
8752767151
8752767158
8752767159
8752767160
8752767161
8752898235
8752898236
8752767163
8752898238
8752767167
8752767166
8752898242
8752898244
8752898245
8752898247
8752898255
8752898258
8752898259
8752898260
8752767189
8752767188
8752898263
8752767186
8752898265
8752898266
8752898267
8752767199
8752898278
8752898279
8752898280
8752898281
8752767206
8752767211
8752767213
8752767215
8752898288
8752898289
8752767220
8752767221
8752767222
8752898298
8752767229
8752767230
8752898303
8752767232
8752767231
8752767242
8752898316
8752767245
8752767246
8752898319
8752898321
8752898323
8752767252
8752767253
8752767251
8752767255
8752767256
8752767257
8752898330
8752898332
8752898333
8752767262
8752898336
8752898337
8752767266
8752767265
8752898343
8752898344
8752898347
8752898348
8752767277
8752898350
8752767278
8752898352
8752767276
8752898354
8752898355
8752898356
8752898358
8752767291
8752767293
8752767296
8752898370
8752898372
8752898375
8752898382
8752898383
8752767313
8752767315
8752767318
8752898395
8752898396
8752767325
8752898398
8752767326
8752767324
8752767323
8752898403
8752767333
8752898406
8752767335
8752767334
8752898412
8752767341
8752767342
8752898415
8752898416
8752898417
8752767344
8752767340
8752898421
8752898426
8752898427
8752898428
8752898432
8752767362
8752767363
8752767364
8752767365
8752767367
8752767368
8752767369
8752898442
8752898443
8752898444
8752767375
8752767376
8752767378
8752898456
8752767385
8752898458
8752767386
8752898460
8752767389
8752767384
8752767394
8752767397
8752767398
8752767400
8752898473
8752767401
8752898475
8752767404
8752898477
8752898478
8752767405
8752767403
8752767411
8752898484
8752898485
8752898486
8752898487
8752898488
8752767413
8752898490
8752767412
8752767424
8752898501
8752898506
8752898507
8752767434
8752767445
8752767447
8752898521
8752898522
8752898524
8752767454
8752767457
8752767458
8752898531
8752898532
8752767460
8752898534
8752767463
8752767462
8752898543
8752767472
8752767473
8752767474
8752898547
8752767476
8752898549
8752767479
8752898552
8752767480
8752898555
8752898556
8752898559
8752898562
8752767495
8752767497
8752898571
8752898572
8752898573
8752898574
8752767505
8752898578
8752898579
8752767506
8752898587
8752767516
8752767517
8752767518
8752898591
8752898592
8752767521
8752767519
8752767523
8752898598
8752898599
8752767529
8752898602
8752767535
8752767536
8752767544
8752767545
8752767546
8752898619
8752898620
8752767549
8752767548
8752767547
8752898625
8752767561
8752767562
8752898635
8752898636
8752765210
8752898638
8752767567
8752898640
8752767568
8752767570
8752767571
8752898651
8752767579
8752767584
8752898658
8752898662
8752898663
8752767597
8752898678
8752898682
8752767611
8752767612
8752898685
8752898688
8752898689
8752767618
8752767619
8752767622
8752767623
8752767624
8752898701
8752898702
8752767629
8752767632
8752767633
8752898706
8752898710
8752767639
8752898712
8752898713
8752767641
8752898715
8752898716
8752767644
8752767640
8752767651
8752898724
8752898725
8752767653
8752898727
8752898728
8752898729
8752767658
8752898731
8752898732
8752767659
8752767656
8752767665
8752767666
8752767667
8752898743
8752767673
8752898747
8752767677
8752898752
8752767685
8752767686
8752767687
8752767689
8752898764
8752898766
8752898767
8752767695
8752898769
8752767697
8752898772
8752767701
8752767700
8752767705
8752767708
8752767710
8752898785
8752767715
8752898792
8752767721
8752767724
8752767725
8752767726
8752767727
8752898800
8752767729
8752898803
8752767732
8752898805
8752767739
8752767740
8752767741
8752767742
8752767744
8752898817
8752767746
8752898820
8752898823
8752898825
8752767755
8752767756
8752898835
8752898836
8752898838
8752898840
8752898841
8752898842
8752767771
8752767770
8752767773
8752898850
8752767780
8752898853
8752767781
8752898855
8752767785
8752898859
8752767788
8752898861
8752767787
8752767791
8752767793
8752767794
8752765256
8752767803
8752767805
8752767806
8752767808
8752767809
8752767810
8752898885
8752898887
8752898888
8752767817
8752767818
8752767816
8752767827
8752767828
8752767829
8752767833
8752767834
8752898907
8752767835
8752767837
8752898910
8752767843
8752898918
8752898919
8752767848
8752767849
8752767847
8752898923
8752767852
8752767851
8752898926
8752898928
8752898929
8752898930
8752767863
8752767867
8752898940
8752898941
8752767869
8752898944
8752767877
8752767879
8752898953
8752898954
8752898955
8752898956
8752767883
8752898958
8752898959
8752898960
8752767881
8752767893
8752767894
8752767895
8752767896
8752767898
8752898971
8752767899
8752898973
8752898974
8752898975
8752767906
8752767908
8752898983
8752898984
8752898985
8752898986
8752898987
8752767916
8752767915
8752767920
8752767921
8752899003
8752899004
8752767932
8752899006
8752899007
8752767935
8752767937
8752899011
8752899012
8752767941
8752767940
8752767944
8752767947
8752767959
8752899034
8752899035
8752899036
8752767963
8752767962
8752767967
8752767969
8752767971
8752767972
8752767976
8752767977
8752899051
8752767979
8752899054
8752899055
8752899064
8752767993
8752899068
8752767997
8752767999
8752768000
8752899078
8752768009
8752768010
8752768011
8752768012
8752768013
8752899088
8752899089
8752768018
8752768016
8752899092
8752899094
8752768026
8752768027
8752899102
8752899103
8752899104
8752899105
8752768034
8752768035
8752768036
8752899109
8752768037
8752899111
8752768039
8752768041
8752768042
8752899119
8752899121
8752899122
8752899125
8752768055
8752768056
8752768058
8752768059
8752768060
8752899136
8752899138
8752899139
8752899142
8752768077
8752768080
8752899154
8752899155
8752899163
8752899164
8752768093
8752768091
8752768095
8752768098
8752768099
8752768106
8752768107
8752768108
8752768109
8752768113
8752899190
8752899191
8752899194
8752899197
8752899199
8752899200
8752768129
8752768138
8752768140
8752899213
8752768142
8752899215
8752768143
8752899217
8752768141
8752768156
8752768157
8752899232
8752899233
8752899237
8752899238
8752768171
8752899245
8752899246
8752899247
8752899248
8752768175
8752768180
8752768181
8752899257
8752768186
8752899259
8752768187
8752768189
8752768190
8752768196
8752768197
8752768199
8752768200
8752899276
8752899277
8752899278
8752768207
8752768208
8752768209
8752899282
8752899286
8752768214
8752899289
8752899295
8752768224
8752899297
8752899298
8752899299
8752768226
8752768229
8752768230
8752768225
8752768232
8752899313
8752768241
8752768244
8752768246
8752768249
8752899324
8752899327
8752899328
8752768257
8752768258
8752768259
8752768260
8752768261
8752768263
8752899340
8752768268
8752768270
8752768271
8752768272
8752768273
8752899347
8752899348
8752899349
8752768278
8752899351
8752768280
8752768281
8752768279
8752768277
8752768276
8752899359
8752899360
8752768289
8752899362
8752899363
8752899364
8752768288
8752768287
8752899369
8752768302
8752768303
8752768306
8752899380
8752899386
8752899387
8752768316
8752899395
8752899396
8752768324
8752899398
8752899399
8752899400
8752768329
8752899402
8752768331
8752899406
8752768339
8752768340
8752768341
8752768342
8752899420
8752899422
8752768351
8752899424
8752899425
8752899426
8752899427
8752768355
8752768357
8752768358
8752768353
8752768352
8752899437
8752899438
8752899444
8752899445
8752899447
8752899448
8752768379
8752768380
8752768384
8752899457
8752768390
8752768391
8752899464
8752899465
8752768393
8752768395
8752768396
8752768397
8752768398
8752899471
8752899472
8752768399
8752768407
8752899481
8752768409
8752899483
8752899484
8752899485
8752899486
8752768411
8752899488
8752768416
8752899490
8752899493
8752899495
8752768424
8752899497
8752899498
8752899499
8752768428
8752768429
8752768427
8752899507
8752899508
8752899510
8752899513
8752899514
8752768445
8752899518
8752899519
8752899520
8752768449
8752768450
8752768446
8752899524
8752899525
8752899526
8752899527
8752768456
8752768457
8752768455
8752768459
8752768460
8752768461
8752768466
8752899539
8752768468
8752768469
8752899542
8752768471
8752899545
8752768481
8752899554
8752768483
8752899557
8752899558
8752899559
8752899560
8752768488
8752768486
8752899566
8752768495
8752899568
8752768497
8752899570
8752768498
8752768496
8752768494
8752768509
8752768510
8752768511
8752899584
8752899585
8752899586
8752899589
8752899590
8752768521
8752768522
8752768523
8752768524
8752768525
8752768526
8752768527
8752899600
8752899601
8752899602
8752899604
8752899605
8752899607
8752768538
8752768539
8752768540
8752768541
8752899614
8752899615
8752899617
8752768549
8752768550
8752768551
8752768552
8752768553
8752768554
8752899627
8752899629
8752899631
8752899633
8752899639
8752768567
8752899642
8752899643
8752899644
8752899645
8752768574
8752899647
8752899648
8752768576
8752768575
8752768581
8752768584
8752899658
8752768586
8752899660
8752899661
8752899662
8752899663
8752768588
8752899666
8752768595
8752899670
8752899671
8752768603
8752768605
8752768608
8752899683
8752899687
8752899690
8752899691
8752768620
8752768619
8752768631
8752899704
8752768632
8752899708
8752899709
8752899710
8752768640
8752768641
8752768646
8752768647
8752899723
8752899725
8752899727
8752768656
8752899729
8752899730
8752768659
8752768657
8752768662
8752899736
8752899741
8752768672
8752768675
8752768676
8752768677
8752768679
8752899752
8752899753
8752768680
8752899756
8752768687
8752899760
8752768689
8752899762
8752768691
8752768692
8752768693
8752768694
8752768695
8752768696
8752899769
8752768697
8752899773
8752768707
8752899781
8752768710
8752768709
8752899790
8752899791
8752768719
8752899794
8752899795
8752768728
8752768730
8752768731
8752768733
8752899806
8752899807
8752768734
8752768746
8752899819
8752768747
8752768750
8752899825
8752768754
8752768756
8752899829
8752899831
8752768759
8752899838
8752768768
8752899847
8752899848
8752768776
8752899850
8752899851
8752768780
8752768781
8752768779
8752899855
8752768778
8752765453
8752899863
8752899864
8752765454
8752768794
8752768795
8752768796
8752899874
8752768803
8752899878
8752899880
8752899881
8752768808
8752768812
8752899890
8752768819
8752899892
8752899893
8752899894
8752768822
8752899896
8752768825
8752768826
8752768820
8752899904
8752899905
8752899907
8752899908
8752899909
8752768838
8752768839
8752768840
8752768841
8752768837
8752899921
8752899923
8752899925
8752899926
8752899927
8752768856
8752768858
8752899934
8752899935
8752899937
8752768869
8752768871
8752768872
8752899946
8752899948
8752768877
8752768878
8752899952
8752768881
8752899954
8752768882
8752768888
8752899962
8752899963
8752899964
8752768893
8752899966
8752899967
8752768892
8752768890
8752768901
8752899974
8752899975
8752899976
8752768909
8752768911
8752768912
8752899994
8752899995
8752899996
8752899997
8752899998
8752768923
8752900000
8752900008
8752900009
8752900010
8752900011
8752900012
8752768938
8752768942
8752768943
8752768944
8752768945
8752900021
8752768951
8752900024
8752768953
8752900027
8752900028
8752768956
8752900030
8752768964
8752768965
8752768966
8752768968
8752900042
8752768971
8752900044
8752900045
8752900046
8752900047
8752768974
8752768973
8752768984
8752900057
8752900058
8752768987
8752900060
8752768988
8752768990
8752768991
8752768995
8752768997
8752768999
8752769002
8752900075
8752900076
8752900077
8752900078
8752900079
8752769007
8752769009
8752769010
8752769005
8752769004
8752769018
8752769020
8752900098
8752900099
8752900100
8752900101
8752900102
8752769031
8752900104
8752900105
8752900106
8752769032
8752769028
8752900109
8752769042
8752900116
8752900118
8752769048
8752900121
8752769050
8752900123
8752769052
8752769053
8752769051
8752769061
8752769063
8752769065
8752769067
8752900140
8752900141
8752900147
8752900148
8752769077
8752900151
8752900152
8752769081
8752769082
8752900162
8752900166
8752769101
8752769102
8752769103
8752769106
8752900180
8752769110
8752769112
8752769117
8752769121
8752900198
8752900201
8752769134
8752769136
8752769137
8752769138
8752900211
8752769140
8752769141
8752769139
8752900222
8752900223
8752900224
8752769153
8752769154
8752769155
8752769157
8752769158
8752900236
8752769164
8752900238
8752900239
8752900240
8752769169
8752769167
8752900245
8752769177
8752769179
8752769180
8752900254
8752900255
8752769182
8752900261
8752900262
8752900263
8752769192
8752769191
8752900266
8752769190
8752900272
8752900273
8752900274
8752900275
8752769200
8752769205
8752900278
8752900286
8752900287
8752769216
8752769215
8752769214
8752900291
8752769221
8752900294
8752769223
8752769224
8752900303
8752900304
8752900305
8752900306
8752769240
8752900315
8752900316
8752900318
8752769250
8752769251
8752769252
8752900325
8752769254
8752900327
8752769256
8752769255
8752900330
8752769261
8752900334
8752769263
8752769264
8752769265
8752769266
8752769262
8752900340
8752900344
8752769273
8752769274
8752769275
8752900348
8752900349
8752900350
8752900352
8752900353
8752769282
8752769283
8752769284
8752769285
8752900359
8752900369
8752900371
8752900373
8752900374
8752769305
8752769308
8752769311
8752769312
8752769322
8752769323
8752769324
8752769325
8752900398
8752900399
8752900400
8752769326
8752769332
8752769333
8752769334
8752769336
8752900409
8752769338
8752769339
8752769340
8752900414
8752900415
8752900416
8752900418
8752900421
8752900422
8752769351
8752900426
8752900427
8752900428
8752769358
8752769359
8752769366
8752900441
8752900442
8752900443
8752769370
8752769380
8752900453
8752900458
8752769389
8752900463
8752769394
8752769399
8752769400
8752900478
8752769408
8752769409
8752769410
8752769411
8752769413
8752900488
8752900490
8752900493
8752769424
8752769425
8752900502
8752900503
8752900504
8752900505
8752900506
8752769436
8752769437
8752769438
8752769439
8752769440
8752769441
8752900516
8752900517
8752900519
8752769448
8752769451
8752900524
8752900525
8752900526
8752900530
8752900532
8752769461
8752769462
8752900535
8752900536
8752769460
8752769466
8752769472
8752900548
8752900549
8752900552
8752900562
8752769495
8752900568
8752769497
8752769498
8752900571
8752900572
8752769496
8752769504
8752769505
8752769506
8752769507
8752900581
8752900582
8752900583
8752769514
8752769518
8752900595
8752769524
8752900597
8752900598
8752769526
8752769523
8752900601
8752769532
8752769533
8752769534
8752900611
8752769540
8752900613
8752769543
8752900616
8752900617
8752769545
8752769547
8752900620
8752769552
8752769553
8752769554
8752769555
8752769556
8752900631
8752900634
8752900635
8752769564
8752769563
8752900638
8752900639
8752769567
8752900644
8752900645
8752900646
8752900648
8752900650
8752769579
8752900652
8752769581
8752900654
8752900655
8752769583
8752769580
8752769586
8752900665
8752900666
8752900667
8752769596
8752769597
8752769594
8752769599
8752769600
8752769606
8752900679
8752900680
8752900681
8752900682
8752900683
8752769612
8752769613
8752900686
8752900687
8752769614
8752769611
8752769610
8752769624
8752769625
8752769626
8752769627
8752769628
8752900703
8752769632
8752900705
8752900706
8752900707
8752900720
8752900721
8752900722
8752900723
8752900724
8752769653
8752900727
8752769655
8752900737
8752769666
8752900743
8752769673
8752900748
8752769677
8752769678
8752769680
8752769684
8752900757
8752900758
8752769687
8752769685
8752769691
8752769692
8752900767
8752769696
8752769699
8752769705
8752769706
8752900779
8752769708
8752769709
8752769710
8752900783
8752900785
8752900786
8752769722
8752769724
8752769725
8752769726
8752900799
8752900800
8752900803
8752900804
8752769733
8752769734
8752769735
8752900808
8752769732
8752769738
8752900813
8752900822
8752900823
8752769756
8752769759
8752769760
8752900843
8752900848
8752769777
8752900850
8752900851
8752769779
8752769781
8752900856
8752900858
8752769787
8752769788
8752769786
8752769792
8752769793
8752900871
8752900872
8752769800
8752900875
8752900876
8752769805
8752769806
8752769803
8752769808
8752769809
8752900884
8752900885
8752900886
8752900887
8752769818
8752769819
8752900893
8752900894
8752900898
8752900899
8752769828
8752769829
8752769832
8752769834
8752900907
8752900908
8752769839
8752769840
8752769843
8752900916
8752900917
8752769844
8752769850
8752900926
8752769855
8752900928
8752900930
8752900932
8752769862
8752769863
8752900936
8752900937
8752769866
8752769872
8752769873
8752900949
8752900951
8752900954
8752900955
8752900959
8752900960
8752900962
8752769890
8752900965
8752900966
8752769895
8752769896
8752769899
8752769902
8752900977
8752900978
8752900979
8752769907
8752769912
8752900986
8752769915
8752900990
8752900991
8752769920
8752900993
8752769919
8752769923
8752769924
8752769929
8752901002
8752901003
8752769930
8752901005
8752769934
8752769933
8752901008
8752901009
8752769943
8752769944
8752769945
8752769946
8752901019
8752769951
8752769953
8752769954
8752901031
8752901033
8752769963
8752769967
8752769969
8752769971
8752901044
8752901045
8752901046
8752901047
8752769972
8752901049
8752901050
8752901052
8752769983
8752769984
8752769986
8752901059
8752901060
8752769989
8752901062
8752901063
8752769992
8752769991
8752901066
8752769994
8752769988
8752770001
8752770004
8752901077
8752901080
8752901088
8752770017
8752770016
8752901091
8752901092
8752770025
8752770026
8752901100
8752901101
8752901104
8752770034
8752770036
8752770037
8752901110
8752770044
8752901123
8752901126
8752901127
8752901128
8752770057
8752901130
8752901133
8752901134
8752770066
8752901146
8752770075
8752770076
8752770074
8752770078
8752770080
8752901153
8752770081
8752770087
8752901160
8752770089
8752770091
8752901164
8752901165
8752901167
8752770095
8752770097
8752770098
8752901173
8752770107
8752901180
8752901181
8752770110
8752770111
8752901184
8752770113
8752770108
8752901188
8752901189
8752770121
8752901195
8752901196
8752901197
8752901198
8752770128
8752901201
8752901202
8752770130
8752770129
8752901205
8752901206
8752770141
8752770142
8752901217
8752770148
8752901221
8752901222
8752770151
8752770149
8752901225
8752770153
8752901227
8752901229
8752770158
8752901231
8752901232
8752770160
8752901236
8752901239
8752770172
8752770176
8752901252
8752901256
8752901257
8752901258
8752770187
8752901260
8752901262
8752770194
8752770195
8752770196
8752770197
8752770198
8752770200
8752770202
8752901275
8752770203
8752901277
8752770206
8752770207
8752901280
8752901283
8752770212
8752770211
8752770214
8752770215
8752770216
8752770217
8752901290
8752901291
8752770219
8752901293
8752901294
8752770218
8752901297
8752770234
8752770235
8752901310
8752901311
8752901317
8752901322
8752901323
8752770250
8752901329
8752901330
8752770258
8752901333
8752901334
8752770261
8752770265
8752770266
8752770268
8752770269
8752770271
8752739697
8752901349
8752770278
8752770279
8752770280
8752770281
8752770282
8752770277
8752901356
8752901357
8752901359
8752901362
8752770291
8752770293
8752770296
8752770299
8752770301
8752770302
8752901375
8752901376
8752770305
8752770304
8752770303
8752901383
8752901385
8752901386
8752901387
8752770315
8752770321
8752770322
8752770324
8752770325
8752901398
8752901399
8752770326
8752901402
8752770332
8752770333
8752770335
8752770337
8752770338
8752770339
8752901414
8752901415
8752901418
8752770348
8752770349
8752770350
8752770352
8752770356
8752770358
8752770359
8752901434
8752901435
8752901437
8752901438
8752770367
8752770366
8752901441
8752770369
8752901446
8752901450
8752901451
8752770382
8752901455
8752770383
8752770385
8752901460
8752770388
8752901464
8752770393
8752901467
8752901468
8752901469
8752770398
8752770397
8752770396
8752901479
8752901481
8752770413
8752901487
8752770415
8752770418
8752770419
8752770422
8752901497
8752901498
8752901499
8752770427
8752770429
8752770430
8752770431
8752901513
8752901514
8752770442
8752770441
8752901518
8752770450
8752770451
8752770453
8752901526
8752770461
8752770462
8752770463
8752901538
8752901539
8752901540
8752770466
8752901542
8752901548
8752901549
8752770478
8752901551
8752770479
8752901554
8752770482
8752901556
8752770490
8752770491
8752901565
8752770493
8752901567
8752770497
8752901570
8752770499
8752770500
8752770501
8752901574
8752770503
8752770505
8752901581
8752901583
8752901585
8752901587
8752770516
8752901589
8752770518
8752770519
8752770520
8752770517
8752770523
8752770527
8752770528
8752901602
8752770530
8752901604
8752901606
8752770537
8752770543
8752901616
8752901617
8752770546
8752901619
8752770545
8752770549
8752770550
8752901624
8752770552
8752770559
8752770560
8752901634
8752901635
8752770562
8752901639
8752901641
8752901642
8752901652
8752901655
8752901656
8752901658
8752901659
8752901660
8752770589
8752901662
8752901663
8752770592
8752770593
8752770587
8752770586
8752901675
8752770604
8752770605
8752901681
8752901682
8752770613
8752770614
8752770616
8752770626
8752770627
8752770630
8752770631
8752770636
8752770637
8752770638
8752770639
8752901712
8752901713
8752901714
8752901716
8752770646
8752901723
8752901730
8752770658
8752901732
8752770661
8752770660
8752901745
8752901746
8752901747
8752901748
8752901749
8752901750
8752770678
8752770680
8752770681
8752770682
8752770683
8752770684
8752901762
8752901764
8752770693
8752770695
8752770696
8752770698
8752770700
8752770701
8752901777
8752901778
8752901779
8752770710
8752770711
8752770713
8752770714
8752770715
8752901788
8752901789
8752770718
8752901791
8752770717
8752901793
8752901794
8752901795
8752770723
8752770725
8752770726
8752901800
8752901802
8752901803
8752901804
8752901806
8752770735
8752770742
8752770745
8752770746
8752901821
8752901823
8752770756
8752770757
8752770759
8752901836
8752901837
8752901839
8752770769
8752901842
8752770772
8752770773
8752901846
8752770774
8752901848
8752770777
8752770776
8752901854
8752901855
8752765850
8752901858
8752770789
8752770791
8752770793
8752901866
8752901867
8752770794
8752901869
8752770800
8752770801
8752770802
8752770804
8752901880
8752901881
8752770810
8752770808
8752901884
8752901890
8752901891
8752770820
8752770822
8752901895
8752770824
8752770826
8752770832
8752770833
8752770834
8752770835
8752901908
8752901909
8752770836
8752770849
8752770850
8752901923
8752770852
8752901925
8752901926
8752901927
8752901928
8752770856
8752770858
8752770860
8752770863
8752770864
8752901938
8752770871
8752770872
8752770873
8752770875
8752770876
8752770879
8752770881
8752770882
8752901956
8752770884
8752770886
8752901959
8752901960
8752901962
8752901963
8752901964
8752770891
8752770896
8752770897
8752770898
8752770899
8752901976
8752770905
8752901978
8752901979
8752770907
8752770906
8752901983
8752770913
8752901986
8752901987
8752901988
8752770914
8752901990
8752770923
8752770924
8752770925
8752770926
8752770927
8752902000
8752770929
8752902003
8752902004
8752902005
8752770932
8752902008
8752770937
8752902010
8752770936
8752770945
8752770946
8752770948
8752902021
8752770951
8752902024
8752770952
8752770956
8752902029
8752902030
8752770959
8752770960
8752770961
8752902037
8752902039
8752902040
8752902041
8752770969
8752770971
8752770967
8752770978
8752902051
8752902052
8752902054
8752770984
8752902057
8752902058
8752770987
8752770995
8752770996
8752770997
8752902070
8752902071
8752770998
8752771002
8752771006
8752771007
8752902080
8752771009
8752771008
8752902086
8752902089
8752902091
8752902092
8752771020
8752771019
8752771023
8752902097
8752902098
8752771025
8752902102
8752902106
8752771037
8752771046
8752771047
8752902123
8752902124
8752902125
8752771052
8752771055
8752771051
8752771063
8752771064
8752902137
8752771065
8752771067
8752771068
8752771069
8752771072
8752771073
8752902151
8752771080
8752771081
8752771083
8752771084
8752902157
8752902162
8752771092
8752771094
8752771095
8752902172
8752902175
8752902176
8752902177
8752771106
8752771107
8752771109
8752771111
8752771115
8752902190
8752771127
8752902200
8752771129
8752902202
8752771131
8752771128
8752902205
8752902208
8752771138
8752771139
8752771141
8752771145
8752902219
8752771149
8752771150
8752771151
8752771152
8752771158
8752771160
8752902233
8752902234
8752902235
8752902238
8752902239
8752771168
8752771167
8752771170
8752771166
8752771174
8752902247
8752902248
8752902250
8752771179
8752771178
8752771182
8752771183
8752902257
8752902260
8752902263
8752902265
8752771201
8752771202
8752902277
8752902279
8752771210
8752902283
8752771212
8752771213
8752771215
8752902289
8752902290
8752902293
8752902294
8752771225
8752771227
8752902303
8752902305
8752902307
8752902309
8752771238
8752771237
8752771240
8752902319
8752902321
8752902322
8752902323
8752902324
8752902325
8752771255
8752902328
8752902332
8752771268
8752771269
8752902344
8752902345
8752771273
8752771275
8752771276
8752771272
8752771282
8752902355
8752771285
8752902358
8752902359
8752902360
8752771287
8752771294
8752771296
8752902369
8752771297
8752902376
8752902378
8752771307
8752771308
8752771309
8752771310
8752902387
8752902392
8752771323
8752902404
8752902405
8752902408
8752771337
8752902410
8752771339
8752771338
8752771345
8752771348
8752902421
8752771351
8752902429
8752902431
8752902433
8752771362
8752771363
8752902438
8752902440
8752902441
8752771373
8752771376
8752771378
8752771379
8752902452
8752902453
8752902454
8752902455
8752902456
8752902458
8752771387
8752771388
8752771389
8752771394
8752902467
8752771397
8752902472
8752771407
8752902481
8752902482
8752902483
8752902484
8752771411
8752771409
8752771422
8752902497
8752902500
8752771429
8752902502
8752902504
8752771432
8752902506
8752771434
8752771438
8752771440
8752771441
8752771442
8752771443
8752902521
8752902523
8752902524
8752902525
8752771455
8752902528
8752902529
8752902530
8752771457
8752902532
8752771456
8752771463
8752771465
8752771468
8752771469
8752902546
8752902549
8752771477
8752902553
8752771482
8752902555
8752771484
8752771485
8752771486
8752771483
8752771488
8752771489
8752771481
8752902564
8752902567
8752902568
8752902569
8752902570
8752771499
8752771498
8752771497
8752771496
8752902575
8752771495
8752771505
8752902579
8752771509
8752771510
8752771511
8752771512
8752771513
8752771514
8752902588
8752902591
8752771522
8752771524
8752771529
8752902602
8752902603
8752902604
8752902605
8752902606
8752771531
8752902608
8752771537
8752771536
8752902611
8752902612
8752771544
8752771553
8752902626
8752771555
8752771556
8752771557
8752902630
8752771559
8752771558
8752771554
8752902636
8752902637
8752902638
8752771566
8752771568
8752902642
8752902643
8752771576
8752771577
8752771578
8752771582
8752771583
8752771584
8752902657
8752902658
8752771594
8752902667
8752771596
8752771597
8752771601
8752771603
8752902677
8752902681
8752771609
8752771613
8752771614
8752902692
8752902693
8752771624
8752771625
8752902698
8752902699
8752771627
8752902701
8752902705
8752902707
8752771636
8752902709
8752771637
8752902711
8752902716
8752902717
8752771646
8752771647
8752902723
8752902724
8752902725
8752902726
8752902727
8752771655
8752771657
8752771658
8752771653
8752771652
8752902734
8752902735
8752771664
8752902737
8752771666
8752771667
8752771668
8752771675
8752771680
8752771682
8752771687
8752902760
8752902761
8752771688
8752771691
8752771692
8752902766
8752902768
8752771696
8752902770
8752771698
8752771701
8752771702
8752902779
8752902780
8752902781
8752902785
8752771714
8752771716
8752771719
8752902793
8752902794
8752771723
8752771724
8752771725
8752771727
8752771728
8752771729
8752771730
8752771731
8752902809
8752902812
8752771742
8752771743
8752771744
8752771745
8752771746
8752771748
8752771749
8752902825
8752902827
8752902828
8752902829
8752902830
8752771759
8752771760
8752771761
8752771762
8752771758
8752771757
8752771756
8752902840
8752902841
8752771771
8752771773
8752902847
8752771781
8752771782
8752771783
8752771784
8752771785
8752902864
8752771793
8752902866
8752902867
8752902868
8752771797
8752771796
8752902871
8752771800
8752771801
8752771799
8752771795
8752771804
8752771811
8752771812
8752771813
8752902889
8752902891
8752902892
8752902893
8752902894
8752902899
8752771829
8752902905
8752902909
8752771840
8752771842
8752902915
8752902916
8752771845
8752771846
8752771844
8752771843
8752902921
8752902922
8752902923
8752771851
8752771850
8752902926
8752902927
8752902928
8752902929
8752902930
8752771863
8752771866
8752771868
8752771870
8752902945
8752902946
8752902947
8752902949
8752771882
8752771884
8752771885
8752902961
8752902962
8752771891
8752771890
8752771893
8752771894
8752902968
8752902974
8752902975
8752902976
8752902977
8752771904
8752771902
8752771908
8752771910
8752771912
8752902985
8752771913
8752902988
8752902991
8752771920
8752771921
8752771922
8752771923
8752771924
8752903005
8752903009
8752903011
8752903013
8752771942
8752903016
8752903017
8752771944
8752771950
8752903025
8752903026
8752903027
8752903029
8752771960
8752771961
8752903036
8752903038
8752903040
8752903041
8752771970
8752903053
8752771983
8752903056
8752903057
8752771984
8752903059
8752903060
8752771994
8752771995
8752771996
8752771997
8752771999
8752903073
8752903075
8752903077
8752772006
8752903080
8752903081
8752903082
8752903083
8752772016
8752772017
8752903090
8752903094
8752772023
8752772022
8752772025
8752772027
8752772028
8752772029
8752772030
8752772031
8752772032
8752772039
8752903112
8752772041
8752772042
8752772043
8752772044
8752772052
8752903126
8752772055
8752903128
8752772056
8752772054
8752903132
8752903133
8752903136
8752766106
8752772072
8752772073
8752903148
8752903150
8752903151
8752903152
8752772081
8752903154
8752772085
8752903165
8752772093
8752903168
8752772097
8752772100
8752772101
8752772103
8752772105
8752903178
8752903179
8752903187
8752903188
8752903189
8752772118
8752772119
8752772117
8752903203
8752903205
8752772135
8752903210
8752772141
8752772142
8752772143
8752772151
8752903226
8752772154
8752903228
8752903229
8752903230
8752772156
8752903232
8752903233
8752903234
8752903235
8752903236
8752903237
8752772166
8752772167
8752772168
8752772162
8752772170
8752772171
8752903248
8752903249
8752772181
8752772184
8752772185
8752903260
8752903261
8752903265
8752772194
8752772197
8752772198
8752903272
8752903276
8752903277
8752903278
8752772207
8752772208
8752772206
8752772210
8752772211
8752772205
8752772204
8752772219
8752772220
8752903293
8752772223
8752772225
8752772226
8752903299
8752772229
8752772230
8752903314
8752903315
8752772243
8752903317
8752903318
8752903319
8752772248
8752772247
8752772246
8752772245
8752903325
8752772255
8752903328
8752772257
8752772256
8752903331
8752903332
8752772260
8752772259
8752772267
8752772268
8752772270
8752772271
8752772272
8752772277
8752903350
8752903353
8752772281
8752903359
8752772291
8752772292
8752903365
8752903366
8752903370
8752903372
8752772301
8752772302
8752903377
8752903378
8752903379
8752772306
8752772312
8752772314
8752766155
8752903393
8752903394
8752903397
8752772326
8752772328
8752772329
8752772330
8752772331
8752772337
8752772338
8752903412
8752772340
8752772342
8752903416
8752903417
8752903418
8752772346
8752903420
8752772345
8752903428
8752903429
8752903430
8752903431
8752903432
8752772361
8752772362
8752772360
8752772356
8752903438
8752903440
8752903441
8752772373
8752772374
8752903453
8752772381
8752903455
8752772387
8752903465
8752772394
8752772393
8752903468
8752903472
8752903478
8752903479
8752903480
8752772407
8752903482
8752903483
8752772410
8752772406
8752772414
8752772415
8752772420
8752772421
8752772422
8752903502
8752772430
8752903508
8752772436
8752772443
8752903516
8752772445
8752772446
8752903520
8752772449
8752772448
8752772459
8752903532
8752772461
8752772464
8752772470
8752772471
8752772472
8752903548
8752903551
8752772480
8752772483
8752772485
8752772486
8752772488
8752903566
8752772494
8752903570
8752903573
8752903575
8752772507
8752903582
8752903586
8752903589
8752903590
8752772518
8752903592
8752772525
8752772526
8752903603
8752903605
8752903606
8752903608
8752772537
8752903611
8752772548
8752772549
8752772551
8752903626
8752903633
8752772561
8752903636
8752772567
8752903640
8752903641
8752772570
8752772568
8752772573
8752772574
8752772575
8752903648
8752903649
8752903652
8752772581
8752903655
8752772583
8752772585
8752772587
8752772588
8752903667
8752772595
8752772598
8752772599
8752772602
8752772604
8752772606
8752772613
8752772614
8752772615
8752903692
8752903698
8752772627
8752903701
8752772630
8752772629
8752903704
8752772636
8752772638
8752772639
8752772640
8752772643
8752772644
8752903719
8752772648
8752903721
8752903722
8752772647
8752903724
8752903726
8752772655
8752772656
8752772657
8752772658
8752772654
8752772660
8752772663
8752903738
8752903739
8752903740
8752903741
8752772669
8752772671
8752903744
8752772673
8752903746
8752772672
8752903748
8752772683
8752772684
8752903757
8752772687
8752903760
8752772688
8752772690
8752903763
8752903765
8752903766
8752772694
8752772693
8752903776
8752903777
8752903778
8752903781
8752772711
8752772712
8752903787
8752903789
8752772717
8752772719
8752903792
8752772721
8752772728
8752903801
8752772729
8752772731
8752772734
8752903807
8752903808
8752903816
8752903817
8752772744
8752903821
8752772751
8752903834
8752772769
8752903844
8752903845
8752772774
8752772775
8752772773
8752772772
8752772780
8752772781
8752772784
8752903857
8752772786
8752772785
8752903866
8752903867
8752772796
8752772795
8752903870
8752772794
8752772800
8752772808
8752903881
8752772810
8752772809
8752903884
8752903885
8752903886
8752772813
8752903888
8752903893
8752903895
8752772823
8752772825
8752772826
8752772831
8752772832
8752772834
8752903911
8752903912
8752772840
8752772842
8752903915
8752903917
8752772846
8752903919
8752772845
8752772852
8752903925
8752772854
8752772859
8752772861
8752772862
8752903939
8752772880
8752903954
8752772884
8752903957
8752772887
8752772888
8752772893
8752903968
8752772897
8752772898
8752903971
8752903972
8752772900
8752772899
8752903975
8752903984
8752772913
8752772912
8752772919
8752772923
8752772925
8752772927
8752772928
8752772929
8752772930
8752904004
8752772942
8752904024
8752904027
8752904028
8752772957
8752904030
8752904031
8752772960
8752772956
8752772963
8752904039
8752772969
8752772970
8752904043
8752772976
8752772977
8752904050
8752904055
8752772984
8752772985
8752904059
8752904061
8752772994
8752904070
8752904071
8752904072
8752904073
8752773001
8752773003
8752904076
8752773005
8752773006
8752773004
8752773008
8752904081
8752904084
8752773019
8752773020
8752773021
8752904095
8752904100
8752773029
8752773030
8752773031
8752773033
8752904106
8752904107
8752904108
8752904109
8752773035
8752773034
8752773044
8752904117
8752773046
8752904120
8752904121
8752904122
8752904133
8752773062
8752904135
8752904136
8752904137
8752773066
8752904139
8752773065
8752773064
8752773063
8752773072
8752904149
8752904150
8752904151
8752904152
8752904153
8752773082
8752904155
8752773083
8752773081
8752773080
8752773079
8752773088
8752773089
8752904163
8752904164
8752773093
8752904166
8752773095
8752773096
8752773097
8752904170
8752904171
8752773091
8752773104
8752773105
8752904179
8752773109
8752904182
8752904184
8752773115
8752773121
8752773123
8752904196
8752904197
8752904198
8752773126
8752904200
8752773129
8752773128
8752773125
8752773132
8752773133
8752773134
8752773135
8752904208
8752904211
8752773140
8752773141
8752773144
8752773145
8752773146
8752773148
8752773149
8752773151
8752904224
8752773152
8752904226
8752904227
8752904228
8752904231
8752773165
8752773166
8752773167
8752773168
8752904245
8752904248
8752773176
8752773178
8752904251
8752904254
8752904255
8752773186
8752904259
8752773188
8752773189
8752773187
8752773191
8752773193
8752904268
8752904269
8752904270
8752773202
8752773204
8752773205
8752773206
8752773207
8752773210
8752773212
8752773213
8752904287
8752904288
8752773219
8752773222
8752904299
8752773229
8752904302
8752773230
8752904304
8752773232
8752773234
8752773240
8752773241
8752904316
8752904317
8752773245
8752773244
8752773256
8752773257
8752904337
8752904338
8752904339
8752773266
8752773270
8752904350
8752904354
8752904355
8752773284
8752773283
8752773286
8752904359
8752773294
8752773295
8752773296
8752773298
8752904378
8752773306
8752773308
8752773310
8752904383
8752904384
8752773313
8752904386
8752773314
8752904389
8752773321
8752904394
8752904399
8752904400
8752904401
8752773327
8752773336
8752773337
8752773338
8752904412
8752773340
8752904414
8752773345
8752773346
8752773347
8752773349
8752904422
8752773351
8752773350
8752904427
8752904430
8752773358
8752773362
8752773364
8752904438
8752904442
8752773370
8752904444
8752904453
8752904454
8752773383
8752773392
8752904469
8752904470
8752904471
8752904472
8752904473
8752904474
8752773402
8752773404
8752773401
8752773399
8752773407
8752904481
8752904482
8752904484
8752904485
8752904487
8752773417
8752773418
8752773421
8752773427
8752904500
8752773429
8752773432
8752773434
8752773437
8752773438
8752904511
8752904512
8752773440
8752904514
8752904515
8752904521
8752773450
8752773451
8752773453
8752773461
8752904535
8752904536
8752904537
8752904540
8752904541
8752773471
8752773472
8752773477
8752773478
8752904551
8752773480
8752904553
8752773481
8752904555
8752904556
8752773487
8752773488
8752773489
8752773490
8752904564
8752904565
8752904566
8752773495
8752904568
8752904569
8752773494
8752773503
8752773505
8752904580
8752904581
8752904584
8752773512
8752773516
8752773517
8752773519
8752773520
8752904597
8752773528
8752904601
8752773530
8752773531
8752773533
8752773537
8752773540
8752773541
8752904622
8752773550
8752904624
8752773553
8752773554
8752773552
8752773561
8752904634
8752773564
8752904638
8752773568
8752773569
8752773570
8752773572
8752773573
8752773582
8752773583
8752904656
8752904657
8752773586
8752773587
8752904660
8752904661
8752904662
8752773588
8752904664
8752773593
8752904666
8752773596
8752773597
8752904671
8752773599
8752904673
8752904678
8752773608
8752773610
8752773611
8752773612
8752773615
8752904698
8752773628
8752773629
8752904702
8752904703
8752773631
8752904705
8752773630
8752773637
8752773640
8752773641
8752904714
8752904715
8752904716
8752904717
8752904718
8752904719
8752773645
8752773644
8752904722
8752904723
8752904724
8752773656
8752773657
8752773658
8752904732
8752904733
8752773669
8752773670
8752904743
8752773672
8752773673
8752773674
8752773675
8752904750
8752740374
8752773681
8752904754
8752773683
8752773687
8752904762
8752904764
8752904765
8752773699
8752904772
8752904773
8752904774
8752773702
8752904776
8752773701
8752904778
8752773700
8752773710
8752904794
8752773722
8752773724
8752904797
8752773725
8752773731
8752904805
8752773734
8752773733
8752773736
8752904809
8752904811
8752904812
8752773747
8752904823
8752904825
8752773755
8752773756
8752773758
8752904833
8752773762
8752904835
8752904836
8752904837
8752773761
8752773771
8752773772
8752773773
8752904847
8752904854
8752904855
8752904856
8752904857
8752904859
8752773788
8752773789
8752773790
8752773787
8752904873
8752773803
8752904876
8752773805
8752773804
8752904880
8752773813
8752773814
8752773817
8752773818
8752904896
8752904904
8752773834
8752773841
8752773843
8752773844
8752904922
8752904923
8752773854
8752773856
8752904930
8752773859
8752773860
8752773861
8752773858
8752904943
8752904944
8752773873
8752904947
8752904948
8752904949
8752904950
8752773876
8752773875
8752773881
8752773882
8752773885
8752904960
8752904962
8752904964
8752773893
8752904971
8752904972
8752773915
8752773918
8752773920
8752904993
8752904995
8752904999
8752905000
8752905001
8752905002
8752773927
8752773933
8752773939
8752905013
8752905015
8752773943
8752905018
8752905019
8752773951
8752773953
8752773954
8752905028
8752905030
8752773963
8752773965
8752905038
8752773966
8752905041
8752773971
8752905044
8752905045
8752773974
8752773975
8752773973
8752905052
8752905053
8752905054
8752905055
8752905058
8752773986
8752905060
8752905063
8752773992
8752773993
8752773994
8752905067
8752773996
8752905069
8752773995
8752773991
8752905072
8752905073
8752774002
8752905075
8752774004
8752774000
8752905083
8752774014
8752774015
8752774016
8752905094
8752774027
8752774028
8752774029
8752905103
8752905104
8752774037
8752774038
8752905113
8752905115
8752774044
8752774045
8752905118
8752774043
8752905121
8752905128
8752774057
8752905130
8752905131
8752774056
8752774066
8752905139
8752905141
8752774069
8752905143
8752905144
8752905145
8752905146
8752905147
8752774072
8752774082
8752774083
8752774084
8752774091
8752774095
8752905168
8752774096
8752774098
8752905171
8752905172
8752905173
8752905174
8752774101
8752774100
8752774107
8752905180
8752774108
8752774113
8752774114
8752905192
8752905193
8752774122
8752905195
8752905196
8752774120
8752905198
8752774130
8752774133
8752905206
8752905207
8752905208
8752905209
8752905212
8752905214
8752774143
8752905216
8752905217
8752774146
8752774147
8752774145
8752905221
8752774150
8752774149
8752774144
8752774157
8752774158
8752905233
8752774162
8752774161
8752905236
8752905238
8752905240
8752774172
8752774173
8752774174
8752774177
8752774178
8752774180
8752905253
8752905259
8752905262
8752905263
8752774191
8752905265
8752905266
8752774196
8752774198
8752774210
8752774211
8752774212
8752774213
8752905286
8752905290
8752774223
8752774226
8752774228
8752905302
8752905305
8752905307
8752774238
8752774241
8752774248
8752774249
8752774250
8752774251
8752905324
8752774252
8752774257
8752905331
8752905332
8752774259
8752774266
8752774268
8752774270
8752905343
8752905344
8752905345
8752774271
8752774275
8752774276
8752905350
8752774279
8752774278
8752774286
8752774288
8752774290
8752905364
8752905365
8752905366
8752905369
8752774297
8752774300
8752774301
8752774302
8752905377
8752905379
8752905380
8752774308
8752774310
8752905383
8752774312
8752774313
8752774311
8752774316
8752774323
8752905396
8752905397
8752774326
8752774324
8752774328
8752905405
8752905406
8752905407
8752774336
8752774335
8752905410
8752905411
8752905412
8752905413
8752905414
8752774340
8752774339
8752774347
8752905420
8752774349
8752905422
8752905423
8752774351
8752774348
8752774357
8752905432
8752774360
8752774363
8752905437
8752774365
8752905439
8752905440
8752905441
8752905442
8752905443
8752774372
8752774371
8752774374
8752905456
8752905457
8752774385
8752774384
8752905460
8752905461
8752774389
8752774388
8752905465
8752905467
8752774398
8752774399
8752774400
8752774402
8752905475
8752905480
8752774411
8752774412
8752774414
8752774416
8752774417
8752905490
8752905491
8752774418
8752774429
8752774431
8752905507
8752905508
8752774442
8752774444
8752774445
8752774447
8752905520
8752774456
8752774457
8752774463
8752774464
8752905539
8752905540
8752905541
8752774470
8752774471
8752774472
8752774469
8752905550
8752774481
8752905555
8752905556
8752774484
8752774483
8752905562
8752774491
8752905564
8752774492
8752774498
8752905571
8752774499
8752774501
8752905574
8752905582
8752774510
8752774512
8752774513
8752774514
8752774515
8752774525
8752774526
8752774527
8752905603
8752905604
8752905605
8752905607
8752774536
8752905609
8752774548
8752905622
8752905623
8752905624
8752774550
8752774556
8752774565
8752774566
8752905639
8752774568
8752905642
8752905643
8752905644
8752905645
8752774574
8752774575
8752774578
8752905654
8752905655
8752774582
8752774585
8752774586
8752774587
8752905661
8752774593
8752774594
8752774595
8752774603
8752774604
8752905679
8752774607
8752774613
8752774614
8752905687
8752774616
8752905689
8752774618
8752774617
8752774620
8752774615
8752774625
8752905698
8752905699
8752774629
8752774636
8752905709
8752774638
8752774639
8752774646
8752774649
8752905725
8752905726
8752774656
8752774662
8752774663
8752905738
8752774667
8752774666
8752774675
8752905748
8752905749
8752774678
8752905751
8752905752
8752905753
8752905754
8752774682
8752774681
8752774680
8752774694
8752905767
8752905768
8752905770
8752774699
8752905772
8752774701
8752774698
8752905783
8752905784
8752774712
8752774716
8752774717
8752905794
8752774723
8752774722
8752905797
8752905799
8752905804
8752774732
8752905806
8752905807
8752774736
8752774737
8752774735
8752905817
8752774747
8752774749
8752774754
8752774755
8752905831
8752905833
8752905835
8752905837
8752905838
8752774768
8752774769
8752774770
8752774771
8752905847
8752774776
8752905850
8752905852
8752774781
8752774783
8752905862
8752905863
8752774792
8752774793
8752774791
8752774803
8752774804
8752774805
8752905878
8752774807
8752774808
8752905881
8752905882
8752905883
8752774811
8752774810
8752774814
8752774806
8752774816
8752774818
8752774823
8752905897
8752905898
8752774826
8752774828
8752774825
8752905904
8752905905
8752774834
8752905907
8752774836
8752774833
8752774840
8752905918
8752905919
8752774848
8752774847
8752905922
8752905923
8752905924
8752774846
8752774855
8752905929
8752905930
8752905931
8752905932
8752774861
8752774858
8752905935
8752774869
8752774870
8752774871
8752774872
8752774873
8752774875
8752774876
8752905949
8752905950
8752774883
8752774884
8752774886
8752774887
8752905960
8752774889
8752774890
8752774891
8752774888
8752905972
8752905973
8752905974
8752905975
8752774904
8752774905
8752774902
8752905979
8752774907
8752774909
8752774901
8752774911
8752905990
8752905991
8752774919
8752905993
8752905994
8752905995
8752905997
8752905998
8752774929
8752774938
8752774939
8752774940
8752906013
8752774942
8752774945
8752906019
8752906020
8752774952
8752774954
8752906033
8752906035
8752774964
8752906037
8752774966
8752774965
8752906041
8752774971
8752774972
8752774973
8752774975
8752906052
8752774984
8752906057
8752906058
8752774986
8752774985
8752774989
8752774995
8752906073
8752906075
8752775004
8752775005
8752775003
8752906079
8752906080
8752906083
8752775013
8752775015
8752775016
8752775017
8752906090
8752775018
8752906093
8752906094
8752775025
8752775026
8752775027
8752906111
8752775042
8752775043
8752906127
8752775056
8752775055
8752906131
8752775063
8752775065
8752906138
8752775067
8752906140
8752775075
8752775076
8752775079
8752775081
8752906155
8752906157
8752906159
8752775090
8752775093
8752906171
8752775100
8752775099
8752775105
8752775106
8752775108
8752906183
8752775120
8752775122
8752775125
8752906198
8752775128
8752906202
8752906210
8752906212
8752775141
8752775142
8752906215
8752775145
8752775147
8752906226
8752775159
8752906232
8752906233
8752906234
8752906236
8752906237
8752775166
8752775164
8752775173
8752775175
8752775176
8752906249
8752775177
8752906251
8752775180
8752906253
8752906254
8752775181
8752775185
8752906262
8752906263
8752775190
8752775194
8752775198
8752775199
8752906277
8752906280
8752775210
8752775212
8752775214
8752906291
8752775219
8752775221
8752775223
8752775224
8752775226
8752775227
8752775228
8752775231
8752906305
8752906308
8752906310
8752775243
8752775245
8752775246
8752775249
8752906324
8752906328
8752906329
8752775261
8752775263
8752775265
8752775267
8752775268
8752775277
8752775278
8752775280
8752906355
8752906356
8752906357
8752775285
8752775287
8752775284
8752775283
8752906368
8752906370
8752775299
8752775300
8752906373
8752906374
8752775302
8752775301
8752906377
8752775308
8752775309
8752906382
8752775311
8752775310
8752906391
8752906394
8752906397
8752775331
8752775333
8752906408
8752906410
8752775338
8752906412
8752775341
8752775342
8752775343
8752775340
8752775351
8752775352
8752775367
8752906440
8752775369
8752775370
8752775371
8752775373
8752906451
8752775380
8752906453
8752906454
8752775383
8752906460
8752775388
8752775394
8752775395
8752775396
8752775397
8752775399
8752906474
8752906476
8752775405
8752906478
8752906479
8752775407
8752775409
8752775410
8752775406
8752775404
8752775413
8752775414
8752775417
8752775420
8752906496
8752906500
8752775428
8752775431
8752775432
8752775433
8752775434
8752775435
8752906513
8752906515
8752906516
8752775443
8752906518
8752775447
8752775448
8752775449
8752906526
8752906528
8752906529
8752775457
8752775459
8752775461
8752775468
8752775469
8752906542
8752775472
8752775473
8752775481
8752906554
8752775482
8752906559
8752906571
8752775499
8752775502
8752775504
8752906577
8752906578
8752906579
8752906580
8752775509
8752775506
8752906583
8752906585
8752906587
8752775519
8752775520
8752775521
8752906594
8752906596
8752906597
8752906599
8752775528
8752906601
8752775530
8752906603
8752775532
8752775529
8752775546
8752906622
8752775552
8752906631
8752906633
8752906634
8752906635
8752906636
8752775565
8752775566
8752775567
8752775564
8752775563
8752775570
8752775571
8752775572
8752775580
8752906653
8752775582
8752775583
8752775584
8752775585
8752775581
8752906661
8752775590
8752775591
8752906666
8752906668
8752775598
8752775603
8752775604
8752775606
8752906681
8752775609
8752775621
8752775622
8752906696
8752775625
8752775626
8752906699
8752775624
8752775633
8752775635
8752906710
8752906711
8752906713
8752906715
8752775644
8752775646
8752775647
8752775648
8752906725
8752906726
8752775655
8752906728
8752775657
8752906733
8752775668
8752906742
8752906743
8752906744
8752775672
8752775671
8752775675
8752906755
8752775684
8752775685
8752775686
8752775683
8752775688
8752775690
8752775691
8752775692
8752906765
8752906766
8752775694
8752775693
8752906769
8752906770
8752906775
8752775708
8752775711
8752775713
8752775714
8752775715
8752775716
8752775717
8752906796
8752906797
8752775725
8752775729
8752775730
8752775731
8752775732
8752775734
8752906813
8752775742
8752906815
8752775743
8752775746
8752906822
8752775755
8752775761
8752775764
8752906838
8752775774
8752906847
8752775776
8752906849
8752775789
8752775791
8752906865
8752906866
8752775795
8752775798
8752775800
8752906878
8752775807
8752775809
8752906882
8752775811
8752775812
8752775814
8752906888
8752775823
8752775824
8752775826
8752775828
8752775829
8752906902
8752775830
8752906907
8752775840
8752775841
8752775842
8752775844
8752906918
8752906920
8752906921
8752775849
8752906924
8752906925
8752775853
8752775855
8752775856
8752775852
8752906937
8752906938
8752775865
8752775868
8752775869
8752906942
8752906943
8752775872
8752775873
8752775874
8752775876
8752906950
8752906951
8752775880
8752775881
8752775879
8752775878
8752775884
8752775885
8752775886
8752775887
8752775889
8752906964
8752906965
8752775896
8752906976
8752775907
8752906980
8752775912
8752775913
8752775914
8752906989
8752775919
8752775922
8752775923
8752775925
8752907006
8752907007
8752907008
8752775937
8752907010
8752907015
8752907023
8752907024
8752775952
8752775951
8752907027
8752775956
8752775957
8752775955
8752775959
8752775967
8752775968
8752775969
8752907043
8752775971
8752907051
8752775980
8752775979
8752775982
8752907055
8752907061
8752775991
8752907065
8752775994
8752907067
8752775993
8752907069
8752776002
8752776004
8752907077
8752907079
8752776008
8752776009
8752907082
8752907091
8752776020
8752776021
8752776022
8752776019
8752907096
8752907099
8752907102
8752776034
8752776035
8752907113
8752907114
8752907115
8752776044
8752776045
8752907118
8752776054
8752907127
8752776055
8752776063
8752776064
8752776066
8752776067
8752907140
8752776068
8752907143
8752776075
8752776076
8752776078
8752776079
8752907157
8752907159
8752776091
8752776092
8752776096
8752776097
8752776098
8752776099
8752776101
8752776102
8752776106
8752907184
8752907185
8752776114
8752776115
8752776116
8752776117
8752776119
8752907194
8752907195
8752907196
8752907197
8752776122
8752776130
8752907203
8752776136
8752907215
8752907218
8752776148
8752776150
8752776151
8752776153
8752907227
8752776156
8752776157
8752776158
8752776155
8752907232
8752776163
8752776164
8752776165
8752776167
8752776176
8752907249
8752907250
8752907260
8752776189
8752907262
8752776188
8752907267
8752776195
8752776197
8752776199
8752776200
8752776207
8752776208
8752907281
8752776211
8752776212
8752776214
8752907287
8752776215
8752776224
8752907297
8752776228
8752776229
8752907302
8752776230
8752776236
8752776238
8752907313
8752907317
8752776246
8752907319
8752776249
8752907322
8752776251
8752776256
8752776257
8752776258
8752907334
8752776262
8752907336
8752776266
8752776268
8752907341
8752907342
8752776271
8752776269
8752776273
8752776274
8752776284
8752776288
8752907362
8752776291
8752776292
8752776293
8752776294
8752776295
8752907374
8752907376
8752776304
8752776306
8752907383
8752907390
8752907391
8752907392
8752776321
8752776323
8752776324
8752907400
8752907402
8752776331
8752776332
8752776330
8752776334
8752776335
8752776336
8752907413
8752776342
8752776343
8752776344
8752776346
8752776347
8752907423
8752776355
8752776357
8752776358
8752776359
8752907433
8752907434
8752776365
8752776367
8752907441
8752776377
8752907450
8752776379
8752776378
8752776382
8752776384
8752907462
8752907464
8752907465
8752776393
8752907467
8752776395
8752776392
8752776405
8752776408
8752776409
8752907483
8752907485
8752776419
8752776420
8752776421
8752907497
8752907498
8752907501
8752907503
8752776437
8752776438
8752907512
8752776440
8752776442
8752776443
8752776444
8752776445
8752776456
8752776458
8752776459
8752776460
8752776462
8752776470
8752776472
8752776473
8752907546
8752776475
8752907549
8752776477
8752907551
8752776485
8752907564
8752907566
8752907567
8752776496
8752776497
8752907571
8752776499
8752907574
8752776506
8752776507
8752776509
8752776513
8752907586
8752907587
8752776515
8752907589
8752776522
8752776524
8752907607
8752907609
8752907610
8752776539
8752907612
8752776538
8752907619
8752776548
8752907621
8752776547
8752907623
8752776557
8752776560
8752776561
8752776562
8752776563
8752907637
8752907642
8752907644
8752776572
8752776580
8752776582
8752776590
8752776592
8752776594
8752776600
8752776601
8752907677
8752907679
8752776609
8752907684
8752907686
8752776614
8752776623
8752776624
8752907697
8752907698
8752776625
8752776629
8752907702
8752907703
8752776631
8752907705
8752907706
8752776630
8752776636
8752776637
8752776638
8752776639
8752776642
8752776643
8752907719
8752776650
8752776651
8752776652
8752776658
8752907732
8752907733
8752776662
8752907737
8752907738
8752776670
8752907744
8752776672
8752776675
8752907753
8752776683
8752776684
8752776686
8752776687
8752776688
8752907767
8752907768
8752907769
8752776699
8752907772
8752776703
8752776704
8752776705
8752776706
8752907782
8752907783
8752776712
8752776711
8752776714
8752907792
8752907794
8752776722
8752776725
8752776735
8752907808
8752776737
8752907810
8752776741
8752907817
8752907819
8752907820
8752776749
8752776748
8752776751
8752776755
8752776760
8752776761
8752776765
8752776768
8752907846
8752776775
8752776776
8752907849
8752776777
8752776774
8752776780
8752907853
8752776781
8752776788
8752776789
8752776790
8752776791
8752776792
8752776794
8752776795
8752907868
8752907869
8752907871
8752907873
8752776801
8752907875
8752776804
8752776805
8752776806
8752776807
8752907888
8752907890
8752776819
8752907892
8752776821
8752776820
8752776824
8752776826
8752907900
8752907901
8752907903
8752776835
8752776837
8752776841
8752907914
8752776845
8752776847
8752907920
8752907921
8752907922
8752776852
8752776860
8752907935
8752776864
8752776865
8752776866
8752776867
8752776869
8752776870
8752776871
8752776875
8752776879
8752907952
8752776880
8752907954
8752907957
8752907958
8752776895
8752907968
8752907969
8752907970
8752776898
8752776900
8752776897
8752776906
8752776908
8752776909
8752776910
8752907984
8752907985
8752776914
8752776912
8752776916
8752776917
8752907990
8752776919
8752907996
8752907997
8752908000
8752908002
8752776931
8752908006
8752776934
8752776937
8752908010
8752776939
8752908012
8752776938
8752776944
8752776945
8752776946
8752776947
8752776948
8752908024
8752776953
8752776954
8752776955
8752908028
8752908034
8752776963
8752776965
8752776972
8752776973
8752908048
8752776977
8752776976
8752776992
8752776994
8752776995
8752908070
8752777002
8752908075
8752908077
8752908078
8752777009
8752777010
8752777016
8752908089
8752908090
8752908091
8752908092
8752777019
8752777018
8752777023
8752908096
8752908097
8752777033
8752777034
8752777037
8752777038
8752777039
8752908114
8752777046
8752777047
8752908121
8752908122
8752908123
8752908124
8752777052
8752777051
8752777049
8752777058
8752777060
8752908137
8752777067
8752777068
8752908141
8752777071
8752777072
8752777074
8752908149
8752908153
8752908154
8752908156
8752908157
8752777086
8752777087
8752777091
8752777092
8752777096
8752777097
8752777098
8752777099
8752908172
8752908173
8752908174
8752741055
8752777111
8752777112
8752777114
8752777115
8752777116
8752777117
8752908193
8752908204
8752908206
8752777143
8752908216
8752908217
8752777145
8752908219
8752908220
8752908221
8752908222
8752777144
8752908224
8752777152
8752777154
8752777156
8752777159
8752777160
8752777162
8752777163
8752777164
8752908238
8752908239
8752777167
8752908241
8752777169
8752777166
8752908251
8752908255
8752777184
8752777185
8752777187
8752908261
8752908271
8752908273
8752777205
8752908288
8752777218
8752777219
8752777220
8752777225
8752908300
8752777228
8752777241
8752908315
8752777243
8752908318
8752908320
8752908322
8752777254
8752777256
8752777258
8752777259
8752777260
8752908333
8752777262
8752908338
8752777267
8752908340
8752908342
8752777270
8752908344
8752777272
8752777274
8752777277
8752777278
8752777279
8752777280
8752777281
8752777284
8752777285
8752908359
8752777287
8752777289
8752777294
8752777295
8752777297
8752777300
8752908377
8752908378
8752777305
8752908381
8752777309
8752777314
8752777318
8752777319
8752777320
8752777321
8752777323
8752777324
8752777325
8752908399
8752777327
8752777336
8752908412
8752908413
8752908414
8752908415
8752777349
8752777350
8752777351
8752777354
8752777356
8752777363
8752777371
8752908445
8752908449
8752908451
8752777382
8752777385
8752777386
8752908459
8752908463
8752777395
8752777397
8752777399
8752777400
8752908475
8752777408
8752908482
8752777411
8752777412
8752908486
8752777414
8752908488
8752908504
8752908506
8752777437
8752777438
8752908515
8752908518
8752777447
8752908520
8752908521
8752777449
8752777448
8752777452
8752777455
8752777456
8752777458
8752777460
8752777461
8752908534
8752908535
8752908536
8752777465
8752777466
8752777463
8752777462
8752908542
8752777473
8752777474
8752777483
8752777485
8752908558
8752908561
8752908562
8752908563
8752908564
8752908565
8752777493
8752777492
8752777490
8752908569
8752777498
8752777506
8752908579
8752908580
8752777510
8752777511
8752777512
8752908585
8752908586
8752777515
8752777516
8752777517
8752908597
8752777526
8752908599
8752908600
8752777529
8752777528
8752777527
8752908609
8752777537
8752777539
8752777540
8752777542
8752777543
8752777544
8752777547
8752908620
8752777548
8752777558
8752777559
8752908632
8752908634
8752908635
8752908638
8752777569
8752777573
8752777574
8752777575
8752777581
8752777584
8752777586
8752777592
8752777594
8752777595
8752908669
8752777608
8752908682
8752741156
8752777615
8752777617
8752777619
8752777621
8752908695
8752777626
8752777627
8752777628
8752908705
8752777635
8752908708
8752777637
8752777638
8752777639
8752777641
8752777642
8752777643
8752777647
8752777648
8752777650
8752777651
8752777652
8752777653
8752777654
8752777656
8752908729
8752908732
8752777660
8752777663
8752908742
8752777673
8752777674
8752777675
8752777676
8752777678
8752777684
8752777685
8752777690
8752908763
8752777699
8752777702
8752777703
8752777704
8752777706
8752908779
8752908780
8752908782
8752777713
8752777714
8752908789
8752777718
8752777717
8752908792
8752777720
8752908801
8752908804
8752908806
8752777734
8752908809
8752777737
8752908813
8752777747
8752908822
8752908823
8752777755
8752777756
8752777759
8752777760
8752908836
8752908837
8752908838
8752777767
8752777768
8752777770
8752777779
8752777780
8752777781
8752777782
8752908855
8752777784
8752908857
8752777783
8752908859
8752908861
8752777795
8752777797
8752777798
8752908871
8752777800
8752908874
8752908876
8752777813
8752777814
8752777817
8752908891
8752908892
8752908893
8752777819
8752777828
8752908905
8752777833
8752908908
8752777836
8752777844
8752777845
8752777846
8752777847
8752908925
8752777853
8752908927
8752908928
8752908929
8752908930
8752777855
8752777861
8752777864
8752908945
8752777874
8752908947
8752777879
8752777886
8752908959
8752908962
8752777893
8752908966
8752777894
8752908975
8752777904
8752908977
8752777905
8752777907
8752908980
8752908981
8752777909
8752908983
8752777912
8752908985
8752908986
8752777914
8752908988
8752777917
8752777918
8752777919
8752777916
8752777913
8752777924
8752777925
8752909001
8752777931
8752777933
8752777939
8752777942
8752777943
8752777945
8752909022
8752909023
8752909024
8752777951
8752777954
8752777955
8752767275
8752777958
8752909036
8752909037
8752777966
8752777967
8752777965
8752777969
8752909045
8752909049
8752777978
8752777979
8752777980
8752777981
8752777983
8752777984
8752777985
8752777990
8752777992
8752777993
8752777994
8752777995
8752909068
8752777996
8752909070
8752909071
8752777998
8752909073
8752909074
8752778005
8752778006
8752778009
8752778012
8752909085
8752909089
8752778018
8752778019
8752778017
8752778021
8752778022
8752778025
8752909100
8752909103
8752778041
8752909114
8752909115
8752778042
8752778048
8752778049
8752909128
8752778058
8752778060
8752778061
8752778062
8752909135
8752778063
8752909137
8752778069
8752778070
8752778073
8752778085
8752909158
8752909159
8752909160
8752778088
8752778087
8752778086
8752741251
8752778094
8752909168
8752778097
8752778098
8752778099
8752778100
8752909173
8752778096
8752909175
8752778109
8752778114
8752778119
8752778122
8752778125
8752778126
8752778127
8752778134
8752778136
8752778137
8752909210
8752778139
8752778138
8752909215
8752909218
8752778147
8752778148
8752909221
8752909222
8752778149
8752778158
8752778159
8752909235
8752778164
8752778166
8752778167
8752778168
8752778169
8752909250
8752778179
8752909252
8752778183
8752909257
8752778190
8752778191
8752909264
8752909265
8752778194
8752909267
8752909268
8752778193
8752909271
8752909273
8752778202
8752778205
8752778206
8752778215
8752909290
8752778221
8752778223
8752778224
8752778233
8752778234
8752909307
8752909309
8752909310
8752778238
8752909318
8752778247
8752778254
8752778259
8752778262
8752778263
8752909354
8752778282
8752909356
8752778284
8752778287
8752909361
8752778297
8752778298
8752778299
8752778300
8752909373
8752909375
8752909380
8752909385
8752778315
8752778317
8752778318
8752778323
8752909396
8752909397
8752778325
8752778324
8752909401
8752778330
8752909403
8752778331
8752909405
8752778329
8752909408
8752778337
8752778338
8752909411
8752778336
8752778341
8752778342
8752909419
8752778348
8752778349
8752778350
8752778351
8752778354
8752909427
8752778356
8752778357
8752909431
8752909437
8752909438
8752778376
8752909449
8752778377
8752909451
8752778380
8752778381
8752909455
8752909459
8752778390
8752778391
8752778392
8752778393
8752778398
8752778399
8752778400
8752778401
8752909474
8752909477
8752778406
8752778407
8752778411
8752778414
8752778415
8752778416
8752778418
8752778419
8752778420
8752909493
8752909494
8752778437
8752909515
8752909516
8752778444
8752778446
8752909523
8752778455
8752909535
8752778465
8752778466
8752909539
8752778468
8752909541
8752778469
8752778471
8752909549
8752909550
8752778480
8752778481
8752778482
8752778485
8752909564
8752909565
8752778496
8752778497
8752778498
8752909577
8752778507
8752778510
8752778511
8752909584
8752778513
8752778515
8752778522
8752778524
8752778527
8752778529
8752778530
8752778531
8752909604
8752778532
8752778538
8752778541
8752909614
8752778542
8752778554
8752778556
8752778558
8752778569
8752778571
8752778572
8752909646
8752778576
8752909650
8752909651
8752778580
8752778578
8752778588
8752909661
8752778589
8752909663
8752778598
8752778600
8752778602
8752778603
8752909678
8752778610
8752778612
8752909686
8752778618
8752778620
8752778621
8752778622
8752778624
8752909698
8752778636
8752778637
8752778638
8752778639
8752909714
8752909718
8752909720
8752778656
8752778658
8752778660
8752778663
8752909742
8752909747
8752909749
8752778677
8752909751
8752909752
8752778681
8752778680
8752909755
8752778679
8752778686
8752778687
8752778692
8752778699
8752778700
8752778701
8752909778
8752909783
8752778712
8752778713
8752778711
8752778717
8752778718
8752778719
8752778720
8752778721
8752778722
8752909796
8752909802
8752778731
8752778732
8752778730
8752778734
8752778735
8752778737
8752778738
8752778739
8752909814
8752909821
8752909823
8752778752
8752778754
8752778755
8752909831
8752909832
8752909836
8752778765
8752778767
8752778773
8752778774
8752909848
8752778777
8752909850
8752909852
8752778785
8752909858
8752778786
8752909866
8752778795
8752909869
8752778798
8752909871
8752778800
8752778799
8752778802
8752778809
8752909883
8752909884
8752778813
8752778814
8752778816
8752778818
8752778820
8752778821
8752909896
8752909900
8752778829
8752909902
8752778830
8752909905
8752909906
8752778833
8752778838
8752909916
8752909918
8752778849
8752778852
8752778853
8752778856
8752778857
8752778858
8752909933
8752909934
8752909935
8752778864
8752909937
8752778863
8752909944
8752778872
8752778874
8752778875
8752778876
8752909957
8752778886
8752778887
8752778885
8752909962
8752778900
8752909976
8752909979
8752909980
8752909982
8752778911
8752778912
8752778910
8752778915
8752778916
8752778918
8752778919
8752909993
8752778926
8752778927
8752778931
8752778932
8752778947
8752910020
8752778948
8752778950
8752910023
8752778952
8752910025
8752910026
8752778951
8752778961
8752778964
8752910045
8752778977
8752910057
8752910060
8752778989
8752778991
8752778992
8752778996
8752778999
8752910073
8752910075
8752910076
8752910078
8752910080
8752779008
8752910090
8752779019
8752910092
8752910093
8752779020
8752779023
8752779024
8752779033
8752910106
8752910107
8752779036
8752779037
8752779038
8752910113
8752910118
8752779049
8752779050
8752910125
8752779055
8752779057
8752779058
8752910133
8752779062
8752779063
8752910136
8752779064
8752910138
8752910139
8752779066
8752779061
8752779070
8752779071
8752779072
8752779073
8752779077
8752779078
8752910155
8752779087
8752910160
8752779091
8752779093
8752910166
8752779098
8752779099
8752910172
8752779100
8752779102
8752779111
8752910184
8752910186
8752779114
8752910188
8752779116
8752910192
8752910193
8752779124
8752779127
8752779128
8752779129
8752779132
8752779139
8752910213
8752779142
8752779143
8752779147
8752779148
8752779149
8752779150
8752779163
8752910237
8752779169
8752779171
8752910244
8752910246
8752910248
8752910249
8752910250
8752779179
8752779177
8752779188
8752910261
8752779190
8752910263
8752910267
8752910270
8752779204
8752779206
8752779207
8752910280
8752910281
8752779208
8752779213
8752779218
8752779219
8752779221
8752779222
8752779223
8752910296
8752910297
8752910299
8752779229
8752779230
8752779239
8752779240
8752779249
8752779250
8752910323
8752910325
8752779257
8752779258
8752779265
8752910343
8752910344
8752779273
8752779274
8752910347
8752779276
8752779275
8752779278
8752779279
8752779272
8752910356
8752779290
8752779291
8752910364
8752779297
8752779299
8752910374
8752910376
8752779306
8752779307
8752779310
8752779312
8752910387
8752779321
8752779322
8752779325
8752779326
8752779329
8752910402
8752779331
8752779332
8752779330
8752910406
8752779341
8752910414
8752779345
8752779351
8752779354
8752779356
8752779359
8752779361
8752779362
8752779363
8752910438
8752779366
8752910440
8752910441
8752910442
8752779372
8752779374
8752779376
8752910449
8752779378
8752779377
8752910452
8752779384
8752779385
8752779386
8752910463
8752779394
8752779395
8752779396
8752779403
8752779406
8752779419
8752779420
8752779421
8752779422
8752779423
8752779427
8752779428
8752779436
8752779438
8752779440
8752779441
8752779450
8752779453
8752910527
8752779455
8752779462
8752779465
8752779471
8752779472
8752779473
8752779476
8752910555
8752910556
8752779485
8752779486
8752779484
8752779488
8752779489
8752910564
8752779495
8752779496
8752910570
8752779499
8752779498
8752910574
8752910575
8752910584
8752779513
8752779514
8752779512
8752779516
8752779518
8752779519
8752779522
8752779524
8752910601
8752910602
8752779533
8752779534
8752779536
8752779538
8752779546
8752779547
8752779548
8752779554
8752779555
8752910628
8752910629
8752779557
8752779556
8752910633
8752779561
8752910638
8752779568
8752779569
8752910642
8752779570
8752910657
8752910660
8752910661
8752779590
8752779591
8752779592
8752779593
8752779594
8752779589
8752779599
8752779603
8752779604
8752910677
8752779606
8752779605
8752779622
8752910698
8752910701
8752910702
8752779631
8752779641
8752910715
8752910716
8752779648
8752910721
8752779652
8752779653
8752779654
8752910727
8752779655
8752779663
8752779667
8752910740
8752910742
8752910743
8752910745
8752910747
8752779679
8752910757
8752910761
8752910770
8752779698
8752779700
8752779702
8752779703
8752910781
8752779710
8752910783
8752910784
8752779713
8752779712
8752779711
8752910788
8752779720
8752779726
8752910805
8752779737
8752779739
8752779740
8752779742
8752779744
8752779750
8752779752
8752779753
8752779759
8752910835
8752779763
8752910837
8752779775
8752779776
8752910854
8752779783
8752910856
8752779782
8752779787
8752779788
8752779789
8752779791
8752779792
8752779793
8752779794
8752910867
8752779795
8752910873
8752910876
8752779805
8752779804
8752910884
8752779813
8752910886
8752779815
8752779816
8752910889
8752779818
8752779819
8752779825
8752779826
8752779828
8752779829
8752910903
8752910904
8752779832
8752779834
8752779831
8752779845
8752779846
8752779847
8752779849
8752910922
8752779851
8752910924
8752779850
8752910926
8752779857
8752779858
8752779859
8752779862
8752779863
8752779864
8752779866
8752779867
8752779873
8752779874
8752779875
8752779876
8752910949
8752779878
8752779879
8752779880
8752779881
8752910955
8752779885
8752779890
8752779893
8752910967
8752910968
8752910969
8752779898
8752779899
8752779895
8752779908
8752910984
8752910986
8752779915
8752910988
8752779914
8752910990
8752779919
8752910992
8752779922
8752911010
8752779939
8752779941
8752911019
8752911022
8752911023
8752779950
8752911025
8752911026
8752779954
8752779953
8752779966
8752911040
8752779972
8752779973
8752779974
8752779976
8752779977
8752911050
8752911052
8752911054
8752911058
8752779987
8752779988
8752779990
8752779991
8752779992
8752779994
8752911067
8752911068
8752779995
8752780004
8752780007
8752911088
8752911094
8752780023
8752780025
8752780026
8752780027
8752780030
8752780031
8752911107
8752911110
8752780040
8752780042
8752780049
8752780050
8752780051
8752911124
8752780053
8752780054
8752780055
8752780052
8752911131
8752911136
8752780065
8752911138
8752780066
8752780064
8752911141
8752741644
8752911143
8752911144
8752911145
8752780074
8752780075
8752911148
8752780076
8752780078
8752780073
8752780072
8752741646
8752911157
8752780085
8752780087
8752780088
8752780089
8752780091
8752780092
8752780093
8752780099
8752780100
8752911178
8752780111
8752780112
8752911187
8752780119
8752911192
8752780120
8752780123
8752780131
8752780132
8752780137
8752780140
8752780141
8752911214
8752780143
8752911223
8752780151
8752780153
8752780155
8752780158
8752911236
8752780165
8752780167
8752780168
8752780169
8752780170
8752780171
8752780173
8752780174
8752780179
8752780182
8752780189
8752780194
8752780195
8752780197
8752780202
8752780203
8752780205
8752911278
8752780207
8752911280
8752780208
8752780206
8752780214
8752780215
8752911289
8752780217
8752780219
8752780220
8752911293
8752911295
8752780224
8752780225
8752780226
8752780227
8752780228
8752780229
8752780231
8752911310
8752911311
8752780239
8752780241
8752780242
8752780243
8752911316
8752780245
8752780246
8752911319
8752780250
8752780256
8752780257
8752780261
8752780262
8752780263
8752780264
8752911337
8752780265
8752780273
8752780274
8752780276
8752780277
8752780279
8752780285
8752780286
8752780288
8752780293
8752911372
8752911373
8752911374
8752911375
8752780304
8752780303
8752780306
8752780312
8752780313
8752780316
8752780318
8752780319
8752780325
8752780327
8752780328
8752780329
8752780337
8752911412
8752911413
8752780343
8752911424
8752911426
8752911427
8752780356
8752911429
8752911437
8752780366
8752911439
8752911440
8752780369
8752780367
8752780371
8752911444
8752780372
8752780374
8752780386
8752780389
8752780390
8752780391
8752780392
8752780393
8752911470
8752780399
8752780400
8752780401
8752780402
8752780398
8752780409
8752780411
8752780412
8752780413
8752911489
8752780419
8752911492
8752780420
8752911499
8752780427
8752780436
8752780437
8752780438
8752911518
8752780447
8752780449
8752780459
8752780462
8752780471
8752780472
8752911545
8752780473
8752911553
8752780481
8752780483
8752911556
8752780485
8752780486
8752780487
8752780488
8752780484
8752911567
8752911568
8752780499
8752780502
8752780503
8752911579
8752911591
8752780519
8752911594
8752911596
8752911605
8752911607
8752911608
8752911609
8752780538
8752780539
8752911612
8752780541
8752780542
8752911615
8752780543
8752780540
8752780537
8752911625
8752911627
8752911632
8752780561
8752780563
8752780564
8752780565
8752780566
8752780567
8752780568
8752780574
8752780575
8752780577
8752911650
8752780580
8752911654
8752911657
8752780589
8752780593
8752780594
8752780595
8752780600
8752911677
8752780606
8752780607
8752780608
8752780609
8752780610
8752780611
8752780612
8752780615
8752780626
8752911701
8752911705
8752780640
8752780641
8752780643
8752780644
8752911723
8752780653
8752780654
8752780655
8752911733
8752780662
8752780672
8752780675
8752780683
8752780686
8752780695
8752780697
8752780698
8752780699
8752911772
8752780704
8752780705
8752780706
8752780707
8752780709
8752780710
8752780712
8752780713
8752780716
8752780717
8752780723
8752780724
8752911797
8752780726
8752780727
8752780725
8752780737
8752780738
8752780739
8752780740
8752911821
8752780754
8752780755
8752911828
8752780756
8752780761
8752780762
8752780763
8752780764
8752780765
8752911838
8752911839
8752780766
8752911841
8752780772
8752780777
8752911854
8752780783
8752780782
8752780792
8752780795
8752780796
8752780797
8752780799
8752911876
8752911878
8752780808
8752780809
8752911883
8752911884
8752780812
8752780811
8752780821
8752780822
8752780824
8752780825
8752780826
8752911901
8752780830
8752780831
8752780838
8752911911
8752780840
8752911918
8752911919
8752911920
8752780849
8752780848
8752911923
8752780855
8752911928
8752780857
8752780856
8752780868
8752911942
8752780870
8752911947
8752780882
8752780883
8752911957
8752780885
8752911961
8752780892
8752780894
8752780895
8752911972
8752780908
8752780910
8752780912
8752780915
8752780919
8752911992
8752780921
8752780920
8752911995
8752912001
8752912003
8752780931
8752780936
8752912011
8752780941
8752780948
8752780949
8752780950
8752780954
8752780955
8752780961
8752780962
8752780963
8752780964
8752780966
8752780967
8752780969
8752780971
8752912044
8752780973
8752780972
8752780979
8752912053
8752912054
8752780982
8752780992
8752780994
8752912072
8752781005
8752912080
8752781009
8752781008
8752781011
8752781012
8752781023
8752781024
8752781034
8752781036
8752912112
8752781043
8752781044
8752781047
8752781048
8752781049
8752912122
8752781051
8752781052
8752912125
8752781053
8752781050
8752781064
8752781065
8752781067
8752781072
8752781074
8752781075
8752781076
8752781077
8752912153
8752781083
8752781086
8752912162
8752781096
8752781097
8752912170
8752781098
8752912172
8752781102
8752912182
8752781112
8752912185
8752912187
8752781116
8752781115
8752912204
8752912206
8752781135
8752912208
8752781136
8752781150
8752781153
8752781155
8752912232
8752912233
8752781162
8752781163
8752781161
8752781165
8752781166
8752781168
8752781172
8752781173
8752912250
8752781178
8752912254
8752781183
8752781182
8752781191
8752781193
8752912268
8752781203
8752912276
8752781205
8752912278
8752781207
8752781208
8752912282
8752781210
8752781214
8752781224
8752781225
8752781226
8752781232
8752781233
8752781234
8752912307
8752912308
8752781237
8752912310
8752781239
8752781238
8752781235
8752912323
8752781252
8752781251
8752781254
8752781255
8752781256
8752781257
8752912338
8752781267
8752781269
8752912343
8752912345
8752912348
8752912349
8752912361
8752781290
8752781289
8752912368
8752781298
8752781300
8752781301
8752912379
8752912381
8752781310
8752912383
8752912384
8752781312
8752781311
8752781309
8752781320
8752781323
8752781332
8752781333
8752781334
8752781344
8752781345
8752781346
8752912421
8752781350
8752781352
8752781353
8752781354
8752781355
8752781357
8752781358
8752912432
8752912433
8752912434
8752781372
8752781373
8752781381
8752781383
8752781395
8752912470
8752912471
8752781401
8752912474
8752781403
8752781402
8752781405
8752781408
8752781412
8752781413
8752781417
8752781418
8752912493
8752912496
8752912497
8752912498
8752781426
8752781424
8752912501
8752781432
8752912513
8752912515
8752781443
8752912518
8752912519
8752912520
8752781448
8752781450
8752781446
8752781454
8752781455
8752781456
8752781457
8752781458
8752781459
8752781464
8752781465
8752781466
8752781467
8752912544
8752912546
8752912547
8752781475
8752912549
8752781480
8752781482
8752912557
8752912558
8752912559
8752781485
8752912563
8752781491
8752781493
8752781496
8752781497
8752781498
8752781500
8752781501
8752781502
8752781503
8752912577
8752912579
8752912582
8752912584
8752781516
8752781517
8752781519
8752781526
8752781527
8752781529
8752781530
8752781531
8752781544
8752912620
8752912621
8752912622
8752781551
8752781552
8752781553
8752781554
8752781555
8752781570
8752781571
8752781572
8752912646
8752781576
8752781577
8752781578
8752912656
8752781585
8752781586
8752781587
8752781588
8752781592
8752781593
8752781594
8752912669
8752781600
8752781603
8752781604
8752781605
8752912678
8752781606
8752912684
8752781612
8752781614
8752781615
8752912688
8752912694
8752912695
8752781623
8752781628
8752912701
8752912702
8752781630
8752781632
8752781640
8752912722
8752781652
8752781658
8752781665
8752781666
8752781667
8752912740
8752781669
8752912742
8752781668
8752781676
8752781677
8752781678
8752912758
8752781693
8752781694
8752781696
8752912769
8752781697
8752781699
8752781704
8752781705
8752781707
8752781708
8752781710
8752781711
8752781712
8752781725
8752781726
8752912801
8752912802
8752781731
8752912804
8752781733
8752781729
8752912810
8752781739
8752912812
8752781738
8752781758
8752781760
8752912833
8752781762
8752781764
8752781765
8752781766
8752781767
8752781768
8752768033
8752781770
8752781772
8752781773
8752781774
8752781780
8752781781
8752781782
8752781783
8752781784
8752781785
8752781786
8752912859
8752781787
8752781792
8752781794
8752912867
8752781795
8752781798
8752781802
8752781805
8752781808
8752781820
8752781821
8752781822
8752781823
8752781827
8752781828
8752781829
8752781830
8752912903
8752781833
8752781835
8752781837
8752912915
8752781844
8752781846
8752781852
8752781858
8752781860
8752781861
8752781863
8752912941
8752781871
8752781872
8752781874
8752781875
8752781876
8752912949
8752781881
8752781886
8752781892
8752781897
8752781898
8752912976
8752781908
8752781909
8752912982
8752912986
8752912987
8752912989
8752781920
8752781925
8752781926
8752781927
8752781928
8752781930
8752913007
8752913010
8752781939
8752781938
8752781942
8752913019
8752781948
8752781947
8752913022
8752781950
8752781960
8752781961
8752913034
8752781962
8752781967
8752781968
8752781969
8752781971
8752781972
8752781974
8752913049
8752913051
8752781982
8752781983
8752913065
8752781994
8752781995
8752913068
8752781996
8752782001
8752782003
8752782012
8752782014
8752782015
8752782019
8752782026
8752913099
8752782028
8752913101
8752913102
8752782029
8752782032
8752782033
8752782027
8752913111
8752913114
8752913115
8752782047
8752782052
8752782053
8752782054
8752913128
8752913129
8752913130
8752782060
8752913147
8752782076
8752913150
8752782078
8752913152
8752782081
8752782082
8752782083
8752782084
8752913157
8752782085
8752913161
8752782093
8752782094
8752782095
8752782096
8752913169
8752782098
8752782100
8752782101
8752913177
8752782108
8752782109
8752782116
8752782119
8752913193
8752782122
8752782123
8752782125
8752782138
8752782139
8752913213
8752782146
8752782147
8752782148
8752913221
8752782150
8752782154
8752913227
8752782160
8752782162
8752782167
8752782176
8752782178
8752782180
8752782181
8752782182
8752913261
8752913262
8752782191
8752782189
8752782194
8752782198
8752913281
8752782209
8752782211
8752782213
8752782214
8752782220
8752782221
8752782222
8752782223
8752782235
8752782236
8752913309
8752782243
8752782244
8752782253
8752782255
8752913329
8752913331
8752782262
8752782263
8752782264
8752782265
8752782267
8752782268
8752782270
8752782271
8752782272
8752913346
8752913351
8752913354
8752782287
8752782289
8752913363
8752782299
8752782301
8752913380
8752782310
8752782313
8752782314
8752782315
8752913391
8752782325
8752782326
8752782331
8752782332
8752782334
8752782335
8752782336
8752782337
8752913412
8752782341
8752782350
8752782351
8752782352
8752913425
8752782354
8752782355
8752782356
8752782357
8752782358
8752913436
8752782365
8752782366
8752913443
8752782375
8752782376
8752782378
8752782379
8752782380
8752782392
8752782394
8752913467
8752782396
8752782395
8752782398
8752782399
8752913480
8752782409
8752913484
8752782412
8752782424
8752782425
8752782426
8752782436
8752782437
8752782438
8752782439
8752913512
8752782443
8752782444
8752913517
8752913519
8752782448
8752913528
8752913529
8752782463
8752782465
8752913541
8752913542
8752782472
8752782473
8752782476
8752782477
8752782486
8752782487
8752782489
8752913562
8752913563
8752913564
8752913572
8752782500
8752782506
8752913580
8752913581
8752782509
8752782511
8752782517
8752782520
8752913597
8752782532
8752782533
8752913608
8752782537
8752782538
8752782536
8752782541
8752782550
8752782552
8752782555
8752782557
8752782562
8752782564
8752782565
8752782573
8752782574
8752782575
8752782579
8752782580
8752782589
8752913662
8752782593
8752782597
8752782598
8752782608
8752913684
8752782617
8752782618
8752782624
8752782625
8752782626
8752782628
8752782632
8752782633
8752913709
8752913712
8752782650
8752782651
8752913729
8752913730
8752782657
8752782660
8752913734
8752913735
8752782664
8752913737
8752782665
8752782667
8752782674
8752913747
8752782675
8752782684
8752913757
8752782685
8752782694
8752782697
8752782698
8752782707
8752913781
8752782710
8752782709
8752782713
8752913787
8752913788
8752782726
8752782727
8752913801
8752782731
8752782732
8752782733
8752782734
8752782738
8752782740
8752782745
8752782747
8752913823
8752782752
8752913825
8752782754
8752782755
8752782753
8752782757
8752782758
8752782759
8752782761
8752913837
8752913842
8752782780
8752782783
8752782784
8752782790
8752913867
8752913872
8752782801
8752913874
8752913875
8752782804
8752782802
8752782800
8752913889
8752782817
8752782819
8752913896
8752782826
8752782828
8752782831
8752782833
8752782836
8752913910
8752782840
8752782844
8752782845
8752913920
8752782850
8752782851
8752782852
8752782853
8752782854
8752782856
8752782857
8752782863
8752782865
8752782867
8752782868
8752782869
8752782870
8752782878
8752782879
8752782880
8752913957
8752782888
8752782889
8752782890
8752913964
8752782897
8752782902
8752782903
8752913977
8752782905
8752782908
8752782909
8752782915
8752782916
8752782917
8752782918
8752782919
8752782921
8752782922
8752782924
8752914000
8752914001
8752782930
8752782942
8752782943
8752782945
8752914026
8752914027
8752782956
8752782965
8752782966
8752782973
8752782974
8752782976
8752782977
8752782980
8752782981
8752914055
8752914070
8752914072
8752914073
8752783005
8752783007
8752783008
8752783010
8752783020
8752783022
8752914096
8752783028
8752914103
8752783032
8752783033
8752783034
8752783040
8752783041
8752783045
8752783046
8752914121
8752783051
8752783052
8752783065
8752783066
8752783067
8752783069
8752783074
8752914147
8752914148
8752783077
8752783078
8752914155
8752783090
8752783091
8752783092
8752783093
8752783099
8752783100
8752914174
8752783102
8752914176
8752914177
8752783112
8752783113
8752783114
8752783115
8752783116
8752783119
8752783121
8752783123
8752783124
8752783128
8752783129
8752783131
8752783136
8752783137
8752914212
8752783141
8752783143
8752783144
8752914219
8752783149
8752914223
8752783152
8752914225
8752783154
8752783156
8752914236
8752783167
8752914240
8752783171
8752783172
8752783173
8752783174
8752783175
8752783180
8752914255
8752783183
8752914260
8752783190
8752783191
8752783193
8752914270
8752783199
8752914272
8752914277
8752783206
8752783218
8752783219
8752783220
8752783222
8752783228
8752914302
8752783232
8752783233
8752783234
8752783243
8752783245
8752783246
8752783247
8752914324
8752783254
8752914329
8752914330
8752783263
8752783264
8752783266
8752914340
8752783268
8752783272
8752783274
8752783281
8752783282
8752914355
8752783283
8752783286
8752783294
8752914370
8752914371
8752783304
8752783305
8752783306
8752914386
8752783316
8752783317
8752783320
8752783321
8752914399
8752914400
8752783328
8752783330
8752783331
8752783333
8752783334
8752783342
8752783343
8752783345
8752783348
8752783350
8752783360
8752783364
8752914438
8752783371
8752783373
8752783374
8752783375
8752914451
8752783383
8752783385
8752783387
8752783395
8752914468
8752783396
8752783415
8752783416
8752783417
8752783425
8752914498
8752783427
8752783429
8752914506
8752783435
8752783436
8752783438
8752783440
8752783441
8752914521
8752914525
8752783454
8752783455
8752783458
8752783459
8752783460
8752783461
8752783463
8752914540
8752783471
8752914545
8752783475
8752783476
8752914550
8752783482
8752783485
8752914560
8752914566
8752783495
8752783498
8752783499
8752783507
8752914580
8752783509
8752914587
8752914588
8752783515
8752914590
8752914591
8752783520
8752783519
8752783522
8752783531
8752783533
8752783534
8752783542
8752783543
8752783546
8752914621
8752783550
8752783551
8752783552
8752914627
8752914631
8752783559
8752783561
8752783562
8752914640
8752783576
8752914662
8752914663
8752783591
8752783598
8752914671
8752783599
8752783601
8752914676
8752783605
8752783604
8752783607
8752783614
8752783617
8752783623
8752914696
8752783625
8752783627
8752783628
8752783629
8752783637
8752783640
8752783641
8752914716
8752783644
8752783646
8752783651
8752783652
8752783653
8752914732
8752783661
8752783662
8752783663
8752783664
8752783667
8752783672
8752783674
8752783675
8752783676
8752914752
8752914755
8752783686
8752914759
8752783687
8752914761
8752783690
8752783700
8752914775
8752783708
8752914782
8752783710
8752783712
8752783717
8752783718
8752783719
8752783726
8752783728
8752783729
8752914804
8752783733
8752783735
8752914818
8752783747
8752783748
8752914821
8752914822
8752783751
8752783752
8752783753
8752783754
8752783750
8752783749
8752914829
8752783758
8752783759
8752783760
8752914833
8752783768
8752783769
8752783770
8752914852
8752914853
8752783785
8752783786
8752783787
8752783788
8752783790
8752914865
8752914866
8752914867
8752783799
8752914872
8752914873
8752783802
8752783803
8752783804
8752783805
8752783806
8752914884
8752783814
8752783815
8752783816
8752783827
8752783829
8752914904
8752914910
8752783838
8752783841
8752783850
8752783852
8752783853
8752783866
8752783867
8752783868
8752783869
8752783870
8752768452
8752783882
8752783890
8752783892
8752783893
8752914967
8752783903
8752783904
8752783907
8752783908
8752914983
8752783920
8752783923
8752914996
8752783925
8752783926
8752783934
8752783935
8752783937
8752783938
8752783944
8752783945
8752783947
8752783948
8752783949
8752783950
8752915027
8752915030
8752783959
8752783960
8752783958
8752915044
8752915046
8752783982
8752783985
8752783989
8752915063
8752784005
8752784007
8752784008
8752784010
8752915088
8752784017
8752784020
8752915098
8752784026
8752784028
8752784029
8752784031
8752784033
8752784034
8752784035
8752784036
8752784037
8752784040
8752784041
8752784042
8752915115
8752784047
8752784055
8752784056
8752784061
8752784063
8752784064
8752784069
8752784070
8752784072
8752784073
8752784074
8752784081
8752784082
8752784089
8752784091
8752784093
8752784094
8752784095
8752784099
8752784100
8752915177
8752915179
8752915182
8752784112
8752784114
8752784115
8752784117
8752784118
8752915194
8752784126
8752784129
8752784130
8752784140
8752784141
8752915216
8752784147
8752784148
8752784149
8752784150
8752784151
8752784152
8752784159
8752784161
8752784162
8752915235
8752784163
8752784165
8752915240
8752784168
8752915243
8752784179
8752784183
8752784184
8752784187
8752915265
8752784194
8752784195
8752784196
8752784197
8752784193
8752915271
8752784200
8752784201
8752784205
8752784207
8752784210
8752915287
8752784219
8752915293
8752784222
8752784223
8752784224
8752784225
8752784221
8752915301
8752784234
8752784236
8752784241
8752784243
8752784244
8752784255
8752784256
8752784257
8752784259
8752784260
8752784265
8752915339
8752784268
8752784267
8752784275
8752915348
8752784276
8752784278
8752784282
8752784283
8752784284
8752784286
8752784287
8752784288
8752915361
8752784290
8752784291
8752915364
8752915369
8752784303
8752784305
8752784317
8752784318
8752784319
8752784321
8752784325
8752784327
8752784336
8752915412
8752784346
8752784348
8752915423
8752784352
8752784353
8752915426
8752784355
8752784354
8752784351
8752784358
8752784364
8752784365
8752784366
8752784367
8752784368
8752784374
8752784376
8752784377
8752784378
8752784379
8752784393
8752784394
8752915467
8752784396
8752784397
8752784395
8752784399
8752784401
8752784402
8752784406
8752784408
8752784409
8752784410
8752784411
8752784412
8752784413
8752784414
8752915491
8752784421
8752784422
8752784424
8752784425
8752784427
8752784428
8752784429
8752915502
8752784433
8752784434
8752784435
8752784438
8752784439
8752784453
8752915526
8752784455
8752784454
8752784459
8752784460
8752784461
8752784462
8752915535
8752784464
8752915540
8752784474
8752784475
8752784477
8752784478
8752915551
8752784484
8752784485
8752784487
8752784489
8752784490
8752784492
8752915566
8752915568
8752742524
8752784499
8752784500
8752784503
8752915577
8752784510
8752784514
8752915591
8752915593
8752784524
8752784525
8752784527
8752784530
8752784531
8752915607
8752915611
8752784539
8752784542
8752915615
8752784552
8752784553
8752784554
8752915629
8752915632
8752784560
8752784563
8752915636
8752784565
8752784564
8752784578
8752784579
8752784581
8752784582
8752784583
8752784585
8752784596
8752784597
8752784598
8752784601
8752784607
8752784611
8752915686
8752784615
8752784614
8752915689
8752784622
8752784623
8752784627
8752784633
8752784634
8752784636
8752784641
8752784642
8752784643
8752784644
8752915721
8752784649
8752915723
8752784651
8752784659
8752784661
8752915734
8752784662
8752784664
8752784666
8752784669
8752784679
8752784680
8752784682
8752915758
8752915764
8752784695
8752784703
8752784704
8752784707
8752784708
8752784709
8752784714
8752915787
8752784718
8752784719
8752784723
8752915804
8752784733
8752784734
8752784735
8752915810
8752784739
8752784740
8752784738
8752915818
8752784750
8752784751
8752784763
8752915843
8752784772
8752915846
8752915847
8752784776
8752784774
8752915854
8752784783
8752784784
8752784791
8752784793
8752784794
8752915873
8752784803
8752784804
8752784807
8752784808
8752784809
8752784810
8752915891
8752784820
8752784821
8752784822
8752915897
8752784825
8752784833
8752784837
8752784838
8752784839
8752784840
8752784841
8752784842
8752915920
8752784849
8752784850
8752915928
8752784857
8752784856
8752784866
8752784867
8752784871
8752784872
8752784873
8752784875
8752784876
8752784877
8752784879
8752784881
8752915954
8752784882
8752915958
8752784891
8752784892
8752915965
8752915966
8752784893
8752784904
8752784906
8752784912
8752784913
8752784915
8752784916
8752915994
8752784928
8752784930
8752784931
8752784932
8752916009
8752784937
8752784939
8752916012
8752784941
8752784944
8752784945
8752784946
8752916022
8752784952
8752784953
8752784954
8752784964
8752784965
8752784970
8752784972
8752784982
8752784983
8752784985
8752784987
8752916065
8752784994
8752784995
8752784993
8752784997
8752785002
8752785003
8752785005
8752916078
8752785006
8752785008
8752785010
8752785011
8752785016
8752785017
8752785021
8752785022
8752785023
8752785025
8752785026
8752785036
8752785037
8752916110
8752785039
8752785040
8752785044
8752785045
8752785046
8752785047
8752785048
8752916127
8752785056
8752785058
8752785059
8752785060
8752785063
8752916137
8752785071
8752785072
8752916150
8752785078
8752785084
8752785087
8752916167
8752785101
8752785103
8752785104
8752785106
8752916180
8752916185
8752785118
8752785119
8752916192
8752785125
8752785127
8752785133
8752785134
8752916207
8752785136
8752916209
8752785138
8752785139
8752785141
8752785143
8752785145
8752916218
8752785152
8752785153
8752785155
8752785163
8752785164
8752916237
8752785166
8752785167
8752785165
8752785169
8752785177
8752785178
8752785179
8752785180
8752916257
8752916259
8752785188
8752916262
8752785190
8752785192
8752785195
8752785203
8752785204
8752785206
8752785207
8752785208
8752785209
8752785215
8752785218
8752785220
8752785222
8752785223
8752785233
8752916307
8752785236
8752785237
8752785235
8752916311
8752785244
8752785246
8752916320
8752785249
8752785250
8752785251
8752916324
8752916326
8752785257
8752785259
8752785260
8752916334
8752785270
8752785271
8752785277
8752785279
8752785282
8752785283
8752785284
8752785285
8752785286
8752916359
8752916363
8752785293
8752916367
8752785296
8752785300
8752785308
8752785309
8752785310
8752785311
8752785312
8752785314
8752785315
8752785316
8752785320
8752785322
8752785323
8752785324
8752916397
8752785333
8752785335
8752785336
8752785340
8752916416
8752916417
8752785349
8752785351
8752785355
8752916432
8752785366
8752785367
8752785369
8752785377
8752785382
8752916455
8752785383
8752785386
8752785389
8752785391
8752785395
8752785396
8752785398
8752785399
8752785407
8752785409
8752785411
8752916484
8752785412
8752785424
8752785425
8752785428
8752785429
8752785430
8752785437
8752785438
8752785439
8752785440
8752785441
8752785442
8752785443
8752785446
8752785452
8752785453
8752785454
8752785457
8752785458
8752785470
8752785473
8752785477
8752916550
8752916559
8752785488
8752785492
8752768775
8752916574
8752785502
8752916577
8752785506
8752785505
8752916592
8752785523
8752785524
8752785526
8752785537
8752785540
8752785541
8752785550
8752785551
8752916624
8752785553
8752785560
8752916634
8752916639
8752785572
8752785573
8752785574
8752785578
8752916653
8752916654
8752916655
8752785582
8752785595
8752785596
8752916672
8752785605
8752785606
8752785612
8752785618
8752785619
8752785627
8752785628
8752785630
8752785632
8752785638
8752785639
8752785641
8752785642
8752916716
8752785653
8752785657
8752785658
8752785659
8752785667
8752916742
8752785670
8752785672
8752785678
8752785679
8752785683
8752785684
8752785689
8752785690
8752785694
8752785701
8752785702
8752785704
8752785707
8752916781
8752916784
8752785714
8752785715
8752916788
8752785716
8752785721
8752785730
8752785732
8752916805
8752785742
8752785744
8752785748
8752785755
8752916829
8752785758
8752785757
8752785763
8752785765
8752785766
8752785772
8752785773
8752916846
8752916847
8752785776
8752785777
8752785775
8752916852
8752785780
8752916860
8752785789
8752785788
8752785791
8752916866
8752916867
8752785796
8752785798
8752916871
8752785807
8752785808
8752785822
8752785829
8752785831
8752785832
8752785833
8752785834
8752785835
8752785842
8752785843
8752785844
8752785845
8752785855
8752785857
8752785858
8752785863
8752916936
8752785865
8752785866
8752785867
8752785868
8752785877
8752785878
8752785879
8752785881
8752785882
8752785884
8752785890
8752916963
8752916971
8752785905
8752785906
8752916980
8752785909
8752785910
8752785918
8752785919
8752785920
8752785921
8752785922
8752916996
8752916997
8752785925
8752785935
8752785936
8752785937
8752785939
8752917015
8752785944
8752785948
8752785949
8752785954
8752917027
8752785956
8752785955
8752785958
8752785959
8752785960
8752785961
8752785962
8752785970
8752785981
8752785983
8752785984
8752785985
8752785989
8752917068
8752785997
8752785999
8752786000
8752786008
8752786010
8752786011
8752917084
8752786013
8752786021
8752786026
8752917101
8752786029
8752786031
8752786032
8752786034
8752786039
8752786041
8752917114
8752786042
8752917116
8752786052
8752786053
8752786054
8752786058
8752917134
8752786063
8752786065
8752786066
8752786075
8752786077
8752786078
8752786079
8752917152
8752786080
8752917156
8752786090
8752786091
8752786093
8752786095
8752786096
8752786102
8752786112
8752786113
8752786117
8752786119
8752786120
8752786122
8752786123
8752786125
8752786126
8752786130
8752786133
8752786135
8752786136
8752786137
8752786138
8752786151
8752786153
8752786157
8752786161
8752786163
8752786172
8752786173
8752786175
8752786176
8752786177
8752786178
8752917252
8752786182
8752917260
8752917261
8752917262
8752786191
8752786193
8752786195
8752786197
8752786198
8752786199
8752917275
8752917276
8752786207
8752786211
8752786213
8752917287
8752786223
8752786224
8752786228
8752786232
8752786233
8752786234
8752786246
8752786259
8752786260
8752786261
8752786262
8752786263
8752786269
8752786270
8752917343
8752786272
8752786271
8752917346
8752786277
8752786278
8752786279
8752786280
8752786281
8752786285
8752786288
8752786289
8752786290
8752786300
8752786301
8752786303
8752786304
8752786305
8752786306
8752786308
8752786310
8752768936
8752786312
8752786314
8752786315
8752786316
8752786317
8752917391
8752786320
8752786319
8752786328
8752786329
8752786330
8752786331
8752786332
8752786334
8752786345
8752786346
8752786354
8752917429
8752786358
8752786359
8752786372
8752786373
8752786374
8752786375
8752786377
8752786379
8752786380
8752786382
8752786390
8752786391
8752786392
8752786395
8752786396
8752786397
8752786398
8752786399
8752786406
8752786408
8752917484
8752786415
8752786417
8752786418
8752786419
8752786424
8752786425
8752786427
8752786432
8752786433
8752917506
8752917507
8752786436
8752786437
8752786438
8752786439
8752786434
8752786441
8752786451
8752786456
8752917535
8752786464
8752786466
8752786467
8752786468
8752786476
8752786478
8752786487
8752786494
8752786495
8752786496
8752786497
8752786501
8752917578
8752786507
8752786516
8752786518
8752786521
8752786529
8752786530
8752786531
8752786532
8752786540
8752786542
8752917620
8752786558
8752786560
8752786561
8752786567
8752786569
8752786571
8752917648
8752917650
8752786581
8752786582
8752786584
8752786585
8752917658
8752786586
8752917661
8752786592
8752786593
8752786595
8752786601
8752917674
8752786603
8752786604
8752786605
8752786606
8752917682
8752786612
8752786617
8752917690
8752786621
8752786628
8752786630
8752786631
8752786633
8752917707
8752786643
8752786647
8752786648
8752786653
8752786655
8752786656
8752917739
8752786667
8752917741
8752786669
8752786671
8752786672
8752786673
8752786679
8752917752
8752786681
8752786682
8752786683
8752917756
8752786685
8752786684
8752786680
8752786692
8752786694
8752786697
8752786698
8752786699
8752786705
8752786708
8752786709
8752786710
8752917796
8752786731
8752786732
8752786735
8752786737
8752917816
8752786745
8752786746
8752786744
8752786754
8752786755
8752786756
8752786761
8752786764
8752786765
8752786769
8752786771
8752786772
8752786773
8752786774
8752786783
8752786784
8752786785
8752786786
8752917861
8752786794
8752786795
8752786797
8752786798
8752786806
8752786807
8752786808
8752786809
8752917886
8752917889
8752786825
8752917898
8752786827
8752786828
8752786829
8752786832
8752786833
8752786834
8752786835
8752917915
8752786852
8752786853
8752786854
8752786855
8752786856
8752917929
8752786859
8752786864
8752786866
8752786867
8752917940
8752786872
8752786876
8752786879
8752786880
8752786881
8752786882
8752786884
8752786898
8752917975
8752786906
8752786908
8752786920
8752786922
8752786930
8752786931
8752786934
8752786935
8752786944
8752918023
8752786956
8752786957
8752786958
8752786959
8752786960
8752786961
8752918039
8752786970
8752918046
8752918047
8752918048
8752786974
8752786980
8752786981
8752786982
8752786983
8752786984
8752786985
8752918058
8752786986
8752786992
8752918067
8752786996
8752786995
8752918070
8752787006
8752787008
8752918081
8752787015
8752787016
8752918094
8752787024
8752787025
8752918098
8752787029
8752787030
8752787031
8752787037
8752787038
8752787042
8752787043
8752787045
8752787051
8752787052
8752787053
8752787057
8752918130
8752787059
8752787058
8752787067
8752787068
8752787070
8752787077
8752787078
8752787079
8752787085
8752787086
8752787087
8752787088
8752787089
8752787090
8752918163
8752787100
8752787102
8752787104
8752787109
8752787112
8752787113
8752918188
8752918192
8752918195
8752787125
8752787133
8752787134
8752787136
8752918209
8752918211
8752787148
8752787158
8752787159
8752918232
8752787160
8752787162
8752918236
8752787165
8752787166
8752787164
8752787176
8752787179
8752918253
8752787182
8752787184
8752787192
8752787194
8752787196
8752787197
8752918270
8752787207
8752787208
8752787210
8752787211
8752787213
8752787215
8752787220
8752787221
8752787222
8752787230
8752787231
8752787232
8752787233
8752787234
8752787238
8752787240
8752787242
8752787243
8752787244
8752787254
8752787255
8752787258
8752918333
8752918335
8752787272
8752787273
8752787281
8752787282
8752787284
8752787286
8752787288
8752787289
8752787296
8752787297
8752787300
8752787301
8752787303
8752787310
8752787317
8752787320
8752787321
8752787324
8752918398
8752787336
8752787347
8752918420
8752787348
8752787356
8752787358
8752918432
8752787368
8752787371
8752787373
8752787374
8752918450
8752787382
8752787386
8752787387
8752787395
8752787401
8752787403
8752787404
8752787410
8752787411
8752787413
8752787421
8752787423
8752787424
8752787425
8752787426
8752787428
8752787437
8752787440
8752787449
8752787450
8752918530
8752787458
8752787460
8752787463
8752787471
8752787472
8752787474
8752787475
8752787481
8752787482
8752918556
8752787485
8752787484
8752787488
8752787499
8752787504
8752787506
8752787508
8752787509
8752787510
8752918584
8752787516
8752787518
8752787521
8752787522
8752787524
8752787525
8752787530
8752787531
8752787535
8752918616
8752918618
8752787549
8752787550
8752787551
8752787552
8752787553
8752787555
8752787557
8752787563
8752787564
8752787565
8752787568
8752787569
8752787574
8752787577
8752787578
8752787580
8752918664
8752918665
8752787594
8752787595
8752787596
8752787599
8752787600
8752787608
8752787609
8752787610
8752787612
8752787613
8752787614
8752787621
8752787622
8752787623
8752787624
8752787633
8752787634
8752787635
8752787637
8752918710
8752787638
8752787644
8752918717
8752787649
8752787654
8752787665
8752787667
8752787668
8752787670
8752787671
8752787672
8752787680
8752787682
8752787683
8752787684
8752787685
8752787686
8752787695
8752787697
8752787699
8752787702
8752787719
8752787727
8752787728
8752787730
8752787731
8752787732
8752787741
8752787746
8752787748
8752787749
8752918825
8752787755
8752787757
8752787758
8752787759
8752787761
8752787762
8752787770
8752787774
8752918847
8752787776
8752787775
8752787786
8752787787
8752918860
8752918861
8752787790
8752787791
8752743178
8752787804
8752787805
8752787806
8752787807
8752787815
8752787816
8752787818
8752787832
8752787833
8752787834
8752787843
8752787851
8752787853
8752918930
8752787861
8752787863
8752787864
8752787865
8752787866
8752918940
8752787868
8752787870
8752743196
8752787880
8752787887
8752787888
8752787895
8752787896
8752787901
8752787902
8752787906
8752787909
8752918982
8752787911
8752787918
8752918992
8752787921
8752918994
8752787920
8752787925
8752787930
8752787933
8752787934
8752787935
8752787941
8752787942
8752787943
8752787945
8752787946
8752787947
8752787948
8752787952
8752787953
8752787957
8752787967
8752787968
8752787969
8752787975
8752787976
8752919049
8752919051
8752919052
8752919056
8752787985
8752787986
8752787989
8752787997
8752787998
8752787999
8752788000
8752788002
8752788009
8752788017
8752788020
8752788023
8752788030
8752788033
8752788034
8752788035
8752788036
8752919110
8752788038
8752788044
8752788046
8752788049
8752788055
8752788057
8752788059
8752788071
8752788072
8752788074
8752788079
8752788081
8752788082
8752788085
8752788086
8752788092
8752788093
8752788096
8752788097
8752788098
8752788115
8752919188
8752788116
8752788118
8752788124
8752919202
8752788131
8752788132
8752788130
8752788141
8752788142
8752788143
8752788153
8752788158
8752788159
8752788171
8752919244
8752788173
8752788175
8752919255
8752788192
8752788196
8752788197
8752788198
8752788207
8752788209
8752788210
8752788211
8752919288
8752919292
8752788221
8752788222
8752788227
8752788237
8752788239
8752788240
8752788248
8752788252
8752919332
8752788260
8752788262
8752788263
8752788265
8752788274
8752788275
8752788276
8752788277
8752788280
8752788281
8752788283
8752788290
8752919363
8752788291
8752919366
8752788297
8752788298
8752788300
8752788301
8752919377
8752788309
8752788310
8752788311
8752788312
8752788314
8752788315
8752788316
8752788325
8752788327
8752788330
8752788331
8752788332
8752788340
8752788341
8752919415
8752788350
8752788351
8752788353
8752919433
8752919435
8752788365
8752788366
8752788368
8752788379
8752788380
8752788390
8752788392
8752788393
8752788399
8752788400
8752788408
8752788409
8752788411
8752788420
8752788421
8752788422
8752788423
8752788424
8752919498
8752788437
8752788438
8752788439
8752919514
8752788445
8752788446
8752788447
8752788448
8752788449
8752788455
8752788469
8752788470
8752788472
8752788473
8752788475
8752788476
8752919554
8752788485
8752788486
8752788487
8752788488
8752788489
8752788491
8752788492
8752788493
8752788494
8752788496
8752788497
8752788499
8752788500
8752788501
8752788510
8752788511
8752788512
8752788513
8752788519
8752788522
8752788528
8752919601
8752788529
8752788532
8752788538
8752788543
8752788545
8752788546
8752788548
8752788551
8752788561
8752788562
8752788563
8752788568
8752788569
8752788581
8752788582
8752788590
8752788592
8752788593
8752788595
8752788596
8752788601
8752788604
8752788606
8752788612
8752788614
8752788616
8752788618
8752788619
8752788624
8752788625
8752788632
8752788633
8752788634
8752788635
8752788643
8752788647
8752788648
8752788649
8752788658
8752788659
8752788662
8752788664
8752788665
8752788674
8752788677
8752788678
8752788679
8752788683
8752788697
8752788698
8752788705
8752788709
8752788727
8752788728
8752788729
8752788734
8752788735
8752788736
8752788742
8752788743
8752788745
8752788746
8752788752
8752788753
8752788761
8752788762
8752788770
8752788773
8752788776
8752788777
8752788778
8752788781
8752788782
8752788791
8752788792
8752788793
8752919868
8752788801
8752788802
8752788803
8752788804
8752788806
8752788819
8752788828
8752788834
8752788839
8752788843
8752788844
8752788858
8752788859
8752788860
8752788862
8752788870
8752919943
8752788871
8752788877
8752788878
8752788879
8752788880
8752919956
8752919959
8752919962
8752788898
8752788907
8752788908
8752788909
8752788911
8752788919
8752788922
8752788923
8752788924
8752788930
8752788932
8752788933
8752788934
8752788935
8752788936
8752788938
8752788950
8752788951
8752788952
8752920025
8752788954
8752788968
8752788969
8752788971
8752788984
8752788985
8752788986
8752788988
8752788989
8752788991
8752788992
8752788998
8752788999
8752789003
8752920079
8752789010
8752789016
8752920089
8752789017
8752789019
8752789020
8752789026
8752789028
8752789034
8752789037
8752789038
8752789040
8752920116
8752789049
8752789053
8752789054
8752789055
8752789063
8752789068
8752789069
8752789075
8752789076
8752789078
8752789079
8752789080
8752789086
8752789089
8752789090
8752789091
8752789092
8752789093
8752789104
8752789106
8752920180
8752789109
8752789110
8752789108
8752789112
8752789113
8752789126
8752789129
8752789131
8752789139
8752789140
8752789141
8752789143
8752789151
8752789156
8752920232
8752789165
8752789167
8752789170
8752789176
8752789178
8752920251
8752789180
8752789181
8752789188
8752789189
8752789190
8752789194
8752789203
8752789204
8752789205
8752789206
8752789218
8752789219
8752920300
8752920305
8752789236
8752789237
8752789238
8752789245
8752789247
8752789249
8752789251
8752789252
8752789264
8752789265
8752789268
8752789269
8752789272
8752789273
8752789274
8752789278
8752789290
8752789296
8752789297
8752789298
8752789299
8752789303
8752789304
8752789306
8752789307
8752789308
8752920387
8752920388
8752789321
8752789322
8752789331
8752789335
8752789336
8752789337
8752920410
8752789339
8752789338
8752789348
8752789350
8752789351
8752789352
8752789354
8752789355
8752789356
8752789358
8752789365
8752789367
8752789368
8752789369
8752789370
8752789376
8752789377
8752789378
8752789382
8752789386
8752789387
8752789389
8752789392
8752789403
8752789406
8752789415
8752789417
8752789418
8752789424
8752789426
8752789427
8752789428
8752920501
8752789436
8752789441
8752789449
8752789451
8752789452
8752789454
8752789458
8752789459
8752789465
8752789466
8752789467
8752789469
8752789475
8752789479
8752789480
8752789485
8752789494
8752789495
8752920569
8752789498
8752789502
8752789509
8752789511
8752789513
8752789514
8752789520
8752789523
8752789524
8752789525
8752789528
8752789529
8752789531
8752789532
8752789533
8752920612
8752789540
8752789544
8752789545
8752789546
8752789547
8752789551
8752789552
8752789555
8752789557
8752789558
8752789566
8752789567
8752789569
8752789570
8752789581
8752789584
8752920664
8752789592
8752789595
8752789598
8752789600
8752789607
8752789608
8752789609
8752920683
8752789612
8752789613
8752789619
8752789623
8752789624
8752789626
8752789628
8752789635
8752789638
8752789639
8752789640
8752789642
8752789643
8752789647
8752789649
8752789662
8752789670
8752789679
8752789680
8752789681
8752789683
8752789684
8752789685
8752769607
8752920759
8752789688
8752789687
8752769609
8752789697
8752789698
8752789699
8752789701
8752789702
8752789703
8752789713
8752789714
8752789717
8752789729
8752920803
8752789735
8752789736
8752789745
8752789746
8752789748
8752789756
8752789757
8752789758
8752789759
8752789762
8752920837
8752789765
8752789773
8752789775
8752789782
8752789785
8752789786
8752789787
8752789790
8752789799
8752789800
8752789807
8752789811
8752789812
8752789813
8752789822
8752789823
8752789824
8752789826
8752789827
8752789840
8752789841
8752789842
8752920915
8752789844
8752789843
8752789847
8752789849
8752789854
8752789855
8752789857
8752789868
8752789870
8752789873
8752789874
8752789875
8752789877
8752789879
8752789880
8752789881
8752789884
8752789891
8752789894
8752789896
8752789906
8752789908
8752789911
8752789912
8752789919
8752789920
8752789921
8752789922
8752789923
8752789924
8752789926
8752789932
8752789936
8752789939
8752789947
8752789950
8752789952
8752789958
8752789959
8752789962
8752789963
8752789965
8752789977
8752789978
8752789982
8752789984
8752789986
8752789992
8752789993
8752921066
8752789998
8752790005
8752790006
8752790008
8752790009
8752790013
8752790019
8752790020
8752790021
8752790029
8752790030
8752921112
8752790046
8752790047
8752790049
8752790050
8752790062
8752790063
8752790064
8752790072
8752790073
8752790074
8752790080
8752790082
8752790083
8752790088
8752790089
8752790095
8752790097
8752790103
8752790109
8752790111
8752790113
8752790114
8752790115
8752790116
8752790117
8752790137
8752790139
8752790141
8752790151
8752790158
8752790159
8752790161
8752790167
8752790168
8752790170
8752790171
8752790174
8752790175
8752790184
8752790186
8752790188
8752790192
8752790194
8752790209
8752790210
8752790213
8752790214
8752790219
8752790220
8752790223
8752790230
8752790232
8752790240
8752790243
8752790249
8752790250
8752790251
8752790253
8752790254
8752790262
8752790263
8752790264
8752790265
8752790266
8752790268
8752790269
8752790270
8752790271
8752790281
8752790292
8752921369
8752790304
8752790312
8752790313
8752790314
8752790316
8752790318
8752790323
8752921396
8752790325
8752790324
8752790329
8752790335
8752790337
8752790338
8752790348
8752790350
8752790352
8752790358
8752790359
8752790360
8752790361
8752790367
8752790373
8752790375
8752790380
8752790383
8752790389
8752790396
8752790397
8752790398
8752790399
8752790400
8752790401
8752790406
8752790409
8752790411
8752790418
8752790419
8752790420
8752790421
8752921500
8752921502
8752790430
8752790433
8752790447
8752790450
8752921523
8752921525
8752790453
8752790459
8752790461
8752790463
8752921536
8752790465
8752790468
8752790469
8752790492
8752790503
8752790507
8752790510
8752790511
8752790518
8752790519
8752790522
8752790523
8752790531
8752790533
8752921609
8752790540
8752790542
8752790543
8752790544
8752790545
8752921623
8752790552
8752790553
8752790551
8752921628
8752790557
8752790556
8752921646
8752790574
8752790576
8752790578
8752790590
8752790592
8752790593
8752921667
8752790596
8752790597
8752790598
8752790599
8752790595
8752790607
8752790609
8752790610
8752790614
8752790616
8752790620
8752790621
8752921696
8752790629
8752790630
8752790632
8752790634
8752790635
8752790640
8752790641
8752790642
8752790643
8752790646
8752790647
8752921733
8752790662
8752790663
8752790664
8752790666
8752790667
8752790668
8752790676
8752743753
8752790682
8752790684
8752790693
8752790698
8752921771
8752790704
8752921784
8752790716
8752790717
8752790720
8752790727
8752790728
8752790729
8752790730
8752790731
8752790736
8752790737
8752790738
8752790742
8752790744
8752790751
8752790752
8752790753
8752790754
8752790759
8752790763
8752790771
8752921844
8752790773
8752790776
8752790785
8752790787
8752790788
8752921864
8752790801
8752790803
8752921877
8752790805
8752790809
8752790810
8752790811
8752790813
8752790816
8752790817
8752790826
8752790828
8752790830
8752790831
8752790832
8752790834
8752790836
8752790845
8752790846
8752790856
8752921932
8752790862
8752790867
8752790868
8752790878
8752790879
8752790881
8752790883
8752790884
8752790886
8752790887
8752790895
8752790896
8752790897
8752790901
8752790902
8752790909
8752790912
8752790914
8752790916
8752790918
8752790923
8752790924
8752790925
8752790926
8752790927
8752790931
8752790939
8752790949
8752790952
8752790953
8752790962
8752790963
8752790965
8752790966
8752790968
8752790970
8752790982
8752790983
8752790985
8752790988
8752790990
8752790998
8752791004
8752791005
8752791006
8752791008
8752791009
8752791014
8752791017
8752791019
8752791027
8752791032
8752791033
8752791042
8752791054
8752791056
8752791060
8752791064
8752791069
8752791085
8752791086
8752791089
8752791091
8752791092
8752791093
8752791094
8752922171
8752791103
8752791104
8752922177
8752791106
8752791105
8752791108
8752791111
8752791112
8752922185
8752791114
8752791113
8752791120
8752791121
8752791130
8752922203
8752791133
8752791134
8752791135
8752791139
8752791140
8752791141
8752791149
8752791150
8752791152
8752791153
8752791159
8752791169
8752791172
8752791173
8752791182
8752791184
8752791185
8752791187
8752791188
8752791189
8752791196
8752791197
8752791207
8752791208
8752791211
8752791216
8752791218
8752791220
8752791221
8752791229
8752791230
8752791231
8752791232
8752791233
8752791234
8752791235
8752791236
8752791237
8752791247
8752791248
8752791255
8752791257
8752791258
8752791262
8752791264
8752791265
8752791269
8752743872
8752791282
8752791283
8752743873
8752791286
8752791297
8752791299
8752791302
8752791303
8752791305
8752791307
8752922382
8752791313
8752791315
8752791323
8752791325
8752791326
8752791335
8752791336
8752791339
8752791347
8752791349
8752791352
8752791359
8752791363
8752791364
8752791378
8752791379
8752791385
8752791386
8752791387
8752791388
8752791389
8752791393
8752791394
8752791395
8752791396
8752791398
8752791407
8752922480
8752791410
8752791416
8752791419
8752791421
8752791422
8752791423
8752791438
8752791439
8752791440
8752791441
8752791442
8752791444
8752791458
8752791460
8752791461
8752791462
8752922540
8752791469
8752791470
8752791471
8752791472
8752791473
8752791475
8752791476
8752791477
8752922553
8752791489
8752791490
8752791492
8752791502
8752791504
8752791514
8752791515
8752791516
8752791517
8752791518
8752791525
8752791529
8752791538
8752791539
8752791542
8752791543
8752791545
8752922622
8752922624
8752791557
8752791561
8752791566
8752791567
8752791569
8752791573
8752791574
8752791576
8752791582
8752791587
8752791589
8752791590
8752791597
8752791598
8752791599
8752791608
8752791611
8752791612
8752791620
8752791623
8752791624
8752791631
8752791632
8752791639
8752791640
8752791644
8752791654
8752791656
8752791660
8752791661
8752791664
8752791665
8752791666
8752791677
8752791680
8752791681
8752791686
8752791689
8752791690
8752791700
8752791701
8752791711
8752791712
8752791714
8752791718
8752791719
8752791732
8752791733
8752791734
8752791735
8752791736
8752791737
8752791738
8752791752
8752791753
8752791754
8752791756
8752791757
8752791758
8752791759
8752791766
8752791768
8752791785
8752791786
8752791787
8752791791
8752791793
8752791794
8752791802
8752791803
8752791805
8752791807
8752791816
8752791818
8752791819
8752791821
8752791822
8752791825
8752791832
8752791840
8752791845
8752791846
8752791856
8752791861
8752791862
8752791863
8752791864
8752791873
8752791878
8752791881
8752791883
8752791884
8752791893
8752791904
8752791905
8752791906
8752791907
8752791916
8752791917
8752791930
8752791932
8752791934
8752791936
8752791943
8752791944
8752791946
8752791950
8752791951
8752791953
8752791954
8752791961
8752791963
8752791964
8752791976
8752791977
8752791978
8752791982
8752791991
8752791993
8752791994
8752791995
8752792006
8752792008
8752792010
8752792022
8752792023
8752792024
8752792025
8752792036
8752792038
8752792049
8752923124
8752792054
8752792055
8752923128
8752792056
8752792058
8752792059
8752792060
8752792061
8752923139
8752792068
8752792069
8752792070
8752792071
8752792072
8752792067
8752792080
8752792081
8752792083
8752792088
8752792090
8752792091
8752792092
8752792093
8752792094
8752792095
8752792103
8752792104
8752792110
8752792113
8752792114
8752792115
8752792126
8752792128
8752792131
8752792140
8752792141
8752792148
8752792152
8752792161
8752792170
8752792172
8752792173
8752792175
8752792176
8752792177
8752792183
8752792186
8752792189
8752792190
8752792197
8752792199
8752792200
8752792201
8752792202
8752792212
8752792213
8752792220
8752792221
8752792224
8752792226
8752792236
8752792240
8752792241
8752792244
8752792245
8752792248
8752792250
8752792251
8752792253
8752792254
8752792265
8752792266
8752792271
8752792275
8752792285
8752792286
8752792287
8752792288
8752792292
8752792298
8752792300
8752792301
8752792302
8752792303
8752792304
8752792315
8752792317
8752792324
8752792325
8752792328
8752792333
8752792335
8752792346
8752792347
8752792356
8752792357
8752792358
8752792360
8752792361
8752792364
8752792365
8752792367
8752792374
8752792376
8752792377
8752792384
8752792387
8752792389
8752792399
8752792400
8752792402
8752792403
8752792406
8752792407
8752792413
8752792416
8752923490
8752792428
8752792429
8752792431
8752792432
8752792433
8752792434
8752792443
8752792444
8752792446
8752792447
8752792456
8752923531
8752792461
8752792468
8752792470
8752792471
8752792472
8752792476
8752923550
8752792478
8752792487
8752792491
8752792499
8752792508
8752792509
8752792510
8752792511
8752792517
8752792520
8752792523
8752792524
8752792525
8752792533
8752792538
8752792539
8752923616
8752923624
8752792553
8752792554
8752792555
8752792564
8752792565
8752792567
8752792574
8752792575
8752792580
8752792586
8752792588
8752792590
8752792591
8752792592
8752792593
8752792600
8752792607
8752792621
8752792622
8752792623
8752792631
8752792633
8752792645
8752792647
8752792648
8752792649
8752792651
8752792652
8752792658
8752792662
8752792663
8752792665
8752792672
8752792673
8752923746
8752792675
8752792677
8752792678
8752923754
8752792701
8752792702
8752792703
8752792704
8752792706
8752792707
8752792708
8752792713
8752792715
8752792726
8752792727
8752792729
8752792730
8752792740
8752792741
8752792747
8752792748
8752792754
8752792755
8752792756
8752792758
8752792763
8752792764
8752792766
8752792772
8752792780
8752792781
8752792782
8752792785
8752792786
8752792788
8752792789
8752792790
8752792806
8752792808
8752792812
8752792814
8752792818
8752792826
8752792834
8752792836
8752792837
8752792845
8752792847
8752792851
8752792852
8752792861
8752792864
8752792876
8752792877
8752792879
8752923956
8752792887
8752792892
8752792896
8752792897
8752792898
8752792899
8752792907
8752792909
8752792910
8752792913
8752792916
8752792922
8752792923
8752792925
8752792927
8752792940
8752792945
8752792946
8752792947
8752792949
8752792954
8752792959
8752792970
8752792973
8752792978
8752792987
8752792993
8752792994
8752792996
8752793005
8752793010
8752793019
8752744218
8752793024
8752793025
8752793027
8752793033
8752793034
8752793037
8752793038
8752793045
8752793046
8752793049
8752793050
8752793058
8752793070
8752793071
8752793073
8752793074
8752793075
8752793076
8752793077
8752793079
8752793087
8752793088
8752793090
8752793097
8752793098
8752793099
8752793108
8752793112
8752793113
8752793122
8752793127
8752793134
8752793135
8752793137
8752793138
8752793139
8752793140
8752793141
8752793148
8752793157
8752793161
8752793165
8752793176
8752793178
8752793180
8752793182
8752793184
8752793185
8752793195
8752793196
8752793197
8752793198
8752793199
8752793204
8752793205
8752793207
8752793208
8752793211
8752793223
8752793224
8752793225
8752793227
8752793237
8752793239
8752793240
8752793242
8752793243
8752793251
8752793255
8752793256
8752793257
8752793258
8752793266
8752924341
8752793273
8752793279
8752793280
8752793283
8752793284
8752793289
8752793291
8752793292
8752793293
8752793294
8752793295
8752793296
8752793297
8752793307
8752793308
8752793309
8752793317
8752793319
8752793332
8752793333
8752793345
8752793346
8752793347
8752793348
8752793355
8752793356
8752793361
8752793372
8752793374
8752793384
8752793385
8752924463
8752793393
8752793396
8752793398
8752793405
8752793407
8752793416
8752793417
8752793421
8752793425
8752793432
8752793434
8752793445
8752793446
8752793448
8752793460
8752793463
8752793468
8752793470
8752793471
8752793472
8752793473
8752793474
8752793479
8752924552
8752793480
8752793487
8752793488
8752793500
8752793502
8752793517
8752793519
8752793520
8752793522
8752793523
8752793530
8752793531
8752793533
8752793535
8752793545
8752793546
8752793547
8752793548
8752793550
8752793551
8752793558
8752793563
8752793564
8752793573
8752793574
8752793575
8752924648
8752793576
8752793585
8752793590
8752793599
8752793605
8752793606
8752793612
8752793613
8752793614
8752793615
8752793617
8752793618
8752793628
8752793634
8752793640
8752793642
8752793643
8752793646
8752793647
8752793659
8752793665
8752793668
8752793669
8752793670
8752924744
8752924747
8752793676
8752793677
8752793679
8752793681
8752793685
8752793687
8752793695
8752793696
8752793697
8752793698
8752793702
8752793703
8752793709
8752793710
8752924783
8752793712
8752793713
8752793714
8752793711
8752793722
8752793724
8752793725
8752793734
8752793735
8752793740
8752793747
8752793754
8752793755
8752793756
8752793759
8752793766
8752793767
8752793770
8752793779
8752793781
8752793783
8752793785
8752793787
8752793788
8752793797
8752793798
8752793802
8752793804
8752793811
8752793812
8752793816
8752793826
8752793827
8752793828
8752793829
8752793836
8752793841
8752793843
8752793845
8752793846
8752793847
8752793859
8752793864
8752793876
8752793877
8752793879
8752793887
8752793888
8752793889
8752793890
8752793892
8752793896
8752793898
8752793906
8752793909
8752793911
8752793912
8752793920
8752793921
8752793922
8752793923
8752793924
8752793925
8752793926
8752793927
8752793929
8752793930
8752793936
8752793944
8752793946
8752793952
8752925032
8752793961
8752793963
8752793964
8752793965
8752793973
8752793974
8752793986
8752793987
8752793988
8752793989
8752793991
8752793992
8752925067
8752794000
8752794009
8752794018
8752794019
8752794033
8752794037
8752794039
8752794040
8752794041
8752794042
8752794050
8752794053
8752794063
8752794064
8752794066
8752794070
8752794076
8752794079
8752794080
8752794092
8752794093
8752794104
8752794105
8752794106
8752794110
8752794111
8752794112
8752794113
8752794114
8752794120
8752794123
8752794124
8752794126
8752794135
8752794146
8752794148
8752794149
8752794150
8752925225
8752794160
8752794161
8752794163
8752794174
8752794182
8752794183
8752794184
8752794185
8752794192
8752794194
8752794195
8752794196
8752794202
8752794203
8752794205
8752794212
8752794213
8752794222
8752794226
8752794228
8752794240
8752794243
8752794245
8752794246
8752794257
8752794259
8752794263
8752794265
8752794270
8752794271
8752794273
8752794274
8752925347
8752794277
8752794278
8752794283
8752794284
8752794285
8752794286
8752794294
8752794296
8752794297
8752794299
8752794301
8752794307
8752794308
8752794309
8752794317
8752794318
8752794319
8752794324
8752794330
8752794331
8752794332
8752794333
8752794336
8752794347
8752794348
8752925435
8752794366
8752794367
8752794370
8752794371
8752794372
8752794382
8752794392
8752794396
8752794397
8752794399
8752794406
8752794407
8752794408
8752794412
8752794413
8752794425
8752794435
8752794436
8752794438
8752794440
8752794445
8752794446
8752794447
8752794448
8752794449
8752794454
8752794458
8752794462
8752794466
8752794472
8752794476
8752794478
8752794492
8752794493
8752794504
8752794506
8752794507
8752794527
8752794534
8752794535
8752794536
8752794538
8752794539
8752794549
8752794550
8752794551
8752925624
8752794556
8752794558
8752794559
8752794572
8752794576
8752794583
8752794584
8752794585
8752794586
8752744531
8752794599
8752794600
8752744532
8752794607
8752794608
8752794609
8752794611
8752794618
8752794621
8752794624
8752794625
8752794626
8752794633
8752794635
8752794637
8752794643
8752794644
8752794645
8752794646
8752794659
8752794660
8752794661
8752794663
8752794664
8752794674
8752794675
8752794676
8752794679
8752794681
8752794686
8752794689
8752794690
8752794691
8752794692
8752794693
8752794694
8752794700
8752794705
8752794708
8752794710
8752794711
8752794712
8752794713
8752794714
8752794715
8752794729
8752794735
8752794743
8752794746
8752794750
8752794751
8752794753
8752794758
8752794759
8752794760
8752794761
8752794762
8752794770
8752794771
8752794772
8752794773
8752794774
8752794777
8752794779
8752794780
8752794782
8752794783
8752794785
8752794786
8752794787
8752794788
8752794790
8752794796
8752794797
8752794798
8752794799
8752794811
8752794815
8752794816
8752794828
8752794829
8752794830
8752794831
8752794842
8752794850
8752794852
8752794854
8752794864
8752794866
8752794871
8752794875
8752794879
8752794887
8752794888
8752794889
8752794903
8752794904
8752794906
8752794915
8752794918
8752794920
8752794930
8752794931
8752794932
8752794938
8752794942
8752794950
8752794955
8752794956
8752794968
8752794970
8752794971
8752794972
8752794973
8752794974
8752794983
8752794984
8752794985
8752794987
8752795000
8752795001
8752795002
8752795004
8752795013
8752795021
8752795024
8752795025
8752795027
8752795030
8752795031
8752795032
8752795033
8752795041
8752795042
8752795043
8752795045
8752795046
8752926125
8752795055
8752795056
8752795057
8752795059
8752795060
8752795061
8752795074
8752795075
8752795081
8752795083
8752795084
8752795087
8752795088
8752795098
8752795099
8752795103
8752795117
8752795127
8752795128
8752795129
8752795134
8752795135
8752795138
8752795145
8752795146
8752795148
8752795149
8752795151
8752795153
8752795164
8752795166
8752795172
8752795186
8752795187
8752795199
8752795202
8752795203
8752795204
8752795215
8752795216
8752795217
8752795219
8752795226
8752795227
8752795228
8752795229
8752795230
8752795235
8752795236
8752795241
8752795243
8752795249
8752795251
8752795253
8752795263
8752795264
8752770716
8752795266
8752795268
8752795278
8752795279
8752795280
8752795285
8752795297
8752795299
8752795300
8752795301
8752795315
8752795316
8752795318
8752926392
8752795327
8752795339
8752795342
8752795344
8752795347
8752795354
8752795355
8752795356
8752795359
8752795364
8752795366
8752795377
8752795378
8752795379
8752795386
8752795387
8752795400
8752795407
8752795409
8752795413
8752795414
8752795415
8752795416
8752795436
8752795437
8752795441
8752795442
8752795449
8752795450
8752795456
8752795462
8752795464
8752795465
8752795466
8752795467
8752795468
8752795477
8752795480
8752744707
8752795483
8752744709
8752795495
8752795497
8752795500
8752795501
8752795507
8752795509
8752795510
8752795517
8752795519
8752795520
8752795522
8752795532
8752795533
8752795534
8752795544
8752795545
8752795549
8752795551
8752795558
8752795559
8752795560
8752795561
8752795562
8752795572
8752795577
8752795581
8752795590
8752795597
8752795602
8752795604
8752795605
8752795606
8752795609
8752795610
8752795614
8752795615
8752795623
8752795624
8752795638
8752795640
8752795642
8752795644
8752795651
8752795656
8752795661
8752795663
8752795666
8752795667
8752795668
8752795669
8752795672
8752795673
8752795684
8752795686
8752795687
8752795693
8752795694
8752795697
8752795703
8752795704
8752795718
8752795727
8752795728
8752795730
8752795744
8752795751
8752795752
8752795753
8752795754
8752795756
8752795757
8752795759
8752795760
8752795769
8752744766
8752795781
8752795783
8752795784
8752795785
8752795786
8752795789
8752795790
8752795800
8752795803
8752795807
8752795808
8752795815
8752795828
8752795830
8752795840
8752795842
8752795847
8752795850
8752795856
8752795864
8752795866
8752795867
8752795868
8752795869
8752795872
8752795874
8752795875
8752795888
8752795890
8752795891
8752795895
8752795896
8752795898
8752795907
8752795909
8752795910
8752795911
8752795912
8752795913
8752795918
8752795920
8752795923
8752795924
8752795926
8752795934
8752795936
8752795938
8752795941
8752795943
8752795950
8752795952
8752795963
8752795964
8752795965
8752795979
8752795980
8752795981
8752795983
8752795984
8752795987
8752795989
8752795993
8752796002
8752796003
8752796006
8752796007
8752796014
8752796018
8752796020
8752796027
8752796029
8752796030
8752796031
8752796036
8752796041
8752796049
8752796056
8752796063
8752796065
8752796074
8752796078
8752796079
8752796083
8752796085
8752796086
8752796092
8752796093
8752796094
8752796095
8752796097
8752796098
8752796099
8752796104
8752796106
8752796107
8752796108
8752796116
8752796118
8752796119
8752796120
8752796124
8752796133
8752796134
8752796135
8752796136
8752796137
8752796140
8752796150
8752796155
8752796156
8752796161
8752796162
8752796172
8752796174
8752796175
8752796180
8752796183
8752796185
8752796191
8752796193
8752796195
8752796198
8752796204
8752796209
8752796217
8752796218
8752796220
8752796225
8752796226
8752796236
8752796237
8752796238
8752796240
8752796245
8752796248
8752796249
8752796254
8752796256
8752796258
8752796259
8752796260
8752796270
8752927351
8752796282
8752796284
8752796292
8752796294
8752796295
8752796305
8752796307
8752796308
8752796310
8752796319
8752796321
8752796322
8752796328
8752796329
8752796331
8752796332
8752796343
8752796349
8752796350
8752796352
8752796354
8752796357
8752796358
8752796365
8752796366
8752796367
8752796368
8752796383
8752796385
8752796386
8752796388
8752796393
8752796394
8752796396
8752796404
8752796406
8752927479
8752796407
8752744893
8752796420
8752796421
8752796422
8752796424
8752796433
8752796436
8752796438
8752796446
8752796447
8752796449
8752796450
8752796451
8752796452
8752796459
8752796460
8752796461
8752796463
8752796465
8752796466
8752796468
8752796477
8752796479
8752796485
8752796488
8752796489
8752796490
8752796492
8752796493
8752796500
8752796501
8752796502
8752796503
8752796504
8752796505
8752796506
8752796507
8752796508
8752796517
8752796520
8752796526
8752796527
8752796529
8752796530
8752796531
8752796540
8752796550
8752796551
8752796553
8752796562
8752796564
8752796565
8752796567
8752796568
8752796577
8752796579
8752796580
8752796581
8752796585
8752796586
8752796593
8752796603
8752796604
8752796605
8752796606
8752796616
8752796618
8752796619
8752796622
8752796623
8752796635
8752796636
8752796637
8752796638
8752796639
8752796641
8752796642
8752796643
8752796657
8752796658
8752796659
8752796660
8752796661
8752927749
8752796678
8752796679
8752796677
8752796691
8752796692
8752796694
8752796696
8752796700
8752796701
8752796702
8752796707
8752796712
8752796714
8752796715
8752796716
8752796717
8752796720
8752796726
8752796732
8752796733
8752796734
8752796735
8752796738
8752796745
8752796746
8752796747
8752796754
8752796755
8752796757
8752796758
8752796759
8752796760
8752796763
8752796765
8752796775
8752796776
8752796777
8752796778
8752796789
8752796790
8752796792
8752796793
8752796797
8752796799
8752796800
8752796802
8752796803
8752796815
8752796818
8752796826
8752796827
8752796835
8752796836
8752796845
8752796846
8752796847
8752796848
8752796849
8752796868
8752796869
8752796873
8752796874
8752796880
8752796882
8752796883
8752796885
8752796894
8752796895
8752796896
8752796907
8752796910
8752927984
8752796922
8752796923
8752796926
8752796935
8752796937
8752796938
8752796939
8752796946
8752796947
8752796955
8752796956
8752796958
8752796965
8752796968
8752796969
8752796971
8752796973
8752796982
8752796983
8752796987
8752796993
8752796994
8752796998
8752796999
8752797000
8752797001
8752797002
8752797003
8752797004
8752797005
8752797017
8752797018
8752797021
8752797022
8752797024
8752797029
8752797031
8752797033
8752797045
8752797048
8752797058
8752797059
8752797064
8752797068
8752797069
8752797077
8752797079
8752797084
8752797085
8752797088
8752797100
8752797101
8752797103
8752797115
8752797116
8752797123
8752797126
8752797127
8752797128
8752797129
8752797130
8752797132
8752797139
8752797143
8752797145
8752797146
8752797155
8752797157
8752797161
8752797162
8752797163
8752797165
8752797172
8752797177
8752797178
8752797179
8752797189
8752797191
8752797192
8752797194
8752797202
8752797204
8752797205
8752797206
8752797208
8752797213
8752797215
8752797221
8752797222
8752797223
8752797226
8752797227
8752797230
8752797238
8752797239
8752797240
8752797241
8752797245
8752797246
8752797247
8752797248
8752797256
8752797257
8752797265
8752797268
8752797277
8752797279
8752797280
8752797281
8752797289
8752797291
8752797311
8752797313
8752797321
8752797323
8752797324
8752797326
8752797328
8752797330
8752797331
8752797340
8752797342
8752797344
8752797348
8752797349
8752797351
8752797352
8752797358
8752797360
8752797369
8752797371
8752797377
8752797386
8752797387
8752797388
8752797389
8752797391
8752797393
8752797394
8752797408
8752797409
8752797413
8752797427
8752797429
8752797430
8752797444
8752797452
8752797456
8752797465
8752797467
8752797468
8752797479
8752797480
8752797482
8752797483
8752797494
8752797496
8752797497
8752797499
8752797502
8752797503
8752797512
8752797513
8752797518
8752797531
8752797533
8752797534
8752797535
8752797536
8752797542
8752797543
8752797545
8752797546
8752797555
8752797561
8752797573
8752797574
8752797576
8752797577
8752797578
8752797580
8752797593
8752797594
8752797606
8752797607
8752797620
8752797626
8752797639
8752797641
8752797642
8752797643
8752797651
8752797652
8752797654
8752797655
8752797656
8752797657
8752797658
8752797659
8752797661
8752797668
8752797671
8752797677
8752797680
8752797681
8752797693
8752797695
8752797706
8752797716
8752797717
8752797718
8752797732
8752797733
8752797734
8752797736
8752797745
8752797747
8752797750
8752797758
8752797765
8752797766
8752797773
8752797774
8752797776
8752797777
8752797785
8752797792
8752797793
8752797794
8752797795
8752797796
8752797797
8752797799
8752797805
8752797808
8752797809
8752797811
8752797813
8752797814
8752797816
8752797823
8752797824
8752797826
8752797831
8752797833
8752797835
8752797842
8752797843
8752797845
8752797856
8752797858
8752797861
8752797862
8752797873
8752797894
8752797895
8752797896
8752797897
8752797903
8752797905
8752797906
8752797917
8752797918
8752797919
8752797921
8752797922
8752797923
8752797927
8752797928
8752797930
8752797932
8752797941
8752797944
8752797945
8752797946
8752797947
8752797948
8752797950
8752797958
8752797962
8752797963
8752797972
8752797976
8752797977
8752797986
8752797987
8752797993
8752797994
8752797998
8752798001
8752798003
8752798012
8752798013
8752798028
8752798036
8752798038
8752798039
8752798040
8752798041
8752798042
8752798043
8752798045
8752798047
8752798053
8752798055
8752798057
8752798061
8752798063
8752798074
8752798077
8752798078
8752798088
8752798089
8752798090
8752798101
8752798103
8752798110
8752798112
8752798113
8752798114
8752798122
8752798123
8752798124
8752798125
8752798127
8752798128
8752798129
8752798144
8752798151
8752798152
8752798154
8752798163
8752798166
8752798167
8752798179
8752798201
8752798202
8752798204
8752798212
8752798213
8752798214
8752798222
8752798224
8752798225
8752798237
8752798248
8752798252
8752798254
8752798262
8752798263
8752798265
8752798271
8752798272
8752798273
8752798274
8752798276
8752798277
8752798282
8752798284
8752798285
8752798286
8752798287
8752798289
8752798290
8752798301
8752798302
8752798303
8752798304
8752798306
8752798308
8752798309
8752798310
8752798315
8752798317
8752798318
8752798320
8752798323
8752798326
8752798328
8752798337
8752798338
8752798340
8752798345
8752798347
8752798349
8752798351
8752798363
8752798364
8752798368
8752798376
8752798378
8752798379
8752798380
8752798382
8752798388
8752798390
8752798391
8752798395
8752798397
8752798404
8752798406
8752798407
8752798408
8752798409
8752798410
8752798411
8752798422
8752798425
8752798428
8752798437
8752798439
8752798440
8752798442
8752798443
8752798451
8752798452
8752798460
8752798461
8752798462
8752798463
8752798464
8752798466
8752798468
8752798470
8752798474
8752798476
8752798477
8752798478
8752798480
8752798483
8752798484
8752798486
8752798488
8752798491
8752798495
8752798496
8752798501
8752798502
8752798508
8752798509
8752798510
8752798519
8752798522
8752798523
8752798532
8752798533
8752798535
8752798536
8752798544
8752798545
8752798546
8752798547
8752798553
8752798554
8752798556
8752798562
8752798563
8752798564
8752798567
8752798568
8752798572
8752798582
8752798586
8752798587
8752798588
8752798590
8752798591
8752798592
8752798593
8752798594
8752798605
8752798606
8752798607
8752798608
8752798612
8752798614
8752798615
8752798616
8752798618
8752798624
8752798625
8752798638
8752798642
8752798643
8752798646
8752798647
8752798648
8752798649
8752798650
8752798659
8752798678
8752798679
8752798683
8752798690
8752798691
8752798693
8752798700
8752798705
8752798707
8752798720
8752798723
8752798725
8752798726
8752798729
8752798737
8752798738
8752798740
8752798742
8752798744
8752798745
8752798754
8752798757
8752798758
8752798759
8752798760
8752798766
8752798769
8752798778
8752798779
8752798780
8752798781
8752798783
8752798793
8752798795
8752798797
8752798801
8752798809
8752798814
8752798815
8752798816
8752798818
8752798825
8752798828
8752798830
8752798836
8752798837
8752798839
8752798841
8752798842
8752798844
8752798851
8752798853
8752798854
8752798856
8752798866
8752798869
8752798870
8752798875
8752798886
8752798888
8752798895
8752798897
8752798901
8752798904
8752798907
8752798917
8752798918
8752798919
8752798920
8752798921
8752929997
8752798927
8752798930
8752798931
8752798941
8752798948
8752798949
8752798959
8752798960
8752798962
8752798964
8752798967
8752798969
8752798970
8752798980
8752798982
8752798997
8752799006
8752799008
8752799020
8752799021
8752799023
8752799029
8752799033
8752799039
8752799049
8752799051
8752799052
8752799055
8752799056
8752799057
8752799066
8752799067
8752799068
8752799072
8752799075
8752799076
8752799087
8752799088
8752799089
8752799091
8752799101
8752799104
8752799105
8752799107
8752799108
8752799115
8752799118
8752799119
8752799120
8752799121
8752799124
8752799125
8752799126
8752799127
8752799128
8752799137
8752799139
8752799144
8752799147
8752799158
8752799159
8752799160
8752930234
8752799163
8752799174
8752799177
8752799178
8752799180
8752799181
8752799188
8752799198
8752799201
8752799203
8752799205
8752799208
8752799209
8752799211
8752799221
8752799222
8752799223
8752799224
8752799225
8752799233
8752799235
8752799237
8752799238
8752799239
8752799240
8752799254
8752799260
8752799262
8752799265
8752799276
8752799277
8752799281
8752799288
8752799290
8752799293
8752799294
8752799299
8752799300
8752799302
8752799306
8752799307
8752799316
8752799317
8752799318
8752799322
8752799323
8752799332
8752799342
8752799343
8752799344
8752799357
8752799360
8752771530
8752799366
8752799367
8752799368
8752799369
8752799370
8752799371
8752799372
8752799374
8752799375
8752799385
8752799387
8752799388
8752799389
8752799395
8752799397
8752799416
8752799426
8752799427
8752799428
8752799429
8752799431
8752799439
8752799440
8752799441
8752799446
8752799447
8752799461
8752799465
8752799466
8752799467
8752799473
8752799474
8752799475
8752799476
8752799478
8752799489
8752799509
8752799510
8752799511
8752799518
8752799524
8752799541
8752799543
8752799545
8752799546
8752799555
8752799557
8752799559
8752799561
8752799569
8752799570
8752799580
8752799581
8752799582
8752799591
8752799592
8752799596
8752799598
8752799601
8752799609
8752799610
8752799611
8752799613
8752799614
8752799616
8752799617
8752799618
8752799619
8752799620
8752799625
8752799627
8752799628
8752799629
8752799633
8752799637
8752799640
8752799641
8752799642
8752799643
8752799647
8752799655
8752799657
8752799658
8752799660
8752799661
8752799662
8752799670
8752799671
8752799684
8752799685
8752799686
8752799687
8752799688
8752799690
8752799691
8752799699
8752799702
8752799703
8752799704
8752799713
8752799714
8752799715
8752799717
8752799719
8752799720
8752799721
8752799724
8752799731
8752799732
8752799736
8752799740
8752799741
8752799743
8752799747
8752799748
8752799750
8752799753
8752799754
8752799755
8752799762
8752799763
8752799765
8752799768
8752799773
8752799774
8752799775
8752799776
8752799777
8752930855
8752799789
8752799790
8752799792
8752799793
8752799794
8752799797
8752799805
8752799806
8752799807
8752799808
8752799812
8752799816
8752799817
8752799818
8752799820
8752799824
8752799832
8752799835
8752799836
8752799837
8752799850
8752799852
8752799866
8752799870
8752799872
8752799874
8752799876
8752799877
8752799879
8752799880
8752799881
8752799886
8752799896
8752799897
8752799906
8752799908
8752799909
8752799910
8752799911
8752799921
8752799922
8752799923
8752799924
8752799927
8752799932
8752799933
8752799936
8752799937
8752799941
8752799942
8752799943
8752799946
8752799947
8752799948
8752799949
8752799958
8752799959
8752799960
8752799961
8752799962
8752799967
8752799977
8752799978
8752799979
8752799982
8752799986
8752799987
8752799988
8752799999
8752800000
8752800002
8752800006
8752800007
8752800025
8752800026
8752800030
8752800040
8752800041
8752800042
8752800044
8752800045
8752800047
8752800048
8752800053
8752800063
8752800065
8752800068
8752800070
8752800071
8752800073
8752800084
8752800086
8752800087
8752800089
8752800092
8752800106
8752800107
8752800108
8752800113
8752800114
8752800116
8752800122
8752800137
8752800138
8752800147
8752800148
8752800151
8752800154
8752800159
8752800160
8752800161
8752800162
8752800163
8752800173
8752800174
8752800178
8752800181
8752800182
8752800192
8752800193
8752800194
8752800205
8752800206
8752800208
8752800209
8752800220
8752800222
8752931297
8752800233
8752800234
8752800236
8752800237
8752800238
8752800246
8752800249
8752800258
8752800259
8752800263
8752800273
8752800275
8752800278
8752800286
8752800287
8752800289
8752800290
8752800292
8752800298
8752800301
8752800302
8752800303
8752800315
8752800316
8752800317
8752800323
8752800327
8752800330
8752800331
8752800332
8752800334
8752800341
8752800342
8752800343
8752800344
8752800347
8752800348
8752800355
8752800356
8752800358
8752800359
8752800368
8752800376
8752800378
8752800383
8752800384
8752800385
8752800399
8752800401
8752800402
8752800403
8752800412
8752800413
8752800415
8752800416
8752800417
8752800421
8752800432
8752800441
8752800443
8752800444
8752800445
8752800446
8752800448
8752800457
8752800458
8752800459
8752800471
8752800474
8752800477
8752800479
8752800482
8752800483
8752800491
8752800494
8752800495
8752800502
8752800504
8752800507
8752800508
8752800512
8752800515
8752800523
8752800526
8752800528
8752800535
8752800536
8752800540
8752800541
8752800542
8752800543
8752800551
8752800552
8752800556
8752800581
8752800585
8752800592
8752800594
8752800595
8752800596
8752800608
8752800610
8752800611
8752800619
8752800620
8752800623
8752800624
8752800625
8752800626
8752800636
8752800639
8752800640
8752800641
8752800649
8752800650
8752800651
8752800652
8752800653
8752800660
8752800662
8752800663
8752800665
8752800666
8752800667
8752800668
8752800669
8752800670
8752800678
8752800680
8752800681
8752771794
8752800694
8752800695
8752800696
8752800697
8752800698
8752800700
8752800702
8752800704
8752800715
8752800716
8752800717
8752800718
8752800721
8752800722
8752800736
8752800737
8752800738
8752800739
8752800740
8752800747
8752800754
8752800755
8752800760
8752800763
8752800765
8752800778
8752800779
8752800781
8752800782
8752800789
8752800790
8752800792
8752800793
8752800799
8752800806
8752800807
8752800811
8752800816
8752800820
8752800822
8752800823
8752800824
8752800825
8752800826
8752800829
8752800830
8752800831
8752800834
8752800839
8752800840
8752800841
8752800858
8752800859
8752800874
8752800876
8752800880
8752800881
8752800883
8752800890
8752800899
8752800906
8752800907
8752800908
8752800909
8752800910
8752800922
8752800923
8752800924
8752800925
8752800926
8752800941
8752800950
8752800962
8752771849
8752800973
8752800974
8752800975
8752800979
8752800988
8752800989
8752800990
8752800991
8752801003
8752801012
8752801014
8752801016
8752801023
8752801026
8752801027
8752801029
8752801040
8752801041
8752801042
8752801045
8752801047
8752801060
8752801066
8752801069
8752801077
8752801078
8752801085
8752801086
8752801094
8752801095
8752801096
8752801099
8752801108
8752801110
8752801111
8752801112
8752801123
8752801125
8752801126
8752801136
8752801137
8752801139
8752801149
8752801153
8752801154
8752801155
8752801156
8752801157
8752801158
8752801160
8752801164
8752801165
8752801176
8752801177
8752801184
8752801186
8752801189
8752801194
8752801198
8752801199
8752801204
8752801205
8752801206
8752801208
8752801210
8752801224
8752801225
8752801226
8752801231
8752801244
8752801247
8752801248
8752801255
8752801257
8752801258
8752801260
8752801275
8752801283
8752801285
8752801286
8752801287
8752801288
8752801289
8752801301
8752801303
8752801304
8752801313
8752801314
8752801315
8752801317
8752801318
8752801319
8752801325
8752801331
8752801334
8752801340
8752801341
8752801342
8752801344
8752801345
8752801349
8752801350
8752801357
8752801358
8752801361
8752801362
8752801369
8752801370
8752801379
8752801380
8752801382
8752801383
8752801384
8752801393
8752801396
8752801402
8752801403
8752801404
8752801406
8752801407
8752801409
8752801411
8752801414
8752801420
8752801421
8752801423
8752801430
8752801431
8752801432
8752801433
8752801435
8752801441
8752801442
8752801443
8752801444
8752801445
8752801451
8752801452
8752801457
8752801466
8752801468
8752801470
8752801471
8752801483
8752801484
8752801490
8752801493
8752801512
8752801518
8752801519
8752801520
8752801521
8752801546
8752801547
8752801548
8752801555
8752801557
8752801566
8752801567
8752801568
8752801569
8752801579
8752801587
8752801588
8752801589
8752801590
8752801591
8752801592
8752801593
8752801594
8752801595
8752801596
8752801597
8752801601
8752801602
8752801612
8752801614
8752801621
8752801623
8752801625
8752801628
8752801630
8752801642
8752801643
8752801645
8752801655
8752801657
8752801659
8752801661
8752801662
8752801679
8752801692
8752801693
8752801694
8752801697
8752801698
8752801702
8752801709
8752801710
8752801711
8752801720
8752801722
8752801726
8752801733
8752801736
8752801738
8752801739
8752801744
8752801745
8752801747
8752801749
8752801750
8752801753
8752801762
8752801763
8752801764
8752801770
8752801774
8752801775
8752801778
8752801779
8752801790
8752801791
8752801792
8752801795
8752801796
8752801799
8752801806
8752801808
8752801810
8752801817
8752801821
8752801822
8752801823
8752801831
8752801833
8752801834
8752801835
8752801845
8752801846
8752801847
8752801849
8752801850
8752801851
8752801854
8752801864
8752801871
8752801872
8752801883
8752801885
8752801892
8752801895
8752801897
8752801908
8752801910
8752801914
8752801915
8752801916
8752801917
8752801918
8752801923
8752801935
8752801937
8752801938
8752801940
8752801948
8752801957
8752801959
8752801961
8752801966
8752801967
8752801968
8752801972
8752801973
8752801979
8752801980
8752801989
8752801990
8752801992
8752801993
8752802003
8752802013
8752802014
8752802016
8752802017
8752802027
8752802030
8752802031
8752802037
8752802038
8752802039
8752802040
8752802042
8752802044
8752802045
8752802047
8752802048
8752802062
8752802065
8752802066
8752802084
8752802091
8752802093
8752802094
8752802095
8752802096
8752802104
8752802105
8752802108
8752802117
8752802118
8752802120
8752802121
8752802125
8752802139
8752802140
8752802141
8752802142
8752802144
8752802150
8752802151
8752802153
8752802155
8752802162
8752802163
8752802164
8752802166
8752802169
8752802170
8752802171
8752802173
8752802182
8752802187
8752802190
8752802204
8752802205
8752802207
8752802212
8752802214
8752802217
8752802218
8752802219
8752802220
8752802227
8752802228
8752802229
8752802230
8752802231
8752802233
8752802245
8752802246
8752802264
8752802266
8752802267
8752802281
8752802282
8752802284
8752802287
8752802288
8752802289
8752802290
8752802297
8752802299
8752802307
8752802308
8752802310
8752802311
8752802321
8752802322
8752802328
8752802330
8752802331
8752802333
8752802334
8752802344
8752802345
8752802346
8752802348
8752802349
8752802360
8752802361
8752802363
8752802365
8752802366
8752802371
8752802373
8752802374
8752802383
8752802385
8752802387
8752802394
8752802407
8752802409
8752802411
8752802412
8752802415
8752802416
8752802417
8752802421
8752802422
8752802424
8752802425
8752802426
8752802428
8752802431
8752802433
8752802434
8752802446
8752802447
8752802448
8752802449
8752802455
8752802464
8752802466
8752802467
8752802469
8752802483
8752802486
8752802498
8752802511
8752802512
8752802513
8752802514
8752802515
8752802523
8752802525
8752802526
8752802533
8752802535
8752802537
8752802540
8752802548
8752802550
8752802552
8752802553
8752802555
8752802556
8752802562
8752802563
8752802564
8752802566
8752802567
8752802580
8752802583
8752802590
8752802605
8752802606
8752802607
8752802610
8752802611
8752802613
8752802621
8752802623
8752802624
8752802625
8752802626
8752802643
8752802644
8752802645
8752802647
8752802648
8752802651
8752802657
8752802659
8752802661
8752802662
8752802663
8752802664
8752802669
8752802670
8752802671
8752802676
8752802687
8752802688
8752802689
8752802690
8752802694
8752802695
8752802696
8752802699
8752802700
8752802711
8752802712
8752802713
8752802714
8752802716
8752802717
8752802720
8752802723
8752802724
8752802727
8752802729
8752802730
8752802737
8752802738
8752802739
8752802740
8752802741
8752802748
8752802763
8752802765
8752802766
8752802771
8752802772
8752802773
8752802784
8752802788
8752802789
8752802790
8752746160
8752802792
8752802803
8752802804
8752802806
8752802807
8752802815
8752802816
8752802820
8752802822
8752802824
8752802826
8752802836
8752802837
8752802841
8752802842
8752802843
8752802844
8752802852
8752802855
8752802856
8752802858
8752802866
8752802869
8752802873
8752802884
8752802887
8752802888
8752802889
8752802890
8752802891
8752802892
8752802898
8752802902
8752802903
8752802904
8752802909
8752802910
8752802915
8752802917
8752802918
8752802919
8752802920
8752802922
8752802924
8752802925
8752802926
8752802927
8752802938
8752802941
8752802942
8752772242
8752802951
8752802952
8752802955
8752802959
8752802960
8752802961
8752802969
8752802970
8752802979
8752802981
8752802983
8752802991
8752802992
8752802995
8752802996
8752802998
8752803008
8752803010
8752803011
8752803013
8752803023
8752803034
8752803035
8752803043
8752803045
8752803050
8752803053
8752803054
8752803059
8752803061
8752803062
8752803064
8752803066
8752803075
8752803076
8752803077
8752803078
8752803079
8752803080
8752803092
8752803094
8752803100
8752803102
8752803104
8752803109
8752803121
8752803133
8752803138
8752803144
8752803146
8752803153
8752803154
8752803161
8752803162
8752803163
8752803166
8752803167
8752803168
8752803174
8752803182
8752803186
8752803187
8752803189
8752803190
8752803191
8752803192
8752803193
8752803202
8752803205
8752803207
8752803208
8752803217
8752803218
8752803219
8752803220
8752803221
8752803231
8752803232
8752803246
8752803250
8752803252
8752803263
8752803272
8752803273
8752803274
8752803276
8752803286
8752803287
8752803288
8752803290
8752803292
8752803294
8752803295
8752803296
8752803304
8752803305
8752803308
8752803309
8752803311
8752803314
8752803316
8752803324
8752803326
8752803328
8752803329
8752803330
8752803331
8752803332
8752803338
8752803341
8752803342
8752803352
8752803355
8752803360
8752803362
8752803375
8752803376
8752803377
8752803378
8752803396
8752803398
8752803410
8752803413
8752803414
8752803416
8752803423
8752803428
8752803429
8752803432
8752803433
8752803439
8752803440
8752803442
8752803452
8752803453
8752803454
8752803455
8752803468
8752803480
8752803484
8752803485
8752803496
8752803501
8752803502
8752803508
8752803512
8752803513
8752803515
8752803522
8752803523
8752803525
8752803526
8752803531
8752803535
8752803537
8752803549
8752803550
8752803551
8752803552
8752803553
8752803564
8752803570
8752803571
8752803583
8752803593
8752803595
8752803597
8752803598
8752803600
8752803601
8752803602
8752803606
8752803612
8752803617
8752803618
8752803628
8752803629
8752803630
8752803631
8752803642
8752803652
8752803654
8752803656
8752803657
8752803666
8752803668
8752803678
8752803680
8752803681
8752803682
8752803683
8752803686
8752803688
8752803696
8752803697
8752803700
8752803703
8752803708
8752803717
8752803728
8752803729
8752803731
8752803735
8752803736
8752803742
8752803744
8752803747
8752803750
8752803758
8752803760
8752803770
8752803771
8752803772
8752803783
8752803784
8752803785
8752803793
8752803794
8752803795
8752803804
8752803807
8752803808
8752803810
8752803812
8752803822
8752803823
8752803824
8752803825
8752803828
8752803829
8752803838
8752803839
8752803840
8752803841
8752803846
8752803848
8752803850
8752803851
8752803859
8752803860
8752803862
8752803869
8752803870
8752803871
8752803872
8752803878
8752803879
8752803880
8752803881
8752803883
8752803884
8752803886
8752803899
8752803900
8752803909
8752803913
8752803916
8752803917
8752803918
8752803922
8752803924
8752803925
8752803942
8752803944
8752803952
8752803954
8752803962
8752803964
8752803965
8752803967
8752803968
8752803969
8752803971
8752803983
8752803985
8752803987
8752803988
8752803989
8752803993
8752803994
8752803995
8752803998
8752804001
8752804002
8752804003
8752804008
8752804010
8752804013
8752804018
8752804019
8752804022
8752804023
8752804026
8752804027
8752804028
8752804031
8752804034
8752804042
8752804043
8752804047
8752804049
8752804051
8752804052
8752804063
8752804065
8752804067
8752804068
8752804069
8752804071
8752804072
8752804090
8752804091
8752804092
8752804101
8752804103
8752804105
8752804106
8752804107
8752804115
8752804116
8752804121
8752804129
8752804134
8752804137
8752804139
8752804151
8752804152
8752804154
8752804155
8752804156
8752804167
8752804170
8752804171
8752804172
8752804173
8752804174
8752804175
8752804177
8752804178
8752804187
8752804188
8752804196
8752804200
8752804202
8752804203
8752804208
8752804209
8752804210
8752804212
8752804220
8752804221
8752804222
8752804224
8752804225
8752804226
8752804227
8752804237
8752804238
8752804246
8752804250
8752804257
8752804258
8752804271
8752804272
8752804273
8752804276
8752804285
8752804287
8752804288
8752804291
8752804292
8752804293
8752804294
8752804304
8752804305
8752804306
8752804320
8752804332
8752804333
8752804334
8752804335
8752804343
8752804344
8752804345
8752804346
8752804348
8752804349
8752804350
8752804362
8752804364
8752804375
8752804376
8752804377
8752804378
8752804386
8752804392
8752804393
8752804396
8752804398
8752804402
8752804403
8752804405
8752804414
8752804416
8752804417
8752804419
8752804430
8752804432
8752804435
8752804436
8752804437
8752804440
8752804451
8752804452
8752804453
8752804455
8752804456
8752804458
8752804460
8752804461
8752804462
8752804463
8752804464
8752804466
8752804468
8752804470
8752804471
8752804472
8752804479
8752804481
8752804483
8752804485
8752804486
8752804498
8752804499
8752804500
8752804501
8752804511
8752804513
8752804514
8752804522
8752804531
8752804532
8752804544
8752804545
8752804546
8752804553
8752804555
8752804559
8752804568
8752804571
8752804572
8752804573
8752804582
8752804586
8752804587
8752804593
8752804595
8752804615
8752804616
8752804617
8752804618
8752804625
8752804626
8752804631
8752804648
8752804649
8752804651
8752804652
8752804653
8752804658
8752804660
8752804666
8752804673
8752804675
8752804677
8752804679
8752804689
8752804691
8752804700
8752804701
8752804702
8752804712
8752804713
8752804723
8752804726
8752804727
8752804745
8752804747
8752804749
8752804751
8752804766
8752804768
8752804776
8752804777
8752804778
8752804783
8752804784
8752804785
8752804786
8752804789
8752804790
8752804791
8752804798
8752804799
8752804810
8752804811
8752804812
8752804818
8752804821
8752804822
8752804831
8752804834
8752804838
8752804842
8752804844
8752804845
8752804846
8752804847
8752804854
8752804855
8752804860
8752804861
8752804862
8752804863
8752804864
8752804865
8752804866
8752804867
8752804877
8752804878
8752804881
8752804888
8752804889
8752804891
8752804892
8752804893
8752804902
8752804904
8752804907
8752804909
8752804910
8752804912
8752804917
8752804918
8752804922
8752804923
8752804924
8752804929
8752804930
8752804932
8752804933
8752804934
8752804941
8752804943
8752804944
8752804946
8752804947
8752804958
8752804960
8752804961
8752804968
8752804969
8752804971
8752804972
8752804975
8752804976
8752804977
8752804978
8752804986
8752804987
8752804989
8752804990
8752804992
8752804994
8752804995
8752805002
8752805004
8752805013
8752805014
8752805016
8752805017
8752805018
8752805024
8752805025
8752805026
8752805027
8752805028
8752805029
8752805030
8752805039
8752805040
8752805042
8752805052
8752805054
8752805070
8752805082
8752805085
8752805086
8752805093
8752805094
8752805095
8752805096
8752805106
8752805110
8752805111
8752805119
8752805121
8752805124
8752805125
8752805126
8752805129
8752805132
8752805136
8752805141
8752805143
8752746628
8752805147
8752805148
8752805152
8752805166
8752805175
8752805176
8752805177
8752805185
8752805189
8752805190
8752805196
8752805199
8752805200
8752805201
8752805203
8752805204
8752805212
8752805213
8752805214
8752805215
8752805217
8752805219
8752805228
8752805230
8752805235
8752805243
8752805253
8752805254
8752805256
8752805257
8752805263
8752805266
8752805281
8752805282
8752805292
8752805301
8752805306
8752805309
8752805310
8752805311
8752805312
8752805313
8752805314
8752805315
8752805316
8752805323
8752805326
8752805329
8752805334
8752805335
8752805342
8752805344
8752805346
8752805348
8752805354
8752805355
8752805356
8752805358
8752805361
8752805375
8752805378
8752805391
8752805392
8752805404
8752805406
8752805412
8752805413
8752805414
8752805419
8752805424
8752805425
8752805426
8752805428
8752805431
8752805432
8752805439
8752805442
8752805444
8752805445
8752805446
8752805458
8752805459
8752805461
8752805463
8752805464
8752805465
8752805467
8752805479
8752805480
8752805481
8752805482
8752805483
8752805490
8752805491
8752805494
8752805495
8752805496
8752805497
8752805499
8752805500
8752805502
8752805512
8752805514
8752805515
8752805516
8752805517
8752805518
8752805525
8752805526
8752805528
8752805529
8752805530
8752805532
8752805538
8752805539
8752805540
8752805542
8752805543
8752805550
8752805551
8752805552
8752805557
8752805560
8752805568
8752805577
8752805582
8752805593
8752805597
8752805614
8752805615
8752805616
8752805628
8752805636
8752805638
8752805649
8752805651
8752805653
8752805654
8752805655
8752805656
8752805665
8752805666
8752805667
8752805670
8752805671
8752805676
8752805685
8752805686
8752805697
8752805700
8752805704
8752805711
8752805715
8752805716
8752805718
8752805719
8752805722
8752805732
8752805735
8752805736
8752805737
8752805738
8752805739
8752805746
8752805747
8752805749
8752805750
8752805751
8752805753
8752805757
8752805759
8752805760
8752805761
8752805762
8752805763
8752805765
8752805773
8752805774
8752805775
8752805777
8752805779
8752805780
8752805781
8752805784
8752805792
8752805796
8752805806
8752805808
8752805809
8752805816
8752805821
8752805822
8752805823
8752805830
8752805833
8752805847
8752805848
8752805850
8752805853
8752805855
8752805859
8752805860
8752805861
8752805863
8752805867
8752805868
8752805869
8752805870
8752805878
8752805886
8752805887
8752805888
8752805889
8752805895
8752805896
8752805913
8752805914
8752805917
8752805918
8752805921
8752805922
8752805923
8752805925
8752805926
8752805928
8752805931
8752805937
8752805940
8752805953
8752805954
8752805955
8752805957
8752805964
8752805969
8752805975
8752805977
8752805978
8752805979
8752805980
8752805988
8752805991
8752805996
8752806002
8752806003
8752806010
8752806011
8752806012
8752806013
8752806014
8752806015
8752806024
8752806026
8752806037
8752806039
8752806045
8752806047
8752806055
8752806064
8752806067
8752806068
8752806069
8752806083
8752806084
8752806085
8752806088
8752806101
8752806108
8752806110
8752806112
8752806121
8752806122
8752806123
8752806124
8752806126
8752806129
8752806130
8752806131
8752806132
8752806137
8752806140
8752806142
8752806143
8752806151
8752806153
8752806154
8752806156
8752806167
8752806169
8752806171
8752806172
8752806173
8752806174
8752806181
8752806182
8752806184
8752806191
8752806192
8752806193
8752806194
8752806195
8752806199
8752806200
8752806204
8752806209
8752806211
8752806213
8752806215
8752806217
8752806223
8752806225
8752806228
8752806229
8752806235
8752806238
8752806246
8752806247
8752806249
8752806251
8752806260
8752806269
8752806272
8752806273
8752806278
8752806279
8752806280
8752806281
8752806283
8752806284
8752806286
8752806293
8752806295
8752806296
8752806297
8752806298
8752806302
8752806303
8752806304
8752806306
8752806308
8752806323
8752806326
8752806337
8752806339
8752806340
8752806343
8752806347
8752806348
8752806349
8752806350
8752806357
8752806358
8752806361
8752806363
8752806374
8752806375
8752806376
8752806387
8752806388
8752806395
8752806398
8752806399
8752806400
8752806401
8752806402
8752806403
8752806413
8752806414
8752806415
8752806426
8752806434
8752806436
8752806446
8752806447
8752806449
8752806454
8752806455
8752806459
8752806460
8752806463
8752806464
8752806465
8752806467
8752806476
8752806479
8752806480
8752806481
8752806483
8752806484
8752806488
8752806489
8752806492
8752806494
8752806506
8752806515
8752806516
8752806517
8752806519
8752806520
8752806529
8752806530
8752806533
8752806535
8752806536
8752806537
8752806547
8752806548
8752806549
8752806551
8752806564
8752806572
8752806573
8752806575
8752806576
8752806587
8752806589
8752806591
8752806592
8752806599
8752806600
8752806601
8752806607
8752806608
8752806609
8752806611
8752806612
8752806623
8752806624
8752806625
8752806626
8752806627
8752806629
8752806637
8752806638
8752806640
8752806650
8752806651
8752806652
8752806653
8752806654
8752806655
8752806662
8752806663
8752806664
8752806667
8752806670
8752806671
8752806672
8752806675
8752806676
8752806678
8752806679
8752806688
8752806689
8752806690
8752806691
8752806692
8752806698
8752806706
8752806708
8752806709
8752806710
8752806711
8752806712
8752806713
8752806731
8752806732
8752806742
8752806755
8752806756
8752773000
8752806759
8752806760
8752806765
8752806766
8752806774
8752806776
8752806785
8752806788
8752806798
8752806800
8752806809
8752806811
8752806812
8752806825
8752806827
8752806828
8752806839
8752806843
8752806846
8752806847
8752806856
8752806857
8752806858
8752806867
8752806869
8752806870
8752806872
8752806873
8752806883
8752806902
8752806903
8752806907
8752806909
8752806910
8752806913
8752806916
8752806936
8752806938
8752806947
8752806948
8752806950
8752806951
8752806954
8752806955
8752806956
8752806967
8752806971
8752806972
8752806974
8752806982
8752806983
8752806985
8752806986
8752806996
8752806999
8752807000
8752807001
8752807010
8752807015
8752807017
8752807019
8752807025
8752807026
8752807027
8752807029
8752807040
8752807041
8752807043
8752807044
8752807045
8752807046
8752807053
8752807054
8752807056
8752807060
8752807064
8752807070
8752807071
8752807072
8752807077
8752807078
8752807082
8752807086
8752807087
8752747016
8752807100
8752807109
8752807110
8752807113
8752807121
8752807127
8752807129
8752773078
8752807153
8752807154
8752807167
8752807168
8752807170
8752807183
8752807184
8752807188
8752807189
8752807190
8752807192
8752807205
8752807213
8752807215
8752807217
8752807225
8752807235
8752807236
8752807238
8752807240
8752807242
8752807244
8752807246
8752807248
8752807249
8752807250
8752807261
8752807265
8752807276
8752807278
8752807282
8752807288
8752807289
8752807290
8752807291
8752807292
8752807299
8752807313
8752807314
8752807315
8752807316
8752807323
8752807327
8752807328
8752807329
8752807330
8752807338
8752807341
8752807351
8752807352
8752807354
8752807361
8752807373
8752807374
8752807375
8752807376
8752807378
8752807385
8752807386
8752807388
8752807389
8752807393
8752807396
8752807397
8752807407
8752807408
8752807409
8752807410
8752807414
8752807415
8752807424
8752807427
8752807437
8752807438
8752807445
8752807446
8752807447
8752807448
8752807450
8752807452
8752807453
8752807454
8752747087
8752807461
8752807463
8752807465
8752807466
8752807474
8752807477
8752807479
8752807480
8752807486
8752807488
8752807491
8752807494
8752807495
8752807503
8752807504
8752807505
8752807516
8752807519
8752807529
8752807532
8752807536
8752807537
8752807538
8752807539
8752807540
8752807548
8752807550
8752807551
8752807552
8752807555
8752807556
8752807557
8752807561
8752807568
8752807569
8752807573
8752807575
8752807586
8752807588
8752807590
8752807596
8752807600
8752807603
8752807611
8752807614
8752807615
8752807621
8752807622
8752807626
8752807629
8752807634
8752807636
8752807642
8752807645
8752807646
8752807656
8752807661
8752807662
8752807666
8752807668
8752807670
8752807680
8752807682
8752807683
8752807684
8752807693
8752807694
8752807695
8752807697
8752807720
8752807721
8752807724
8752807725
8752807726
8752807734
8752807739
8752807748
8752807749
8752807751
8752807760
8752807762
8752807765
8752807767
8752807775
8752807776
8752807778
8752807780
8752807781
8752807784
8752807795
8752807796
8752807805
8752807806
8752807809
8752807811
8752807824
8752807825
8752807834
8752807836
8752807837
8752807839
8752807842
8752807843
8752807845
8752807846
8752807847
8752807848
8752807849
8752807851
8752807853
8752807854
8752807860
8752807861
8752807862
8752807863
8752807864
8752807874
8752807875
8752807876
8752807877
8752807878
8752807879
8752807890
8752807892
8752807893
8752807899
8752807902
8752807904
8752807913
8752807914
8752807922
8752807923
8752807924
8752807933
8752807934
8752807936
8752807937
8752807938
8752807943
8752807949
8752807950
8752807954
8752807956
8752807962
8752807963
8752807965
8752807978
8752807980
8752807982
8752807983
8752807984
8752807985
8752807986
8752807993
8752807995
8752807996
8752808000
8752808001
8752808002
8752808004
8752808005
8752808016
8752808021
8752808023
8752808024
8752808028
8752808030
8752808031
8752808033
8752808042
8752808043
8752808045
8752808046
8752808047
8752808048
8752808050
8752808051
8752808063
8752808064
8752808071
8752808072
8752808084
8752808086
8752808087
8752808088
8752808089
8752808095
8752808097
8752808102
8752808103
8752808109
8752808111
8752808116
8752808117
8752808125
8752808126
8752808127
8752808128
8752808129
8752808130
8752808138
8752808140
8752808141
8752808147
8752808152
8752808159
8752808161
8752808162
8752808163
8752808164
8752808167
8752808169
8752808178
8752808180
8752808181
8752808182
8752808183
8752808194
8752808195
8752808206
8752808207
8752808210
8752808216
8752808218
8752808220
8752808222
8752808223
8752808224
8752808225
8752808233
8752808234
8752808237
8752808239
8752808242
8752808255
8752808256
8752808259
8752808260
8752808262
8752808267
8752808268
8752808270
8752808272
8752808273
8752808274
8752808281
8752808284
8752808291
8752808295
8752808296
8752808302
8752808304
8752808305
8752808306
8752808307
8752808308
8752808310
8752808311
8752808313
8752808323
8752808324
8752808325
8752808332
8752808334
8752808336
8752808337
8752808338
8752808341
8752808348
8752808349
8752808350
8752808351
8752808359
8752808360
8752808362
8752808363
8752808364
8752808365
8752808366
8752808372
8752808375
8752808377
8752808380
8752808382
8752808395
8752808396
8752808398
8752808399
8752808404
8752808405
8752808407
8752808408
8752808411
8752808412
8752808413
8752808421
8752808426
8752808428
8752808431
8752808433
8752808434
8752808439
8752808440
8752808442
8752808444
8752808455
8752808456
8752808457
8752808458
8752808461
8752808474
8752808475
8752808492
8752808494
8752808495
8752808508
8752808509
8752808520
8752808521
8752808522
8752808523
8752808524
8752808529
8752808530
8752808532
8752808534
8752808544
8752808546
8752808547
8752808549
8752808550
8752808558
8752808559
8752808562
8752808563
8752808567
8752808569
8752808571
8752808581
8752808583
8752808584
8752808586
8752808591
8752808592
8752808594
8752808595
8752808596
8752808601
8752808603
8752808613
8752808617
8752808618
8752808620
8752808621
8752808627
8752808628
8752808639
8752808641
8752808644
8752808654
8752808656
8752808657
8752808668
8752808669
8752808677
8752808680
8752808682
8752808688
8752808689
8752808690
8752808693
8752808695
8752808696
8752808697
8752808708
8752808709
8752808710
8752808712
8752808714
8752808716
8752808717
8752808727
8752808728
8752808730
8752808732
8752808746
8752808747
8752808748
8752808751
8752773397
8752773398
8752808760
8752808762
8752808764
8752808765
8752808766
8752808767
8752808769
8752808770
8752808773
8752808775
8752808776
8752808778
8752808780
8752808781
8752808795
8752808796
8752808806
8752808807
8752808818
8752808819
8752808824
8752808825
8752808826
8752808827
8752808828
8752808829
8752808830
8752808843
8752808845
8752808856
8752808868
8752808870
8752808871
8752808872
8752808878
8752808880
8752808881
8752808882
8752808888
8752808890
8752808891
8752808893
8752808898
8752808901
8752808909
8752808910
8752808912
8752808914
8752808915
8752808922
8752808923
8752808924
8752808927
8752808928
8752808929
8752808930
8752808932
8752808942
8752808943
8752808945
8752808946
8752808951
8752808952
8752808953
8752808954
8752808956
8752808967
8752808975
8752808977
8752808987
8752808989
8752808990
8752808994
8752808996
8752809007
8752809009
8752809010
8752809017
8752809018
8752809019
8752809022
8752809023
8752809032
8752809034
8752809036
8752809037
8752809038
8752809044
8752809045
8752809046
8752809047
8752809049
8752809058
8752809065
8752809067
8752809068
8752809072
8752809074
8752809076
8752809077
8752809078
8752809087
8752809088
8752809090
8752809092
8752809100
8752809106
8752809114
8752809116
8752809119
8752809125
8752809126
8752809128
8752809142
8752809143
8752809146
8752809147
8752809158
8752809161
8752809162
8752809164
8752809174
8752809182
8752809183
8752809189
8752809192
8752809193
8752809194
8752809196
8752809197
8752809198
8752809205
8752809207
8752809210
8752809211
8752809220
8752809221
8752809222
8752809223
8752809225
8752809228
8752809247
8752809250
8752809252
8752809256
8752809260
8752809261
8752809270
8752809271
8752809273
8752809287
8752809299
8752809306
8752809309
8752809315
8752809317
8752809321
8752809324
8752809325
8752809336
8752809339
8752809346
8752809349
8752809357
8752809360
8752809361
8752809362
8752809364
8752809371
8752809375
8752809385
8752809386
8752809389
8752809391
8752809392
8752809393
8752809394
8752809404
8752809406
8752809407
8752809413
8752809415
8752809416
8752809418
8752809426
8752809428
8752809433
8752809442
8752809451
8752809453
8752809455
8752809465
8752809467
8752809468
8752809472
8752809474
8752809482
8752809483
8752809484
8752809494
8752809510
8752809514
8752809515
8752809516
8752809518
8752809525
8752809526
8752809527
8752809537
8752809538
8752809549
8752809550
8752809551
8752809552
8752809553
8752809563
8752809566
8752809567
8752809575
8752809576
8752809589
8752809590
8752809592
8752809603
8752809604
8752809610
8752809617
8752809619
8752809620
8752809629
8752809630
8752809631
8752809632
8752809639
8752809642
8752809644
8752809645
8752809654
8752809655
8752809663
8752809664
8752809672
8752809677
8752809679
8752809687
8752809690
8752773584
8752809698
8752809700
8752809701
8752809702
8752773585
8752809707
8752809709
8752809711
8752809723
8752809724
8752809725
8752809726
8752809732
8752809733
8752809734
8752809737
8752809738
8752809745
8752809747
8752809748
8752809758
8752809760
8752809763
8752809764
8752809769
8752809772
8752809773
8752809779
8752809788
8752809789
8752809790
8752809802
8752809805
8752809806
8752809817
8752809818
8752809819
8752809821
8752809823
8752809824
8752809827
8752809828
8752809829
8752809835
8752809844
8752809851
8752809854
8752809856
8752809866
8752809867
8752809869
8752809870
8752809886
8752809887
8752809888
8752809898
8752809900
8752809904
8752809906
8752809907
8752809908
8752809909
8752809910
8752809915
8752809917
8752809920
8752809922
8752809923
8752809925
8752809942
8752809943
8752809944
8752809951
8752809953
8752809955
8752809956
8752809966
8752809974
8752809982
8752809983
8752809984
8752809986
8752810002
8752810004
8752810005
8752810006
8752810017
8752810018
8752810019
8752810021
8752810022
8752810024
8752810036
8752810045
8752810047
8752810049
8752810050
8752810052
8752810056
8752810057
8752810063
8752810067
8752810068
8752810069
8752810078
8752810079
8752810081
8752810083
8752810086
8752810100
8752810101
8752810109
8752810110
8752810111
8752810112
8752810126
8752810127
8752810143
8752810152
8752810153
8752810154
8752810156
8752810166
8752810167
8752810168
8752810169
8752810171
8752810172
8752810173
8752810177
8752810180
8752810181
8752810183
8752810187
8752810188
8752810192
8752810193
8752810203
8752810208
8752810217
8752810221
8752810222
8752810223
8752810226
8752810227
8752810228
8752810238
8752810241
8752810242
8752810243
8752810244
8752810248
8752810249
8752810250
8752810251
8752810254
8752810259
8752810260
8752810261
8752810275
8752810278
8752810279
8752810280
8752810285
8752810286
8752810287
8752810288
8752810289
8752810290
8752810294
8752810297
8752810299
8752810310
8752810311
8752810312
8752810318
8752810319
8752810320
8752810321
8752810331
8752810332
8752810335
8752810347
8752810348
8752810349
8752810350
8752810353
8752810354
8752810356
8752810361
8752810371
8752810372
8752810380
8752810381
8752810383
8752810384
8752810385
8752810386
8752810387
8752810391
8752810399
8752810400
8752810401
8752810403
8752810404
8752810405
8752810409
8752810413
8752810421
8752810422
8752810423
8752810424
8752810433
8752810437
8752810439
8752810442
8752810443
8752810447
8752810459
8752810460
8752810469
8752810480
8752810483
8752810484
8752810497
8752810498
8752810499
8752810500
8752810503
8752810511
8752810512
8752810514
8752810517
8752810520
8752810523
8752810526
8752810537
8752810538
8752810541
8752810544
8752810545
8752810546
8752810554
8752810555
8752810556
8752810557
8752810560
8752810561
8752810566
8752810567
8752810568
8752810569
8752810570
8752810574
8752810576
8752810584
8752810587
8752810588
8752810589
8752810596
8752810604
8752810606
8752810608
8752810615
8752810617
8752810619
8752810626
8752810628
8752810629
8752810630
8752810632
8752810640
8752810645
8752810646
8752810648
8752810649
8752810650
8752810657
8752810662
8752810663
8752810664
8752810672
8752810673
8752810674
8752810675
8752810683
8752810684
8752810685
8752810687
8752810689
8752810695
8752810696
8752810697
8752810706
8752810709
8752810716
8752810726
8752810727
8752810740
8752810750
8752810751
8752810752
8752810753
8752810756
8752810758
8752810759
8752810760
8752810769
8752810771
8752810774
8752810775
8752810782
8752810789
8752810794
8752810795
8752810798
8752810799
8752810800
8752810802
8752810803
8752810805
8752810807
8752810810
8752810812
8752810813
8752810814
8752810815
8752810824
8752810825
8752810827
8752810828
8752810830
8752810838
8752810847
8752810850
8752810851
8752810859
8752810860
8752810861
8752810863
8752810864
8752810873
8752810875
8752810879
8752810892
8752810893
8752810901
8752810902
8752810904
8752810905
8752810909
8752810910
8752810914
8752810917
8752810919
8752810929
8752810930
8752810931
8752810934
8752810935
8752810937
8752810938
8752810940
8752810943
8752810945
8752810947
8752810949
8752810951
8752810952
8752810955
8752810960
8752810961
8752810962
8752810965
8752810966
8752810978
8752810991
8752810993
8752810998
8752810999
8752811000
8752811001
8752811004
8752811011
8752811012
8752811027
8752811028
8752811030
8752811031
8752811032
8752811045
8752811049
8752811051
8752811052
8752811053
8752811064
8752811066
8752811068
8752811078
8752811081
8752811082
8752811084
8752811085
8752811096
8752811097
8752811102
8752811118
8752811121
8752811123
8752811124
8752811125
8752811135
8752811138
8752811151
8752811152
8752811153
8752811164
8752811165
8752811166
8752811175
8752811176
8752811178
8752811179
8752811184
8752811185
8752811186
8752811187
8752811189
8752811194
8752811197
8752811200
8752811202
8752811204
8752811213
8752811214
8752811215
8752811218
8752811219
8752811231
8752811232
8752811234
8752811235
8752811251
8752811254
8752811258
8752811259
8752811260
8752811261
8752811262
8752811273
8752811274
8752811275
8752811280
8752811285
8752811286
8752811290
8752811300
8752811301
8752811315
8752811317
8752811328
8752811332
8752811333
8752811334
8752811335
8752811336
8752811337
8752811338
8752811350
8752811351
8752811362
8752811364
8752811367
8752811368
8752811369
8752811373
8752811374
8752811385
8752811388
8752811397
8752811399
8752811401
8752811407
8752811408
8752811409
8752811413
8752811414
8752811419
8752811420
8752811421
8752811423
8752811426
8752811432
8752811433
8752811434
8752811435
8752811438
8752811439
8752811443
8752811444
8752811450
8752811451
8752811454
8752811455
8752811464
8752811465
8752811475
8752811476
8752811484
8752811491
8752811495
8752811508
8752811509
8752811510
8752811511
8752811513
8752811514
8752811522
8752811523
8752811524
8752811525
8752811526
8752811527
8752811538
8752811539
8752811540
8752811541
8752811551
8752811553
8752811554
8752811555
8752811557
8752811558
8752811568
8752811578
8752811581
8752811589
8752811590
8752811591
8752811593
8752811594
8752811600
8752811602
8752811612
8752811613
8752811626
8752811628
8752811630
8752811639
8752811641
8752811642
8752811644
8752811645
8752811650
8752811651
8752811652
8752811653
8752811660
8752811662
8752811672
8752811673
8752811676
8752811687
8752811688
8752811689
8752811690
8752811691
8752811702
8752811703
8752811704
8752811707
8752811711
8752811712
8752811714
8752811715
8752811716
8752811718
8752811720
8752811733
8752811734
8752811735
8752811736
8752811738
8752811740
8752811751
8752811752
8752811761
8752811763
8752811764
8752811765
8752811767
8752811773
8752811782
8752811785
8752811793
8752811794
8752811798
8752811799
8752811801
8752811809
8752811814
8752811815
8752811816
8752811825
8752811827
8752811828
8752811829
8752811831
8752811842
8752811843
8752811845
8752811852
8752811854
8752811855
8752811856
8752811863
8752811865
8752811868
8752811876
8752811877
8752811878
8752811879
8752811881
8752811884
8752811885
8752811887
8752811894
8752811895
8752811899
8752811906
8752811907
8752811909
8752811912
8752811914
8752811921
8752811923
8752811924
8752811927
8752811928
8752811933
8752811936
8752811937
8752811938
8752811948
8752811949
8752811956
8752811958
8752811965
8752811966
8752811972
8752811973
8752811977
8752811986
8752811987
8752811993
8752811994
8752811995
8752811997
8752811998
8752812000
8752812001
8752812005
8752812009
8752812011
8752812013
8752812014
8752812026
8752812028
8752812032
8752812034
8752812041
8752812045
8752812046
8752812057
8752812058
8752812059
8752812071
8752812072
8752812073
8752812074
8752812075
8752812080
8752812081
8752812090
8752812091
8752812099
8752812101
8752812106
8752812107
8752812110
8752812111
8752812114
8752812121
8752812122
8752812123
8752812125
8752812133
8752812134
8752812135
8752812137
8752812144
8752812145
8752812147
8752812162
8752812167
8752812182
8752812183
8752812188
8752812191
8752812192
8752812196
8752812197
8752812205
8752812207
8752812208
8752812210
8752812211
8752812214
8752812215
8752812223
8752812224
8752812226
8752812230
8752812234
8752812249
8752812250
8752812254
8752812255
8752812257
8752812262
8752812265
8752812268
8752812270
8752812279
8752812281
8752812283
8752812296
8752812305
8752812306
8752812307
8752812308
8752812309
8752812310
8752812311
8752812317
8752812318
8752812319
8752812321
8752812322
8752812323
8752812332
8752812333
8752812334
8752812335
8752812338
8752812346
8752812347
8752812348
8752812350
8752812351
8752812352
8752812353
8752812354
8752812363
8752812364
8752812367
8752812372
8752812374
8752812383
8752812389
8752812398
8752812399
8752812406
8752812407
8752812408
8752812411
8752812414
8752812422
8752812423
8752812425
8752812427
8752812428
8752812441
8752812443
8752812445
8752812448
8752812449
8752812451
8752812458
8752812459
8752812462
8752812463
8752812464
8752812465
8752812466
8752812467
8752812477
8752812479
8752812480
8752812481
8752812498
8752812503
8752812504
8752812506
8752748092
8752812523
8752812524
8752812525
8752812526
8752812528
8752812534
8752812535
8752812536
8752812538
8752812540
8752812541
8752812542
8752812545
8752812556
8752812557
8752812558
8752812559
8752812560
8752812562
8752812574
8752812576
8752812588
8752812589
8752812598
8752812600
8752812602
8752812604
8752812610
8752812611
8752812621
8752812622
8752812623
8752812624
8752812625
8752812634
8752812649
8752812651
8752812653
8752812661
8752812664
8752812668
8752812669
8752812671
8752812679
8752812680
8752812681
8752812682
8752812683
8752812684
8752812689
8752812698
8752812705
8752812707
8752812708
8752812709
8752812710
8752812721
8752812722
8752812723
8752812724
8752812731
8752812732
8752812733
8752812735
8752812736
8752812738
8752812739
8752812746
8752812747
8752812748
8752812757
8752812758
8752812761
8752812769
8752812771
8752812772
8752812786
8752812788
8752812795
8752812798
8752812800
8752812809
8752812811
8752812824
8752812837
8752812838
8752812855
8752812860
8752812870
8752812871
8752812872
8752812873
8752812874
8752812876
8752812879
8752812882
8752812883
8752812889
8752812890
8752812899
8752812900
8752812905
8752812907
8752812918
8752812930
8752812932
8752812933
8752812936
8752812943
8752812946
8752812950
8752812953
8752812955
8752812956
8752812960
8752812963
8752812965
8752812967
8752812969
8752812984
8752812988
8752812990
8752812998
8752812999
8752813000
8752813001
8752813002
8752813003
8752813004
8752813010
8752813012
8752813019
8752813020
8752813021
8752813032
8752813035
8752813048
8752813051
8752813053
8752813061
8752813062
8752813076
8752813080
8752813081
8752813083
8752813084
8752813085
8752813094
8752813095
8752813096
8752813097
8752813109
8752813112
8752813113
8752813114
8752813115
8752813116
8752813117
8752813129
8752813132
8752813133
8752813134
8752813147
8752813148
8752813149
8752813150
8752813151
8752813157
8752813159
8752813169
8752813170
8752813171
8752813173
8752813179
8752813180
8752813181
8752813191
8752813193
8752813195
8752813199
8752813201
8752813202
8752813216
8752813224
8752813225
8752813227
8752813229
8752813230
8752813239
8752813241
8752813247
8752813248
8752813249
8752813250
8752813260
8752813264
8752813272
8752813273
8752813275
8752813276
8752813285
8752813286
8752813288
8752813289
8752813297
8752813299
8752813318
8752813319
8752813323
8752813324
8752813342
8752813343
8752813351
8752813360
8752813365
8752813368
8752813369
8752813370
8752813372
8752813377
8752813378
8752813379
8752813382
8752813383
8752813384
8752813391
8752813392
8752813394
8752813398
8752813404
8752813406
8752813409
8752813410
8752813411
8752813419
8752813421
8752813422
8752813424
8752813432
8752813448
8752813451
8752813453
8752813454
8752813462
8752813466
8752813467
8752813477
8752813479
8752813480
8752813481
8752813482
8752813483
8752813484
8752813498
8752813503
8752813504
8752813510
8752813518
8752813519
8752813520
8752813522
8752813526
8752813527
8752813528
8752813529
8752813530
8752813538
8752813539
8752813541
8752813543
8752813544
8752813545
8752813555
8752813562
8752813563
8752813564
8752813565
8752813567
8752813568
8752813573
8752813574
8752813575
8752813576
8752813578
8752813582
8752813606
8752813608
8752813612
8752813614
8752813617
8752813618
8752813620
8752813627
8752813629
8752813630
8752813633
8752813647
8752813652
8752813655
8752813657
8752813665
8752813667
8752813668
8752813669
8752813674
8752813675
8752813680
8752813681
8752813682
8752813688
8752813690
8752813691
8752813692
8752813700
8752813702
8752813704
8752813707
8752813718
8752813722
8752813723
8752813724
8752813726
8752813732
8752813733
8752813736
8752813746
8752813747
8752813750
8752813751
8752813752
8752813762
8752813775
8752813778
8752813781
8752813783
8752813784
8752813785
8752813792
8752813794
8752813795
8752813796
8752813798
8752813799
8752813800
8752813810
8752813822
8752813824
8752813828
8752813831
8752813841
8752813842
8752813850
8752813851
8752813852
8752813854
8752813866
8752813869
8752813870
8752813871
8752813872
8752813873
8752813874
8752813882
8752813893
8752813894
8752813895
8752813896
8752813897
8752813898
8752813902
8752813905
8752813907
8752813908
8752813909
8752813919
8752813920
8752813921
8752813923
8752813926
8752813927
8752813928
8752813929
8752813935
8752813944
8752813956
8752813958
8752813969
8752813970
8752813972
8752813974
8752813979
8752813987
8752813988
8752813995
8752814006
8752814007
8752814008
8752814009
8752814013
8752814015
8752814016
8752814023
8752814024
8752814027
8752814035
8752814036
8752814037
8752814038
8752814040
8752814048
8752814049
8752814061
8752814063
8752814068
8752814071
8752814075
8752814088
8752814095
8752814098
8752814099
8752814100
8752814101
8752814102
8752814103
8752814104
8752814105
8752814112
8752814113
8752814114
8752814115
8752814120
8752814121
8752814122
8752814123
8752814124
8752814130
8752814132
8752814134
8752814137
8752814138
8752814148
8752814149
8752814151
8752814159
8752814160
8752814161
8752814163
8752814164
8752814169
8752814183
8752814185
8752814193
8752814196
8752814201
8752814203
8752814205
8752814207
8752814215
8752814220
8752814222
8752814223
8752814224
8752814225
8752814227
8752814238
8752814248
8752814249
8752814250
8752814253
8752814254
8752814256
8752814257
8752814258
8752814263
8752814274
8752814278
8752814286
8752814292
8752814302
8752814303
8752814304
8752814307
8752814313
8752814315
8752814316
8752814317
8752814318
8752814319
8752814330
8752814332
8752814333
8752814334
8752814336
8752814337
8752814338
8752814339
8752814351
8752814361
8752814363
8752814364
8752814365
8752814366
8752814369
8752814370
8752814377
8752814380
8752814381
8752814394
8752814406
8752814407
8752814409
8752814410
8752814411
8752814416
8752814417
8752814419
8752814420
8752814422
8752814425
8752814426
8752814427
8752814440
8752814444
8752814446
8752814447
8752814449
8752814451
8752814452
8752814453
8752814457
8752814459
8752814461
8752814464
8752814466
8752814478
8752814479
8752814488
8752814489
8752814496
8752814497
8752814498
8752814500
8752814505
8752814506
8752814507
8752814509
8752814518
8752814520
8752814521
8752814523
8752814525
8752814526
8752814531
8752814532
8752814533
8752814546
8752814557
8752814558
8752814566
8752814567
8752814569
8752814570
8752814576
8752814577
8752814580
8752814588
8752814589
8752814590
8752814593
8752814595
8752814602
8752814603
8752814606
8752814607
8752814609
8752814614
8752814615
8752814616
8752814617
8752814619
8752814620
8752814623
8752814624
8752814627
8752814628
8752814633
8752814636
8752814645
8752814647
8752814649
8752814659
8752814660
8752814662
8752814663
8752814672
8752814673
8752814682
8752814684
8752814693
8752814701
8752814702
8752814703
8752814704
8752814705
8752814711
8752814713
8752814714
8752814717
8752814719
8752814732
8752814736
8752814738
8752814748
8752814749
8752814750
8752814752
8752814753
8752814759
8752814764
8752814765
8752814783
8752814794
8752814795
8752814796
8752814797
8752814806
8752814807
8752814808
8752814809
8752814811
8752814813
8752814823
8752814824
8752814825
8752814826
8752814839
8752814840
8752814842
8752814843
8752814852
8752814853
8752814856
8752814858
8752814859
8752814865
8752814866
8752814867
8752814870
8752814871
8752814873
8752814875
8752814885
8752814892
8752814893
8752814894
8752814897
8752814898
8752814905
8752814907
8752814908
8752814909
8752814913
8752814929
8752814930
8752814931
8752814934
8752814936
8752814939
8752814941
8752814949
8752814950
8752814951
8752814952
8752814960
8752814965
8752814967
8752814969
8752814970
8752814972
8752814982
8752814983
8752814984
8752814985
8752814989
8752814993
8752814994
8752814995
8752814997
8752815001
8752815003
8752815004
8752815005
8752815013
8752815015
8752815017
8752815018
8752815021
8752815022
8752815023
8752815025
8752815034
8752815038
8752815040
8752815042
8752815043
8752815052
8752815053
8752815054
8752815055
8752815058
8752815066
8752815067
8752815068
8752815069
8752815071
8752815080
8752815082
8752815085
8752815086
8752815092
8752815093
8752815094
8752815095
8752815097
8752815106
8752815108
8752815112
8752815114
8752815117
8752815119
8752815127
8752815128
8752815130
8752815137
8752815146
8752815147
8752815151
8752815156
8752815166
8752815169
8752815179
8752815180
8752815182
8752815183
8752774676
8752815190
8752815193
8752815201
8752815203
8752815204
8752815205
8752815207
8752815209
8752815210
8752815214
8752815215
8752815219
8752815220
8752815222
8752815223
8752815224
8752815229
8752815230
8752815232
8752815240
8752815242
8752815249
8752815252
8752815257
8752815258
8752815259
8752815262
8752815263
8752815264
8752815265
8752815278
8752815281
8752815282
8752815286
8752815288
8752815289
8752815290
8752815305
8752815306
8752815307
8752815308
8752815310
8752815332
8752815333
8752815334
8752815344
8752815346
8752815347
8752815348
8752815352
8752815353
8752815355
8752815362
8752815365
8752815366
8752815367
8752815369
8752815370
8752815372
8752815373
8752815383
8752815395
8752815396
8752815401
8752815403
8752815411
8752815413
8752815414
8752815415
8752815423
8752815426
8752815429
8752815430
8752815446
8752815447
8752815448
8752815457
8752815458
8752815459
8752815460
8752815461
8752815469
8752815473
8752815474
8752815476
8752815477
8752815486
8752815490
8752815491
8752815492
8752815493
8752815494
8752815495
8752815496
8752815497
8752815506
8752815507
8752815509
8752815510
8752815511
8752815517
8752815520
8752815528
8752815531
8752815532
8752815533
8752815534
8752815535
8752815536
8752815537
8752815540
8752815543
8752815544
8752815545
8752748695
8752815552
8752815554
8752815555
8752815559
8752815566
8752815577
8752815578
8752815579
8752815589
8752815593
8752815595
8752815596
8752815597
8752815598
8752815599
8752815612
8752815613
8752815619
8752815622
8752815629
8752815631
8752815632
8752815633
8752815639
8752815643
8752815652
8752815653
8752815654
8752815655
8752815657
8752815658
8752815659
8752815667
8752815668
8752815669
8752815681
8752815683
8752815684
8752815687
8752815694
8752815696
8752815698
8752815704
8752815705
8752815706
8752815707
8752815708
8752815709
8752815710
8752815712
8752815714
8752815718
8752815719
8752815720
8752815722
8752815723
8752815734
8752815736
8752815745
8752815747
8752815749
8752815751
8752815761
8752815768
8752815773
8752815783
8752815785
8752815786
8752815788
8752815789
8752815790
8752815791
8752815796
8752815797
8752815804
8752815806
8752815809
8752815811
8752815812
8752815813
8752815815
8752815838
8752815839
8752815842
8752815844
8752815854
8752815855
8752815857
8752815858
8752815859
8752815862
8752815881
8752815882
8752815890
8752815894
8752815907
8752815908
8752815909
8752815916
8752815919
8752815922
8752815925
8752815932
8752815933
8752815934
8752815935
8752815936
8752815937
8752815941
8752815945
8752815946
8752815956
8752815959
8752815960
8752815961
8752815966
8752815967
8752815968
8752815969
8752815971
8752815973
8752815981
8752815984
8752815985
8752815993
8752815994
8752816001
8752816002
8752816003
8752816009
8752816011
8752816012
8752816015
8752816016
8752816022
8752816023
8752816029
8752816036
8752816039
8752816040
8752816047
8752816055
8752816056
8752816059
8752816060
8752816061
8752816062
8752816064
8752816065
8752816066
8752816067
8752816068
8752816076
8752816077
8752816078
8752816080
8752816081
8752816082
8752816092
8752816096
8752816097
8752816099
8752816101
8752816114
8752816116
8752816120
8752816122
8752816123
8752816134
8752816135
8752816146
8752816148
8752816150
8752816151
8752816152
8752816160
8752816161
8752816164
8752816176
8752816178
8752816179
8752816180
8752816183
8752816185
8752816194
8752816196
8752816201
8752816202
8752816203
8752816205
8752816207
8752816208
8752816213
8752816215
8752816217
8752816218
8752816223
8752816232
8752816233
8752816244
8752816245
8752816246
8752816247
8752816250
8752816263
8752816265
8752816266
8752816267
8752816271
8752816272
8752816275
8752816276
8752816286
8752816287
8752816295
8752816298
8752816299
8752816301
8752816304
8752816305
8752816312
8752816316
8752816317
8752816318
8752774900
8752816323
8752816325
8752816339
8752816341
8752816343
8752816357
8752816359
8752816360
8752816362
8752816363
8752816365
8752816377
8752816378
8752816383
8752816384
8752816385
8752816393
8752816396
8752816397
8752816405
8752816407
8752816408
8752816409
8752816410
8752816411
8752816420
8752816433
8752816434
8752816435
8752816437
8752816438
8752816439
8752816440
8752816444
8752816446
8752816448
8752816453
8752816455
8752816456
8752816458
8752816467
8752816468
8752816469
8752816471
8752816472
8752816473
8752816474
8752816484
8752816489
8752816490
8752816497
8752816499
8752816509
8752816510
8752816514
8752816515
8752816531
8752816532
8752816539
8752816540
8752816541
8752816542
8752816543
8752816544
8752816545
8752816555
8752816557
8752816558
8752816559
8752816577
8752816579
8752816586
8752816588
8752816590
8752816597
8752816598
8752816599
8752816600
8752816602
8752816603
8752816615
8752816616
8752816618
8752816619
8752816620
8752816628
8752816629
8752816631
8752816639
8752816640
8752816645
8752816657
8752816667
8752816668
8752816670
8752816672
8752816675
8752816680
8752816682
8752816684
8752816685
8752816688
8752816690
8752816691
8752816693
8752816704
8752816710
8752816712
8752816721
8752816722
8752816723
8752816724
8752816730
8752816732
8752816733
8752816734
8752816735
8752816739
8752816740
8752816741
8752816744
8752816745
8752816752
8752816753
8752816754
8752816755
8752816756
8752816767
8752816768
8752816776
8752816777
8752816781
8752816782
8752816783
8752816792
8752816799
8752816808
8752816809
8752816810
8752816811
8752816818
8752816819
8752816829
8752816830
8752816841
8752816844
8752816846
8752816847
8752816848
8752816854
8752816856
8752816857
8752816867
8752816868
8752816869
8752816877
8752816879
8752816886
8752816887
8752816890
8752816891
8752816892
8752816899
8752816905
8752816907
8752816909
8752816910
8752816911
8752816912
8752816918
8752816919
8752816921
8752816922
8752816925
8752816933
8752816941
8752816947
8752816950
8752816951
8752816955
8752816961
8752816962
8752816963
8752816965
8752816967
8752816968
8752816971
8752816979
8752816981
8752816983
8752816994
8752817000
8752817002
8752817005
8752817011
8752817012
8752817013
8752817014
8752817016
8752817017
8752817027
8752817028
8752817044
8752817045
8752817046
8752817054
8752817061
8752817062
8752817072
8752817073
8752817075
8752817083
8752817084
8752817087
8752817089
8752817092
8752817093
8752817094
8752817096
8752817105
8752817107
8752817111
8752817114
8752817118
8752817119
8752817120
8752817130
8752817131
8752817135
8752817140
8752817143
8752817144
8752817146
8752817147
8752817155
8752817157
8752817158
8752817160
8752817168
8752817169
8752817171
8752817172
8752817176
8752817179
8752817186
8752817187
8752817189
8752817196
8752817197
8752817200
8752817209
8752817210
8752817215
8752817216
8752817219
8752817221
8752817230
8752817234
8752817240
8752817242
8752817252
8752817253
8752817261
8752817263
8752817264
8752817265
8752817267
8752817274
8752817276
8752817277
8752817278
8752817279
8752817280
8752817285
8752817286
8752817288
8752817300
8752817317
8752817326
8752817328
8752817329
8752817344
8752817358
8752817360
8752817362
8752817364
8752817375
8752817379
8752817388
8752817389
8752817390
8752817392
8752817397
8752817398
8752817401
8752817402
8752817406
8752817407
8752817408
8752817409
8752817410
8752817418
8752817423
8752817427
8752817434
8752817436
8752817437
8752817444
8752817445
8752817451
8752817452
8752817454
8752817455
8752817456
8752817457
8752817464
8752817466
8752817469
8752817470
8752817471
8752817472
8752817480
8752817485
8752817487
8752817488
8752817501
8752817502
8752817504
8752817515
8752817518
8752817520
8752817529
8752817531
8752817543
8752817547
8752817556
8752817559
8752817561
8752817568
8752817570
8752817574
8752817576
8752817577
8752817587
8752817589
8752817596
8752817597
8752817605
8752817608
8752817612
8752817616
8752817617
8752817623
8752817624
8752817630
8752817634
8752817635
8752817636
8752817645
8752817646
8752817649
8752817653
8752817654
8752817665
8752817667
8752817669
8752817670
8752817672
8752817673
8752817674
8752817676
8752817681
8752817683
8752817684
8752817685
8752817686
8752817689
8752817690
8752817697
8752817698
8752817700
8752817706
8752817708
8752817709
8752817710
8752817715
8752817722
8752817723
8752817731
8752817732
8752817739
8752817741
8752817744
8752817757
8752817758
8752817760
8752817761
8752817762
8752817764
8752817773
8752817774
8752817785
8752817787
8752817788
8752817789
8752817793
8752817794
8752817796
8752817797
8752817805
8752817806
8752817812
8752817813
8752817815
8752817816
8752817818
8752817826
8752817827
8752817829
8752817832
8752817836
8752817837
8752817839
8752817840
8752817848
8752817849
8752817850
8752817853
8752817855
8752817860
8752817861
8752817862
8752817868
8752817874
8752817875
8752817876
8752817877
8752817878
8752817879
8752817880
8752817881
8752817882
8752817883
8752817890
8752817891
8752817892
8752817894
8752817895
8752817901
8752817902
8752817903
8752817904
8752817905
8752817916
8752817917
8752817918
8752817926
8752817927
8752817928
8752817934
8752817935
8752817936
8752817938
8752817946
8752817947
8752817950
8752817951
8752817953
8752817954
8752817955
8752817963
8752817973
8752817975
8752817979
8752817980
8752817981
8752817993
8752817998
8752817999
8752818002
8752818004
8752818013
8752818015
8752818018
8752818024
8752818034
8752818038
8752818040
8752818041
8752818043
8752818053
8752818054
8752818055
8752818057
8752818059
8752818062
8752818063
8752818067
8752818069
8752818070
8752818075
8752818082
8752818086
8752818088
8752818094
8752818095
8752818096
8752818099
8752818107
8752818108
8752818109
8752818110
8752818112
8752818113
8752818114
8752818123
8752818124
8752818126
8752818129
8752818130
8752818131
8752818134
8752818135
8752818143
8752818146
8752818158
8752818159
8752818160
8752818161
8752818162
8752818163
8752818169
8752818172
8752818173
8752818177
8752818181
8752818193
8752818194
8752818196
8752818197
8752818198
8752818209
8752818217
8752818218
8752818219
8752818221
8752818223
8752818224
8752818229
8752818230
8752818231
8752818233
8752818238
8752818240
8752818249
8752818257
8752818259
8752818260
8752818268
8752818269
8752818272
8752818281
8752818282
8752818285
8752818294
8752818301
8752818303
8752818312
8752818313
8752818315
8752818316
8752818317
8752818324
8752818328
8752818329
8752818330
8752818331
8752818332
8752818333
8752818336
8752818337
8752818338
8752818339
8752818346
8752818350
8752818353
8752818355
8752818356
8752818370
8752818371
8752818372
8752818373
8752818376
8752818379
8752818380
8752818381
8752818388
8752818389
8752818390
8752818399
8752818400
8752818401
8752818402
8752818404
8752818408
8752818418
8752818421
8752818422
8752818434
8752818436
8752818441
8752818443
8752818445
8752818453
8752818456
8752818457
8752818458
8752818459
8752818461
8752818463
8752818472
8752818473
8752818474
8752749277
8752818486
8752818487
8752818488
8752818489
8752818491
8752818492
8752818500
8752818502
8752818504
8752818512
8752818513
8752818516
8752818523
8752818525
8752818533
8752818537
8752818540
8752818542
8752818544
8752818545
8752818553
8752818554
8752818555
8752818556
8752818557
8752818564
8752818565
8752818566
8752818567
8752818568
8752818569
8752818579
8752818581
8752818582
8752818589
8752818592
8752818594
8752818596
8752818597
8752818599
8752818606
8752818608
8752818610
8752818611
8752818618
8752818619
8752818622
8752818623
8752818625
8752818627
8752818636
8752818637
8752818640
8752818641
8752818642
8752818643
8752818649
8752818651
8752818652
8752818661
8752818662
8752818673
8752818679
8752818681
8752818682
8752818688
8752818689
8752818690
8752818698
8752818701
8752818702
8752818709
8752818710
8752818712
8752818713
8752818714
8752818720
8752818721
8752818724
8752818736
8752818737
8752818740
8752818748
8752818751
8752818752
8752818753
8752818756
8752818766
8752818779
8752818780
8752818781
8752818783
8752818792
8752818794
8752818795
8752818798
8752818799
8752818800
8752818806
8752818812
8752818842
8752818843
8752818844
8752818847
8752818850
8752818857
8752818866
8752818867
8752818871
8752818872
8752818877
8752818878
8752818879
8752818880
8752818894
8752818898
8752818914
8752818918
8752818919
8752818921
8752818922
8752818923
8752818925
8752818926
8752818933
8752818935
8752818937
8752818949
8752818950
8752818951
8752818954
8752818955
8752818956
8752818957
8752818966
8752818970
8752818971
8752818972
8752818981
8752818982
8752818983
8752818984
8752818992
8752818993
8752818994
8752819000
8752819001
8752819008
8752819010
8752819015
8752819016
8752819018
8752819021
8752819024
8752819027
8752819036
8752819038
8752819044
8752819056
8752819059
8752819060
8752819061
8752819063
8752819068
8752819069
8752819070
8752819071
8752819078
8752819079
8752819081
8752819085
8752819087
8752819088
8752819089
8752819091
8752819092
8752819094
8752819104
8752819106
8752819108
8752819110
8752819112
8752819121
8752819122
8752819133
8752819135
8752819137
8752819138
8752819154
8752819156
8752819157
8752819159
8752819174
8752819175
8752819177
8752819179
8752819180
8752819190
8752819192
8752819200
8752819205
8752819206
8752819214
8752819215
8752819219
8752819226
8752819230
8752819232
8752819236
8752819237
8752819238
8752819245
8752819246
8752819247
8752819254
8752819255
8752819256
8752819257
8752819258
8752819259
8752819260
8752819266
8752819269
8752819270
8752819274
8752819277
8752819281
8752819288
8752819289
8752819291
8752819301
8752819302
8752819304
8752819305
8752819306
8752819313
8752819314
8752819327
8752819329
8752819338
8752819339
8752819340
8752819342
8752819346
8752819347
8752819349
8752819350
8752819351
8752819359
8752819365
8752819366
8752819367
8752819370
8752819377
8752819379
8752819388
8752819394
8752819395
8752819404
8752819407
8752819410
8752819418
8752819419
8752819425
8752819428
8752819429
8752819442
8752819453
8752819454
8752819455
8752819456
8752819466
8752819471
8752819488
8752819489
8752819490
8752819499
8752819512
8752819514
8752819515
8752819517
8752819518
8752819519
8752819520
8752819525
8752819527
8752819530
8752819531
8752819533
8752819534
8752819541
8752819545
8752819549
8752819550
8752819560
8752819564
8752819565
8752819566
8752819573
8752819576
8752819577
8752819579
8752819584
8752819585
8752819586
8752819588
8752819589
8752819590
8752819591
8752819593
8752819594
8752819596
8752819605
8752819606
8752819607
8752819608
8752819610
8752819612
8752819613
8752819617
8752819620
8752819621
8752819627
8752819628
8752819636
8752819638
8752819639
8752819642
8752775561
8752819648
8752819649
8752819650
8752819659
8752819660
8752819668
8752819676
8752819679
8752819680
8752819683
8752819684
8752819685
8752819696
8752819697
8752819698
8752819704
8752819705
8752819706
8752819709
8752819718
8752819722
8752819723
8752819731
8752819733
8752819737
8752819738
8752819741
8752819752
8752819755
8752819766
8752819772
8752819773
8752819774
8752819775
8752819776
8752819777
8752819778
8752819783
8752819784
8752819788
8752819792
8752819794
8752819795
8752819796
8752819797
8752819798
8752819810
8752819811
8752819815
8752819821
8752819828
8752819832
8752819834
8752819836
8752819837
8752819847
8752819848
8752819850
8752819851
8752819859
8752819860
8752819862
8752819863
8752819864
8752819874
8752819875
8752819876
8752819877
8752819881
8752819883
8752819889
8752819890
8752819892
8752819901
8752819902
8752819903
8752819904
8752819917
8752819930
8752819935
8752819936
8752819948
8752819955
8752819956
8752819967
8752819968
8752819970
8752819977
8752819978
8752819990
8752819992
8752819994
8752820002
8752820011
8752820012
8752820013
8752820020
8752820025
8752820032
8752820033
8752820038
8752820054
8752820067
8752820068
8752820069
8752820070
8752820074
8752820075
8752820076
8752820077
8752820078
8752820079
8752820080
8752820085
8752820086
8752820087
8752820097
8752820101
8752820102
8752820103
8752820104
8752820110
8752820111
8752820112
8752820116
8752820118
8752820120
8752820123
8752820131
8752820133
8752820136
8752820152
8752820154
8752820156
8752820170
8752820171
8752820172
8752820176
8752820177
8752820179
8752820187
8752820188
8752820190
8752820191
8752820194
8752820203
8752820205
8752820206
8752820207
8752820212
8752820213
8752820215
8752820216
8752820217
8752820221
8752820224
8752820225
8752820226
8752820236
8752820239
8752820253
8752820254
8752820255
8752820256
8752820258
8752820266
8752820267
8752820268
8752820269
8752820270
8752820272
8752820273
8752820282
8752820283
8752820287
8752820288
8752820289
8752820291
8752820292
8752820302
8752820303
8752820304
8752820305
8752820306
8752820307
8752820309
8752820310
8752820319
8752820320
8752820322
8752820335
8752820337
8752820338
8752820340
8752820349
8752820354
8752820355
8752820363
8752820364
8752820369
8752820371
8752820374
8752820375
8752820380
8752820383
8752820384
8752820385
8752820386
8752820387
8752820396
8752820403
8752820404
8752820406
8752820409
8752820410
8752820411
8752820412
8752820413
8752820414
8752820415
8752820416
8752820418
8752820419
8752820424
8752820426
8752820427
8752820428
8752820431
8752820432
8752820440
8752820443
8752820444
8752820454
8752820464
8752820469
8752820475
8752820477
8752820480
8752820481
8752820488
8752820489
8752820490
8752820493
8752820497
8752820498
8752820503
8752820508
8752820514
8752820515
8752820519
8752820524
8752820525
8752820527
8752820528
8752820529
8752820530
8752820538
8752820540
8752820541
8752820544
8752820549
8752820551
8752820552
8752820556
8752820557
8752820558
8752820570
8752820579
8752820582
8752820592
8752820594
8752820611
8752820619
8752820620
8752820625
8752820626
8752820628
8752820637
8752820651
8752820653
8752820654
8752820662
8752820677
8752820683
8752820684
8752820685
8752820686
8752820687
8752820688
8752820690
8752820698
8752820699
8752820700
8752820703
8752820704
8752820706
8752820707
8752820716
8752820719
8752820720
8752820721
8752820730
8752820732
8752820733
8752820735
8752820739
8752820740
8752820741
8752820742
8752820743
8752820747
8752820758
8752820759
8752820761
8752820769
8752820770
8752820771
8752820773
8752820774
8752820777
8752820781
8752820783
8752820785
8752820795
8752820796
8752820797
8752820802
8752820803
8752820804
8752820805
8752820813
8752820814
8752820815
8752820816
8752820820
8752820822
8752820824
8752820826
8752820827
8752820829
8752820838
8752820839
8752820844
8752820860
8752820861
8752820862
8752820863
8752820868
8752820869
8752820874
8752820875
8752820876
8752820878
8752820879
8752820882
8752820883
8752820892
8752820902
8752820905
8752820906
8752820908
8752820909
8752820910
8752820916
8752820917
8752820918
8752820919
8752820921
8752820923
8752820926
8752820927
8752820936
8752820937
8752820940
8752820941
8752820954
8752820955
8752820956
8752820966
8752820967
8752820970
8752820971
8752820978
8752820980
8752820982
8752820983
8752820984
8752821004
8752821005
8752821010
8752821014
8752821023
8752821024
8752821025
8752821029
8752821031
8752821043
8752821044
8752821045
8752821046
8752821047
8752821048
8752821049
8752821059
8752821071
8752821073
8752821074
8752821076
8752821085
8752821087
8752821098
8752821105
8752821106
8752821107
8752821108
8752821111
8752821125
8752821126
8752821133
8752821134
8752821136
8752821144
8752821145
8752821155
8752821156
8752821157
8752821158
8752821159
8752821164
8752821165
8752821166
8752821167
8752821168
8752821170
8752821171
8752821173
8752821175
8752821181
8752821182
8752821183
8752821189
8752821192
8752821193
8752821194
8752821203
8752821211
8752821213
8752821216
8752821217
8752821218
8752821226
8752821229
8752821241
8752821243
8752821248
8752821250
8752821252
8752821258
8752821271
8752821272
8752821275
8752821280
8752821281
8752821283
8752821284
8752821288
8752821289
8752821290
8752821291
8752821293
8752821295
8752821296
8752821297
8752821299
8752821300
8752821301
8752821309
8752821311
8752821319
8752821320
8752821322
8752821323
8752821336
8752821337
8752821343
8752821344
8752821347
8752821348
8752821350
8752821363
8752821365
8752821374
8752821375
8752821376
8752821377
8752821381
8752821382
8752821392
8752821395
8752821399
8752821400
8752821411
8752821423
8752821426
8752821427
8752821428
8752821434
8752821435
8752821436
8752821438
8752821439
8752821445
8752821446
8752821448
8752821449
8752821457
8752821458
8752821459
8752821460
8752821469
8752821471
8752821473
8752821484
8752821485
8752821488
8752821493
8752821495
8752821500
8752821501
8752821507
8752821509
8752821510
8752821512
8752821513
8752821525
8752821527
8752821529
8752821530
8752821531
8752821540
8752821541
8752821553
8752821554
8752821556
8752821557
8752821564
8752821565
8752821568
8752821570
8752821574
8752821575
8752821576
8752821581
8752821584
8752821592
8752821595
8752821597
8752821599
8752821611
8752821612
8752821613
8752821618
8752821620
8752821621
8752821622
8752821623
8752821625
8752821626
8752821634
8752821637
8752821644
8752821645
8752821653
8752821654
8752821658
8752821659
8752821660
8752821661
8752821662
8752821663
8752821664
8752821665
8752821666
8752821667
8752821674
8752821676
8752821678
8752821679
8752821686
8752821687
8752821689
8752821699
8752821701
8752821704
8752821713
8752821714
8752821716
8752821723
8752821725
8752821726
8752821729
8752821730
8752821737
8752821741
8752821748
8752821754
8752821757
8752821758
8752821767
8752821768
8752821775
8752821776
8752821777
8752821778
8752821779
8752821781
8752821782
8752821788
8752821790
8752821791
8752821793
8752821794
8752821807
8752821809
8752821817
8752821819
8752821820
8752821821
8752821829
8752821831
8752821832
8752821840
8752821843
8752821844
8752821845
8752821846
8752821847
8752821858
8752821860
8752821862
8752821863
8752821865
8752821878
8752821879
8752821884
8752821885
8752821886
8752821895
8752821896
8752821898
8752821908
8752821909
8752821910
8752821912
8752821918
8752821919
8752821922
8752821923
8752821924
8752821926
8752821927
8752821939
8752821940
8752821943
8752821948
8752821959
8752821961
8752821962
8752821968
8752821969
8752821974
8752821978
8752821980
8752821981
8752821983
8752821985
8752821987
8752821996
8752821997
8752822006
8752822007
8752822010
8752822013
8752822020
8752822022
8752822023
8752822030
8752822032
8752822034
8752822035
8752822037
8752822038
8752822045
8752822046
8752822047
8752822048
8752822049
8752822058
8752822060
8752822071
8752822074
8752822075
8752822077
8752822087
8752822088
8752822095
8752822096
8752822098
8752822100
8752822111
8752822112
8752822113
8752822117
8752822125
8752822127
8752822128
8752822129
8752822140
8752822141
8752822149
8752822152
8752822155
8752822156
8752822166
8752822167
8752822172
8752822174
8752822182
8752822184
8752822186
8752822188
8752822189
8752822190
8752822192
8752822194
8752822195
8752822200
8752822201
8752822202
8752822213
8752822214
8752822217
8752822218
8752822225
8752822226
8752822235
8752822237
8752822244
8752822253
8752822254
8752822256
8752822257
8752822258
8752822261
8752822266
8752822282
8752822290
8752822291
8752822292
8752822293
8752822304
8752822305
8752822306
8752822307
8752822308
8752822310
8752822311
8752822314
8752822324
8752822334
8752822336
8752822337
8752822339
8752822344
8752822345
8752822346
8752822347
8752822349
8752822350
8752822357
8752822361
8752822372
8752822373
8752822374
8752822381
8752822382
8752822384
8752822385
8752822387
8752822388
8752822390
8752822391
8752822399
8752822401
8752822409
8752822416
8752822417
8752822418
8752822420
8752822421
8752822431
8752822441
8752822442
8752822444
8752822451
8752822452
8752822455
8752822456
8752822464
8752822476
8752822477
8752822478
8752822479
8752822481
8752822482
8752822489
8752822490
8752822491
8752822496
8752822497
8752822499
8752822500
8752822503
8752822505
8752822506
8752822510
8752822511
8752822512
8752822513
8752822514
8752822527
8752822529
8752822530
8752822543
8752822550
8752822551
8752822552
8752822553
8752822554
8752822556
8752822557
8752822558
8752822562
8752822564
8752822567
8752822574
8752822576
8752822585
8752822586
8752822587
8752822588
8752822589
8752822590
8752822591
8752822592
8752822603
8752822617
8752822618
8752822619
8752822620
8752822621
8752822623
8752822625
8752822626
8752822629
8752822637
8752822638
8752822639
8752822640
8752822646
8752822647
8752822648
8752822658
8752822659
8752822661
8752822664
8752822665
8752822667
8752822669
8752822675
8752822677
8752822678
8752822685
8752822686
8752822687
8752822690
8752822692
8752822693
8752822700
8752822703
8752822713
8752822717
8752822718
8752822721
8752822728
8752822729
8752822731
8752822733
8752822734
8752822739
8752822744
8752822745
8752822746
8752822750
8752822751
8752822755
8752822756
8752822757
8752822758
8752822759
8752822767
8752822769
8752822770
8752822780
8752822782
8752822783
8752822784
8752822790
8752822792
8752822795
8752822796
8752822797
8752822805
8752822808
8752822809
8752822811
8752822816
8752822817
8752822819
8752822823
8752822824
8752822833
8752822836
8752822837
8752822842
8752822845
8752822858
8752822861
8752822862
8752822863
8752822864
8752822865
8752822866
8752822867
8752822876
8752822877
8752822878
8752822886
8752822889
8752822895
8752822898
8752822899
8752822901
8752822905
8752822906
8752822907
8752822909
8752822921
8752822923
8752822924
8752822925
8752822927
8752822929
8752822930
8752822931
8752822932
8752822933
8752822940
8752822941
8752822942
8752822943
8752822944
8752822945
8752822950
8752822951
8752822952
8752822954
8752822955
8752822966
8752822975
8752822976
8752822978
8752822979
8752822989
8752822991
8752822993
8752822994
8752822995
8752822999
8752823000
8752823001
8752823007
8752823008
8752823010
8752823012
8752823013
8752823015
8752823022
8752823023
8752823025
8752823039
8752823052
8752823056
8752823057
8752823066
8752823067
8752823068
8752823072
8752823086
8752823091
8752823093
8752823095
8752823096
8752823097
8752823106
8752823107
8752823114
8752823115
8752823116
8752823118
8752823119
8752823120
8752823121
8752823123
8752823130
8752823131
8752823134
8752823135
8752823136
8752823143
8752823149
8752823157
8752823159
8752823169
8752823170
8752823171
8752823173
8752823184
8752823188
8752823189
8752823200
8752823201
8752823204
8752823211
8752823220
8752823222
8752823223
8752823229
8752823232
8752823234
8752823248
8752823251
8752823252
8752823257
8752823258
8752823259
8752823266
8752823267
8752823270
8752823271
8752823280
8752823297
8752823298
8752823299
8752823309
8752823310
8752823311
8752823312
8752823313
8752823314
8752823331
8752823332
8752823334
8752823335
8752823341
8752823349
8752823351
8752823354
8752823357
8752823358
8752823359
8752823360
8752823361
8752823362
8752823363
8752823365
8752823366
8752823376
8752823377
8752823378
8752823380
8752823381
8752823397
8752823399
8752823401
8752823413
8752823415
8752823416
8752823427
8752823436
8752823437
8752823443
8752823448
8752823449
8752823451
8752823453
8752823454
8752823455
8752823456
8752823460
8752823461
8752823462
8752823463
8752823465
8752823479
8752823480
8752823482
8752823483
8752823493
8752823504
8752823505
8752823507
8752823508
8752823510
8752823511
8752823512
8752823518
8752823520
8752823521
8752823522
8752823523
8752823524
8752823531
8752823533
8752823537
8752823538
8752823539
8752823540
8752823544
8752823549
8752823550
8752823551
8752823557
8752823558
8752823559
8752823569
8752823578
8752823582
8752823583
8752823584
8752823587
8752823592
8752823594
8752823597
8752823602
8752823606
8752823614
8752823615
8752823616
8752823624
8752823626
8752823627
8752823629
8752823630
8752823631
8752823638
8752823639
8752823642
8752823644
8752823647
8752823648
8752823649
8752823658
8752823659
8752823660
8752823661
8752823662
8752823663
8752823675
8752823679
8752823682
8752823686
8752823689
8752823695
8752823697
8752823707
8752823708
8752823709
8752823711
8752823718
8752823719
8752823729
8752823731
8752823732
8752823741
8752823743
8752823744
8752823754
8752823755
8752823756
8752823774
8752823775
8752823781
8752823784
8752823787
8752823789
8752823790
8752823793
8752823794
8752823799
8752823807
8752823812
8752823815
8752823816
8752823817
8752823823
8752823825
8752823826
8752823827
8752823831
8752823836
8752823837
8752823838
8752823847
8752823848
8752823853
8752823865
8752823868
8752823869
8752823870
8752823871
8752823872
8752823874
8752823882
8752823885
8752823900
8752823901
8752823904
8752823910
8752823911
8752823914
8752823915
8752823916
8752823924
8752823926
8752823932
8752823941
8752823942
8752823944
8752823955
8752823956
8752823972
8752823973
8752823974
8752823977
8752823981
8752823987
8752823988
8752823991
8752823993
8752824005
8752824007
8752824008
8752824016
8752824017
8752824026
8752824027
8752824029
8752824030
8752824032
8752824034
8752824042
8752824046
8752824047
8752824048
8752824050
8752824068
8752824069
8752824070
8752824072
8752824081
8752824082
8752824091
8752824099
8752824100
8752824101
8752824109
8752824110
8752824111
8752824123
8752824125
8752824127
8752824130
8752824131
8752824132
8752824141
8752824142
8752824143
8752824152
8752824156
8752824157
8752824167
8752824173
8752824175
8752824186
8752824201
8752824202
8752824210
8752824212
8752824217
8752824219
8752824221
8752824222
8752824224
8752824233
8752824234
8752824237
8752824251
8752824260
8752824273
8752824274
8752824275
8752824277
8752824282
8752824297
8752824298
8752824299
8752824302
8752824304
8752824308
8752824309
8752824310
8752824311
8752824313
8752824318
8752824319
8752824328
8752824329
8752824330
8752824331
8752824332
8752824333
8752824334
8752824335
8752824344
8752824345
8752824346
8752824347
8752824348
8752824349
8752824358
8752824362
8752824371
8752824372
8752824373
8752824374
8752824375
8752824380
8752824391
8752824393
8752824394
8752824396
8752824401
8752824404
8752824405
8752824406
8752824408
8752824420
8752824424
8752824426
8752824427
8752824428
8752824432
8752824433
8752824437
8752824451
8752824453
8752824454
8752824455
8752824456
8752824457
8752824458
8752824459
8752824461
8752824462
8752824468
8752824469
8752824471
8752824479
8752824483
8752824484
8752824490
8752824491
8752824492
8752824494
8752824495
8752824496
8752824498
8752824500
8752824511
8752824514
8752824515
8752824516
8752824520
8752824521
8752824523
8752824533
8752824543
8752824544
8752824545
8752824550
8752824560
8752824569
8752824570
8752824572
8752824574
8752824578
8752824587
8752824588
8752824589
8752824590
8752824600
8752824602
8752824603
8752824606
8752824616
8752824619
8752824620
8752824621
8752824624
8752824635
8752824636
8752824637
8752824640
8752824641
8752824642
8752824643
8752824651
8752824652
8752824657
8752824658
8752824659
8752824660
8752824662
8752824663
8752824673
8752824676
8752824679
8752824680
8752824681
8752824691
8752824693
8752824703
8752824705
8752824708
8752824709
8752824717
8752824718
8752824721
8752824726
8752824728
8752824729
8752824730
8752824732
8752824733
8752824749
8752824751
8752824759
8752824760
8752824762
8752824763
8752824765
8752824766
8752824767
8752824768
8752824769
8752824770
8752824778
8752824780
8752824782
8752824784
8752824785
8752824795
8752824798
8752824800
8752824809
8752824810
8752824812
8752824817
8752824829
8752824830
8752824832
8752824835
8752824837
8752824845
8752824846
8752824858
8752824864
8752824865
8752824866
8752824874
8752824875
8752824876
8752824885
8752824886
8752824887
8752824889
8752824890
8752824896
8752824897
8752824898
8752824900
8752824905
8752824906
8752824907
8752824908
8752824909
8752824910
8752824925
8752824926
8752824927
8752824928
8752824939
8752824940
8752824946
8752824947
8752824949
8752824953
8752824962
8752824964
8752824965
8752824966
8752824976
8752824986
8752824987
8752824993
8752825003
8752825005
8752825011
8752825021
8752825029
8752825031
8752825032
8752825048
8752825049
8752825061
8752825068
8752825072
8752825075
8752825076
8752825077
8752825078
8752825079
8752825080
8752825091
8752825092
8752825093
8752825095
8752825096
8752825109
8752750597
8752825121
8752825123
8752825124
8752825125
8752750599
8752825133
8752825135
8752825136
8752825137
8752825138
8752825139
8752825141
8752825142
8752825150
8752825151
8752825152
8752825153
8752825156
8752825157
8752825158
8752825159
8752825167
8752825168
8752825171
8752825178
8752825179
8752825183
8752825185
8752825188
8752825189
8752825193
8752825194
8752825196
8752825198
8752825201
8752825202
8752825203
8752825205
8752825212
8752825214
8752825215
8752825224
8752825225
8752825228
8752825237
8752825238
8752825239
8752825240
8752825241
8752825246
8752825247
8752825248
8752825249
8752825250
8752825251
8752825252
8752825263
8752825264
8752825266
8752825267
8752825268
8752825275
8752825277
8752825284
8752825295
8752825296
8752825304
8752825305
8752825310
8752825321
8752825322
8752825325
8752825326
8752825328
8752825337
8752825341
8752825345
8752825346
8752825349
8752825350
8752825351
8752750645
8752825361
8752825362
8752750647
8752825367
8752825369
8752825370
8752825371
8752825372
8752825373
8752825374
8752825383
8752825386
8752825387
8752825388
8752825389
8752825396
8752825397
8752825398
8752825400
8752825409
8752825410
8752825411
8752825412
8752825416
8752825418
8752825419
8752825420
8752825421
8752825428
8752825430
8752825441
8752825443
8752825449
8752825450
8752825451
8752825452
8752825454
8752825455
8752825456
8752825458
8752825462
8752825464
8752825468
8752825469
8752825478
8752825479
8752825482
8752825483
8752825485
8752825496
8752825497
8752825499
8752825500
8752825503
8752825513
8752825516
8752825524
8752825528
8752825536
8752825537
8752825539
8752825550
8752825552
8752825554
8752825556
8752825557
8752825558
8752825569
8752825571
8752825578
8752825579
8752825580
8752825581
8752825595
8752825599
8752825600
8752825601
8752825607
8752825608
8752825609
8752825611
8752825612
8752825615
8752825616
8752825617
8752825619
8752825622
8752825626
8752825627
8752825639
8752825642
8752825644
8752825645
8752825647
8752825653
8752825656
8752825657
8752825658
8752825668
8752825671
8752825674
8752825682
8752825683
8752825685
8752825687
8752825697
8752825700
8752825702
8752825703
8752825708
8752825710
8752825712
8752825714
8752825722
8752825723
8752825725
8752825726
8752825727
8752825733
8752825734
8752825736
8752825742
8752825743
8752825745
8752825746
8752825755
8752825759
8752825760
8752825761
8752825762
8752825765
8752825775
8752825779
8752825780
8752825781
8752825782
8752825783
8752825784
8752825785
8752825796
8752825798
8752825799
8752825816
8752825833
8752825836
8752825837
8752825847
8752825848
8752825850
8752825853
8752825858
8752825859
8752825871
8752825872
8752825873
8752825874
8752825886
8752825887
8752825888
8752825890
8752825892
8752825893
8752825900
8752825901
8752825902
8752825905
8752825919
8752825920
8752750758
8752825930
8752825931
8752825932
8752825934
8752825935
8752825946
8752825947
8752825954
8752825955
8752825957
8752825963
8752825964
8752825966
8752825968
8752825969
8752825970
8752825978
8752825979
8752825986
8752825987
8752825988
8752825994
8752825996
8752825997
8752826000
8752826006
8752826010
8752826019
8752826021
8752826022
8752826023
8752826033
8752826034
8752826038
8752826043
8752826045
8752826048
8752826053
8752826056
8752826057
8752826071
8752826073
8752826074
8752826076
8752826077
8752826079
8752826093
8752826095
8752826096
8752826109
8752826110
8752826111
8752826112
8752826115
8752826118
8752826120
8752826121
8752826124
8752826126
8752826128
8752826130
8752826136
8752826138
8752826139
8752826147
8752826148
8752826153
8752826158
8752826159
8752826160
8752826161
8752826175
8752826182
8752826185
8752826195
8752826196
8752826207
8752826209
8752826215
8752826217
8752826219
8752826220
8752826221
8752826229
8752826230
8752826231
8752826232
8752826233
8752826237
8752826238
8752826248
8752826260
8752826261
8752826265
8752826266
8752826268
8752826269
8752826271
8752826294
8752826305
8752826307
8752826310
8752826311
8752826319
8752826328
8752826329
8752826330
8752826342
8752826343
8752826345
8752826346
8752826348
8752826360
8752826362
8752826366
8752826367
8752826368
8752826369
8752826370
8752826371
8752826372
8752826373
8752826375
8752826376
8752826389
8752826391
8752826392
8752826398
8752826399
8752826406
8752826409
8752826412
8752826417
8752826430
8752826431
8752826433
8752826434
8752826440
8752826441
8752826442
8752826443
8752826446
8752826454
8752826456
8752826458
8752826460
8752826461
8752826463
8752826464
8752826470
8752826471
8752826473
8752826478
8752826483
8752826484
8752826485
8752826487
8752826488
8752826489
8752826491
8752826500
8752826501
8752826503
8752826504
8752826505
8752826514
8752826515
8752826518
8752826530
8752826532
8752826537
8752826543
8752826556
8752826557
8752826560
8752826568
8752826569
8752826570
8752826586
8752826587
8752826589
8752826592
8752826593
8752826595
8752826603
8752826604
8752826605
8752826616
8752826629
8752826630
8752826642
8752826654
8752826660
8752826661
8752826663
8752826671
8752826673
8752826674
8752826676
8752826678
8752826688
8752826689
8752826691
8752826696
8752826697
8752826698
8752826699
8752826702
8752826703
8752826704
8752826706
8752826709
8752826710
8752826711
8752826714
8752826715
8752826717
8752826718
8752826720
8752826721
8752826722
8752826729
8752826731
8752826732
8752826742
8752826748
8752826753
8752826754
8752826755
8752826757
8752826758
8752826761
8752826762
8752826770
8752826771
8752826773
8752826774
8752826785
8752826786
8752826796
8752826797
8752826798
8752826807
8752826811
8752826814
8752826823
8752826825
8752826827
8752826828
8752826829
8752826830
8752826831
8752826832
8752826835
8752826837
8752826838
8752826839
8752826852
8752826853
8752826854
8752826855
8752826864
8752826865
8752826866
8752826876
8752826889
8752826890
8752826895
8752826902
8752826903
8752826904
8752826907
8752826908
8752826909
8752826910
8752826911
8752826913
8752826919
8752826921
8752826923
8752826926
8752826927
8752826928
8752826934
8752826935
8752826945
8752826946
8752826950
8752826958
8752826960
8752826961
8752826962
8752826974
8752826976
8752826977
8752826980
8752826981
8752826982
8752826990
8752826992
8752826993
8752826995
8752827005
8752827006
8752827009
8752827016
8752827020
8752827027
8752827028
8752827029
8752827032
8752827035
8752827043
8752827045
8752827049
8752827059
8752827060
8752827072
8752827083
8752827090
8752827096
8752827098
8752827100
8752827103
8752827104
8752827105
8752827118
8752827123
8752827124
8752827126
8752827127
8752827139
8752827141
8752827142
8752827144
8752827154
8752827157
8752827165
8752827166
8752827167
8752827168
8752827177
8752827179
8752827181
8752827182
8752827188
8752827191
8752827201
8752827203
8752827205
8752827206
8752827207
8752827213
8752827214
8752827222
8752827223
8752827224
8752827225
8752827226
8752827227
8752827236
8752827237
8752827239
8752827240
8752827250
8752827251
8752827252
8752827256
8752827258
8752827268
8752827271
8752827272
8752827285
8752827286
8752827287
8752827299
8752827301
8752827310
8752827313
8752827315
8752827318
8752827320
8752827333
8752827334
8752827337
8752827339
8752827340
8752827342
8752827343
8752827349
8752827352
8752827361
8752827363
8752827364
8752827370
8752827372
8752827375
8752827377
8752827379
8752827386
8752827388
8752827391
8752827393
8752827394
8752827395
8752827404
8752827407
8752827409
8752827416
8752827419
8752827428
8752827430
8752827431
8752827433
8752827440
8752827451
8752827452
8752827453
8752827454
8752827456
8752827457
8752827468
8752827470
8752827471
8752827475
8752827476
8752827485
8752827487
8752827488
8752827493
8752827497
8752827508
8752827510
8752827511
8752827513
8752827514
8752827515
8752827518
8752827520
8752827522
8752827523
8752827526
8752827527
8752827528
8752827530
8752827532
8752827533
8752827538
8752827545
8752827548
8752827549
8752827552
8752827553
8752827555
8752827558
8752827559
8752827563
8752827564
8752827568
8752827569
8752827570
8752827579
8752827585
8752827587
8752827595
8752827596
8752827597
8752827598
8752827600
8752751092
8752827606
8752751093
8752827611
8752827613
8752827622
8752827628
8752827630
8752827632
8752827638
8752827643
8752827644
8752827646
8752827648
8752827661
8752827671
8752827672
8752827673
8752827674
8752827676
8752827677
8752827678
8752827679
8752827680
8752827681
8752827682
8752827694
8752827695
8752827696
8752827701
8752827702
8752827704
8752827707
8752827710
8752827715
8752827716
8752827727
8752827728
8752827731
8752827739
8752827741
8752827742
8752827750
8752827751
8752827755
8752827758
8752827759
8752827760
8752827762
8752827763
8752827769
8752827770
8752827771
8752827772
8752827775
8752827776
8752827777
8752827785
8752827787
8752827791
8752827792
8752827793
8752827794
8752827804
8752827808
8752827816
8752827824
8752827827
8752827828
8752827829
8752827830
8752827839
8752827856
8752827857
8752827864
8752827877
8752827878
8752827880
8752827891
8752827892
8752827893
8752827894
8752827895
8752827901
8752827902
8752827904
8752827905
8752827907
8752827909
8752827910
8752827912
8752827921
8752827922
8752827923
8752827931
8752827932
8752827933
8752827940
8752827942
8752827945
8752827955
8752827957
8752827959
8752827960
8752827967
8752827968
8752827969
8752827971
8752827972
8752827973
8752827976
8752827985
8752827989
8752827991
8752827992
8752827994
8752828001
8752828004
8752828005
8752828007
8752828012
8752828015
8752828017
8752828029
8752828032
8752828039
8752828040
8752828042
8752828044
8752828054
8752828057
8752828058
8752828064
8752828066
8752828067
8752828072
8752828075
8752828084
8752828085
8752828086
8752828088
8752828089
8752828090
8752828091
8752828106
8752828107
8752828108
8752828109
8752828118
8752828119
8752828122
8752828123
8752828125
8752828131
8752828133
8752828134
8752828136
8752828137
8752828138
8752828139
8752828152
8752828157
8752828159
8752828160
8752828161
8752828163
8752828164
8752828165
8752828166
8752828175
8752828176
8752828178
8752828183
8752828190
8752828192
8752828193
8752828203
8752828211
8752828215
8752828221
8752828222
8752828228
8752828229
8752828230
8752828236
8752828248
8752828249
8752828250
8752828251
8752828256
8752828266
8752828278
8752828279
8752828280
8752828282
8752828285
8752828286
8752828295
8752828296
8752828297
8752828298
8752828301
8752828302
8752828303
8752828304
8752828305
8752828311
8752828312
8752828314
8752828316
8752828317
8752828318
8752828324
8752828328
8752828335
8752828347
8752828349
8752828359
8752828367
8752828369
8752828374
8752828375
8752828376
8752828378
8752828380
8752828381
8752828398
8752828402
8752828404
8752828406
8752828407
8752828411
8752828412
8752828413
8752828415
8752828416
8752828424
8752828426
8752828427
8752828428
8752828448
8752828449
8752828453
8752828455
8752828466
8752828469
8752828470
8752828479
8752828480
8752828481
8752828484
8752828486
8752828487
8752828488
8752828492
8752828493
8752828495
8752828496
8752828497
8752828504
8752828505
8752828511
8752828520
8752828528
8752828529
8752828530
8752828532
8752828534
8752828545
8752828551
8752828552
8752828554
8752828555
8752828556
8752828557
8752828558
8752828566
8752828568
8752828573
8752828574
8752828575
8752828576
8752828577
8752828578
8752828579
8752828585
8752828586
8752828588
8752828590
8752828591
8752828592
8752828593
8752828597
8752828602
8752828608
8752828609
8752828611
8752828612
8752828614
8752828623
8752828624
8752828625
8752828626
8752828629
8752828639
8752828640
8752828641
8752828644
8752828654
8752828655
8752828657
8752828658
8752828659
8752828669
8752828670
8752828672
8752828681
8752828682
8752828683
8752828694
8752828695
8752828697
8752828698
8752828699
8752828700
8752828701
8752828706
8752828709
8752828712
8752828713
8752828715
8752828722
8752828723
8752828724
8752828726
8752828732
8752828736
8752828737
8752828739
8752828744
8752828746
8752828748
8752828749
8752828750
8752828751
8752828755
8752828756
8752828759
8752828760
8752828761
8752828762
8752828763
8752828765
8752828773
8752828774
8752828775
8752828783
8752828785
8752828786
8752828787
8752828789
8752828806
8752828809
8752828815
8752828816
8752828827
8752828828
8752828829
8752828830
8752828835
8752828836
8752828838
8752828839
8752828845
8752828848
8752828852
8752828860
8752828861
8752828862
8752828863
8752828865
8752828871
8752828872
8752828875
8752828876
8752828882
8752828883
8752828887
8752828895
8752828904
8752828905
8752828906
8752828922
8752828923
8752828924
8752828925
8752828927
8752828928
8752828929
8752828944
8752828945
8752828946
8752828964
8752828965
8752828980
8752828981
8752828982
8752828991
8752828992
8752828994
8752828997
8752829014
8752829015
8752829016
8752829017
8752829027
8752829028
8752829029
8752829031
8752829032
8752829036
8752829037
8752829051
8752829052
8752829059
8752829060
8752829061
8752829062
8752829064
8752829065
8752829073
8752829075
8752829076
8752829079
8752829081
8752829088
8752829091
8752829092
8752829093
8752829094
8752829104
8752829105
8752829108
8752829109
8752829112
8752829113
8752829119
8752829122
8752829124
8752829125
8752829127
8752829132
8752829133
8752829134
8752829135
8752829137
8752829138
8752829147
8752829149
8752829152
8752829153
8752829156
8752829157
8752829158
8752829167
8752829170
8752829177
8752829178
8752829179
8752829180
8752829192
8752829203
8752829208
8752829209
8752829218
8752829221
8752829223
8752829224
8752829233
8752829235
8752829246
8752829247
8752829249
8752829251
8752829254
8752829255
8752829256
8752829267
8752829278
8752829283
8752829290
8752829294
8752829295
8752829296
8752829298
8752829300
8752829301
8752829313
8752829318
8752829319
8752829320
8752829323
8752829328
8752829330
8752829331
8752829332
8752829343
8752829347
8752829358
8752829360
8752829361
8752829362
8752829368
8752829370
8752829371
8752829373
8752829380
8752829381
8752829382
8752829383
8752829387
8752829388
8752829400
8752829409
8752829410
8752829412
8752829413
8752829414
8752829422
8752829425
8752829431
8752829433
8752829435
8752829437
8752829439
8752829440
8752829448
8752829449
8752829450
8752829452
8752829453
8752829458
8752829459
8752829461
8752829473
8752829474
8752829475
8752829476
8752829481
8752829482
8752829483
8752829484
8752829485
8752829486
8752829493
8752829495
8752829498
8752829505
8752829518
8752829519
8752829520
8752829527
8752829539
8752829541
8752829542
8752829552
8752829554
8752829557
8752829559
8752829562
8752829574
8752829577
8752829578
8752829583
8752829586
8752829589
8752829590
8752829591
8752829592
8752829593
8752829594
8752829608
8752829609
8752829614
8752829616
8752829628
8752829629
8752829631
8752829639
8752829640
8752829641
8752829642
8752829647
8752829652
8752829653
8752829654
8752829659
8752829662
8752829665
8752829666
8752829673
8752829674
8752829677
8752829678
8752829679
8752829680
8752829681
8752829691
8752829692
8752829695
8752829696
8752829697
8752829699
8752829700
8752829701
8752829702
8752829703
8752829710
8752829711
8752829712
8752829718
8752829720
8752829721
8752829723
8752829729
8752829730
8752829731
8752829735
8752829736
8752829740
8752829752
8752829754
8752829755
8752829756
8752829757
8752829766
8752829768
8752829769
8752829777
8752829778
8752829779
8752829787
8752829788
8752829789
8752829790
8752829791
8752829792
8752829793
8752829800
8752829801
8752829804
8752829811
8752829813
8752829814
8752829815
8752829823
8752829831
8752829832
8752829834
8752829835
8752829837
8752829838
8752829840
8752829845
8752829851
8752829858
8752829861
8752829869
8752829871
8752829872
8752829873
8752829874
8752829882
8752829885
8752829887
8752829888
8752829893
8752829894
8752829897
8752829913
8752829916
8752829927
8752829928
8752829931
8752829932
8752829941
8752829942
8752829944
8752829945
8752829961
8752829962
8752829968
8752829969
8752829970
8752829971
8752829972
8752829974
8752829977
8752829978
8752829982
8752829984
8752829991
8752829992
8752829993
8752829997
8752829998
8752829999
8752830005
8752830007
8752830008
8752830011
8752830024
8752830025
8752830027
8752830029
8752830031
8752830039
8752830049
8752830050
8752830051
8752830054
8752830064
8752830070
8752830071
8752830072
8752830080
8752830087
8752830088
8752830090
8752830091
8752830099
8752830100
8752830102
8752830103
8752830106
8752830114
8752830115
8752830116
8752830119
8752830121
8752830132
8752830133
8752830134
8752830137
8752830138
8752830146
8752830147
8752830148
8752830151
8752830152
8752830153
8752830161
8752830163
8752830164
8752830185
8752830186
8752830190
8752830191
8752830199
8752830202
8752830211
8752830212
8752830218
8752830222
8752830232
8752830233
8752830237
8752830238
8752830239
8752830250
8752830251
8752830252
8752830253
8752830254
8752830262
8752830263
8752830264
8752830269
8752830274
8752830276
8752830279
8752830280
8752830295
8752830296
8752830302
8752830306
8752830307
8752830310
8752830311
8752830312
8752830324
8752830326
8752830327
8752830328
8752830338
8752830341
8752830342
8752830343
8752830344
8752830348
8752830359
8752830361
8752830369
8752830375
8752830377
8752830379
8752830382
8752830383
8752830384
8752830386
8752830388
8752830389
8752830391
8752830392
8752830405
8752830407
8752830422
8752830424
8752830432
8752830434
8752830435
8752830438
8752830451
8752830452
8752830461
8752830462
8752830464
8752830471
8752830472
8752830483
8752830493
8752830494
8752830496
8752830503
8752830504
8752830508
8752830517
8752830521
8752830523
8752830524
8752830526
8752830527
8752830528
8752830533
8752830534
8752830536
8752830542
8752830545
8752830547
8752830548
8752830549
8752830550
8752830551
8752830563
8752830567
8752830568
8752830569
8752830575
8752830576
8752830577
8752830579
8752830580
8752830581
8752830588
8752830591
8752830594
8752830596
8752830598
8752830600
8752830609
8752830611
8752830612
8752830616
8752830617
8752830621
8752830629
8752830630
8752830642
8752830643
8752830644
8752830655
8752830663
8752830666
8752830667
8752830668
8752830669
8752830679
8752830685
8752830686
8752830688
8752830696
8752830700
8752830704
8752830706
8752830708
8752830709
8752830710
8752830712
8752830713
8752830722
8752830724
8752830725
8752830726
8752830728
8752830729
8752830737
8752830742
8752830744
8752830745
8752830746
8752830755
8752830756
8752830757
8752830763
8752830766
8752830775
8752830776
8752830779
8752830780
8752830791
8752830793
8752830797
8752830799
8752830806
8752830807
8752830809
8752830810
8752830820
8752830828
8752830829
8752830836
8752830839
8752830840
8752830848
8752830850
8752830851
8752830859
8752830860
8752830864
8752830871
8752830875
8752830877
8752830878
8752830881
8752830882
8752830883
8752830889
8752830890
8752830892
8752830893
8752830907
8752830909
8752830910
8752830919
8752830921
8752830923
8752830929
8752830930
8752830931
8752830934
8752830943
8752830947
8752830948
8752830949
8752830950
8752830956
8752830957
8752830960
8752830968
8752830969
8752830974
8752830982
8752830984
8752830988
8752830998
8752830999
8752831000
8752831001
8752831003
8752831016
8752831017
8752831023
8752831025
8752831026
8752831029
8752831037
8752831038
8752831039
8752831046
8752831049
8752831052
8752831053
8752831054
8752831068
8752831076
8752831077
8752831081
8752831083
8752831087
8752831088
8752831089
8752831090
8752831095
8752831096
8752831097
8752831099
8752831107
8752831108
8752831109
8752831111
8752831114
8752831118
8752831125
8752831127
8752831133
8752831134
8752831138
8752831139
8752831140
8752831143
8752831157
8752831158
8752831165
8752831166
8752831167
8752831168
8752831179
8752831180
8752831181
8752831182
8752831184
8752831186
8752831188
8752831194
8752831196
8752831197
8752831198
8752831199
8752831200
8752831205
8752831206
8752831230
8752831231
8752831232
8752831233
8752831237
8752831238
8752831239
8752831240
8752831242
8752831243
8752831244
8752831246
8752831257
8752831258
8752831259
8752831260
8752831261
8752831275
8752831286
8752831287
8752831290
8752831291
8752831301
8752831315
8752831317
8752831318
8752831320
8752831328
8752831348
8752831349
8752831350
8752831359
8752831362
8752831363
8752831364
8752831365
8752831373
8752831374
8752831375
8752831376
8752831380
8752831385
8752831387
8752831394
8752831395
8752831407
8752831410
8752831411
8752831419
8752777903
8752831430
8752831440
8752831442
8752831443
8752831444
8752831445
8752831446
8752831454
8752831456
8752831457
8752831459
8752831466
8752831468
8752831469
8752831470
8752831472
8752831480
8752831482
8752831483
8752831484
8752831489
8752831494
8752831497
8752831499
8752831504
8752831506
8752831513
8752831515
8752831516
8752831517
8752831520
8752831522
8752831524
8752831525
8752831526
8752831538
8752831539
8752831540
8752831547
8752831548
8752831551
8752831552
8752831559
8752831563
8752831574
8752831576
8752831577
8752831582
8752831593
8752831595
8752831610
8752831619
8752831627
8752831629
8752831634
8752831638
8752831639
8752831640
8752831651
8752831652
8752831655
8752831656
8752831657
8752831667
8752831669
8752831670
8752831671
8752831673
8752831674
8752831675
8752831678
8752831687
8752831688
8752831689
8752831690
8752831691
8752831692
8752831699
8752831700
8752831704
8752831710
8752831712
8752831713
8752831714
8752831715
8752831718
8752831727
8752831728
8752831731
8752831732
8752831733
8752831741
8752831751
8752831753
8752831754
8752831756
8752831757
8752831764
8752831766
8752831767
8752831768
8752831769
8752831770
8752831778
8752831780
8752831783
8752831795
8752831796
8752831797
8752831799
8752831800
8752831801
8752831802
8752831803
8752831808
8752831815
8752831827
8752831829
8752831830
8752831831
8752831832
8752831835
8752831840
8752831843
8752831844
8752831846
8752831847
8752831848
8752831849
8752831856
8752831861
8752831870
8752831872
8752831873
8752831876
8752831885
8752831897
8752831906
8752831907
8752831909
8752831911
8752831919
8752831921
8752831923
8752831925
8752831931
8752831932
8752831938
8752831950
8752831953
8752831954
8752831963
8752831964
8752831965
8752831968
8752831976
8752831978
8752831979
8752831980
8752831981
8752831988
8752831990
8752831991
8752831992
8752831993
8752831998
8752832003
8752832006
8752832007
8752832009
8752832011
8752832014
8752832015
8752832016
8752832026
8752832029
8752832030
8752832031
8752832045
8752832047
8752832048
8752832049
8752832054
8752832055
8752832057
8752832063
8752832064
8752832066
8752832072
8752832080
8752832081
8752832082
8752832089
8752832090
8752832091
8752832093
8752832094
8752832095
8752832106
8752832108
8752832110
8752832122
8752832123
8752832124
8752832125
8752832126
8752832127
8752832135
8752832136
8752832139
8752832140
8752832149
8752832163
8752832164
8752832176
8752832187
8752832191
8752832202
8752832204
8752832206
8752832208
8752832209
8752832210
8752832214
8752832216
8752832217
8752832220
8752832223
8752832225
8752832237
8752832238
8752832239
8752832241
8752832253
8752832257
8752832258
8752832262
8752832263
8752832264
8752832279
8752832280
8752832281
8752832291
8752832293
8752832296
8752832303
8752832305
8752832306
8752832309
8752832316
8752832320
8752832327
8752832332
8752832333
8752832344
8752832345
8752832346
8752832347
8752832349
8752832354
8752752036
8752832358
8752832361
8752832362
8752832370
8752832371
8752832374
8752832381
8752832382
8752832383
8752832391
8752832392
8752832393
8752832397
8752832402
8752832405
8752832406
8752832408
8752832409
8752832411
8752832421
8752832422
8752832423
8752832424
8752832427
8752832428
8752832429
8752832430
8752832439
8752832440
8752832444
8752832445
8752832454
8752832455
8752832463
8752832473
8752832474
8752832476
8752832479
8752832486
8752832490
8752832492
8752832495
8752832507
8752832509
8752832510
8752832520
8752832522
8752832527
8752832529
8752832530
8752832537
8752832538
8752832544
8752832545
8752832546
8752832547
8752832549
8752832553
8752832554
8752832555
8752832558
8752832559
8752832560
8752832561
8752832563
8752832564
8752832569
8752832570
8752832572
8752832576
8752832577
8752832582
8752832583
8752832585
8752832586
8752832596
8752832604
8752832606
8752832608
8752832609
8752832610
8752832613
8752832615
8752832620
8752832622
8752832623
8752832624
8752832625
8752832638
8752832639
8752832641
8752832642
8752832652
8752832653
8752832659
8752832660
8752832661
8752832664
8752832665
8752832671
8752832672
8752832686
8752832687
8752832688
8752832689
8752832691
8752832692
8752832693
8752832695
8752832709
8752832710
8752832713
8752832715
8752832724
8752832725
8752832736
8752832747
8752832748
8752832750
8752832753
8752832754
8752832755
8752832756
8752832757
8752832772
8752832781
8752832784
8752832792
8752832793
8752832798
8752832807
8752832809
8752832810
8752832811
8752832820
8752832826
8752832827
8752832828
8752832834
8752832835
8752832844
8752832846
8752832847
8752832848
8752832849
8752832850
8752832856
8752832857
8752832858
8752832859
8752832860
8752832861
8752832862
8752832863
8752832874
8752832877
8752832878
8752832879
8752832880
8752832881
8752832887
8752832888
8752832893
8752832894
8752832895
8752832897
8752832899
8752832903
8752832908
8752832909
8752832910
8752832923
8752832924
8752832925
8752832926
8752832927
8752832930
8752832931
8752832932
8752832935
8752832936
8752832943
8752832945
8752832946
8752832948
8752832949
8752832950
8752832960
8752832961
8752832962
8752832965
8752832966
8752832975
8752832979
8752832984
8752832986
8752832987
8752832994
8752832995
8752833005
8752833006
8752833018
8752833019
8752833021
8752833023
8752833032
8752833033
8752833034
8752833035
8752833036
8752833037
8752833038
8752833039
8752833042
8752833045
8752833046
8752833048
8752833049
8752833050
8752833057
8752833059
8752833071
8752833072
8752833075
8752833077
8752833079
8752833081
8752833082
8752833083
8752833093
8752833104
8752833108
8752833109
8752833117
8752833132
8752833134
8752833135
8752833136
8752833137
8752833139
8752833144
8752833146
8752833150
8752833161
8752833168
8752833176
8752833178
8752833179
8752833180
8752833188
8752833189
8752833190
8752833198
8752833200
8752833201
8752833203
8752833204
8752833212
8752833213
8752833214
8752833215
8752833222
8752833224
8752833225
8752833229
8752833230
8752833239
8752833240
8752833241
8752833243
8752833250
8752833252
8752833253
8752833257
8752833266
8752833270
8752833271
8752833273
8752833274
8752833284
8752833286
8752833299
8752833301
8752833310
8752833311
8752833316
8752833317
8752833322
8752833324
8752833337
8752833338
8752833339
8752833347
8752833348
8752833349
8752833350
8752833352
8752833358
8752833359
8752833360
8752833362
8752833371
8752833385
8752833386
8752833387
8752833388
8752833389
8752833390
8752833393
8752833394
8752833400
8752833401
8752833404
8752833405
8752833423
8752833424
8752833425
8752833428
8752833431
8752833432
8752833433
8752833434
8752833443
8752833445
8752833446
8752833448
8752833449
8752833450
8752833451
8752833459
8752833461
8752833462
8752833463
8752833464
8752833476
8752833477
8752833479
8752833487
8752833488
8752833489
8752833490
8752833491
8752833494
8752833504
8752833505
8752833507
8752833513
8752833514
8752833515
8752833516
8752833518
8752833520
8752833521
8752833537
8752833541
8752833548
8752833549
8752833550
8752833551
8752833556
8752833557
8752833559
8752833560
8752833569
8752833570
8752833571
8752833572
8752833576
8752833577
8752833583
8752833594
8752833595
8752833597
8752833601
8752833602
8752833603
8752833622
8752833623
8752833626
8752833627
8752833628
8752833632
8752833639
8752833640
8752833641
8752833642
8752833643
8752833644
8752833646
8752833647
8752833662
8752833664
8752833665
8752833678
8752833680
8752833681
8752833682
8752833683
8752833695
8752833697
8752833699
8752833700
8752833705
8752833706
8752833709
8752833726
8752833727
8752833728
8752833730
8752833731
8752833742
8752833743
8752833744
8752833746
8752833747
8752833752
8752833753
8752833756
8752833757
8752833759
8752833760
8752833762
8752833763
8752833778
8752833781
8752833782
8752833791
8752833794
8752833795
8752833796
8752833798
8752833806
8752833807
8752833808
8752833821
8752833823
8752833826
8752833827
8752833839
8752833840
8752833841
8752833843
8752833845
8752833846
8752833851
8752833859
8752833871
8752833872
8752833881
8752833882
8752833886
8752833899
8752833900
8752833904
8752833906
8752833914
8752833915
8752833917
8752833918
8752833921
8752833934
8752833935
8752833938
8752833939
8752833940
8752833941
8752833948
8752833963
8752833964
8752833967
8752833974
8752833975
8752833977
8752833978
8752833980
8752833991
8752833992
8752833993
8752833994
8752833995
8752833998
8752833999
8752834000
8752834009
8752834010
8752834012
8752834020
8752834036
8752834039
8752834042
8752834043
8752834052
8752834054
8752834055
8752834056
8752834064
8752834065
8752834066
8752834068
8752834070
8752834071
8752834076
8752834077
8752834079
8752834085
8752834087
8752834089
8752834097
8752834098
8752834099
8752834103
8752834110
8752834112
8752834113
8752834116
8752834125
8752834126
8752834127
8752834128
8752834129
8752834134
8752834135
8752834137
8752834139
8752834141
8752834142
8752834143
8752834152
8752834153
8752834154
8752834155
8752834170
8752834177
8752834180
8752834182
8752834187
8752834191
8752834192
8752834194
8752834196
8752834197
8752834198
8752834209
8752834210
8752834212
8752834214
8752834223
8752834224
8752834228
8752834230
8752834242
8752834243
8752834245
8752834246
8752834247
8752834254
8752834257
8752834262
8752834263
8752834265
8752834275
8752834289
8752834291
8752834292
8752834293
8752834294
8752834298
8752834312
8752834313
8752834314
8752834315
8752834316
8752834319
8752834321
8752834322
8752834326
8752834327
8752834335
8752834350
8752834352
8752834354
8752834362
8752834366
8752834367
8752834370
8752834371
8752834372
8752834373
8752834378
8752834379
8752834389
8752834390
8752834398
8752834399
8752834401
8752834414
8752834417
8752834420
8752834425
8752834427
8752834429
8752834438
8752834441
8752834443
8752834445
8752834453
8752834454
8752834457
8752834458
8752834471
8752834472
8752834477
8752834480
8752834485
8752834487
8752834489
8752834502
8752834510
8752834511
8752834514
8752834515
8752834516
8752834519
8752834532
8752834539
8752834542
8752834543
8752834554
8752834555
8752834556
8752834559
8752834560
8752834561
8752834563
8752834564
8752834575
8752834577
8752834578
8752834579
8752834580
8752834581
8752834593
8752834594
8752834600
8752834602
8752834616
8752834636
8752834637
8752834638
8752834639
8752834640
8752834645
8752834648
8752834649
8752834650
8752834651
8752834652
8752834659
8752834660
8752834661
8752834662
8752834666
8752834667
8752834678
8752834680
8752834682
8752834690
8752834691
8752834701
8752834702
8752834712
8752834713
8752834718
8752834724
8752834725
8752834726
8752834728
8752834731
8752834735
8752834742
8752834743
8752834744
8752834745
8752834761
8752834763
8752834774
8752834775
8752834776
8752834780
8752834781
8752834782
8752834783
8752834791
8752834793
8752834800
8752834803
8752834804
8752834805
8752834807
8752834809
8752834825
8752834827
8752834828
8752834829
8752834840
8752834842
8752834851
8752834853
8752834869
8752834871
8752834881
8752834883
8752834884
8752834886
8752834887
8752834889
8752834890
8752834892
8752834898
8752834899
8752834900
8752834906
8752834907
8752834910
8752834911
8752834912
8752834924
8752834926
8752834927
8752834933
8752834934
8752834936
8752834937
8752834938
8752834943
8752834945
8752834951
8752834952
8752834953
8752834955
8752834956
8752834957
8752752553
8752834960
8752834961
8752752554
8752834978
8752834980
8752834981
8752834983
8752834989
8752834990
8752834993
8752835002
8752835003
8752835004
8752835007
8752835008
8752835018
8752835021
8752835022
8752835024
8752835026
8752835027
8752835033
8752835035
8752835040
8752835044
8752835045
8752835046
8752835047
8752835048
8752835055
8752835056
8752835057
8752835058
8752835062
8752835070
8752835084
8752835085
8752835087
8752835088
8752835090
8752835091
8752835098
8752835099
8752835102
8752835111
8752835119
8752835120
8752835121
8752835123
8752835124
8752835125
8752835127
8752835139
8752835140
8752835142
8752835151
8752835153
8752835156
8752835166
8752835169
8752835171
8752835182
8752835183
8752835185
8752835188
8752835195
8752835196
8752835197
8752835198
8752835199
8752835200
8752835202
8752835203
8752835204
8752835206
8752835216
8752835217
8752835218
8752835220
8752835221
8752835224
8752835225
8752835226
8752835233
8752835240
8752835244
8752835245
8752835252
8752835253
8752835254
8752835259
8752835272
8752835275
8752835281
8752835282
8752835286
8752835287
8752835297
8752835298
8752835299
8752835300
8752835310
8752835314
8752835321
8752835322
8752835324
8752835327
8752835336
8752835337
8752835339
8752835341
8752835352
8752835353
8752835357
8752835363
8752835372
8752835373
8752835375
8752835382
8752835384
8752835387
8752835389
8752835392
8752835399
8752835401
8752835409
8752835412
8752835420
8752835421
8752835425
8752835426
8752835438
8752835440
8752835448
8752835449
8752835450
8752835451
8752835454
8752835455
8752835456
8752835457
8752835462
8752835463
8752835465
8752835468
8752835470
8752835471
8752835483
8752835485
8752835515
8752835516
8752835517
8752835518
8752835519
8752835520
8752835522
8752835526
8752835527
8752835528
8752835530
8752835531
8752835546
8752835548
8752835549
8752835550
8752835558
8752835561
8752835562
8752835564
8752835566
8752835567
8752835575
8752835576
8752835577
8752835587
8752835590
8752835592
8752835594
8752835596
8752835597
8752835604
8752835605
8752835610
8752835611
8752835612
8752835613
8752835626
8752835627
8752835632
8752835634
8752835635
8752835650
8752835651
8752835652
8752835653
8752835665
8752835666
8752835670
8752835672
8752835680
8752835683
8752835686
8752835688
8752835693
8752835694
8752835696
8752835697
8752835699
8752835700
8752835701
8752835702
8752835709
8752835710
8752835712
8752835720
8752835721
8752835725
8752835726
8752835727
8752835728
8752835730
8752835732
8752835733
8752835734
8752835744
8752835746
8752835748
8752835749
8752835750
8752835751
8752835760
8752835764
8752835765
8752835773
8752835775
8752835776
8752835777
8752835779
8752835797
8752835800
8752835810
8752835812
8752835815
8752835816
8752835817
8752835826
8752835828
8752835836
8752835837
8752835838
8752835839
8752835840
8752835843
8752835847
8752835849
8752835850
8752835860
8752835861
8752835867
8752835872
8752835877
8752835878
8752835879
8752835880
8752835894
8752835905
8752835908
8752835910
8752835911
8752835913
8752835921
8752835922
8752835924
8752835925
8752835928
8752835931
8752835932
8752835933
8752835936
8752835938
8752835944
8752835946
8752835948
8752835949
8752835950
8752835955
8752835958
8752835960
8752835961
8752835962
8752835963
8752835973
8752835974
8752835975
8752835977
8752835978
8752835986
8752835987
8752835988
8752835989
8752835990
8752835998
8752836000
8752836002
8752836003
8752836012
8752836020
8752836022
8752836023
8752836034
8752836035
8752836036
8752836048
8752836049
8752836050
8752836051
8752836052
8752836054
8752836056
8752836058
8752836060
8752836061
8752836065
8752836067
8752836068
8752836069
8752836070
8752836076
8752836078
8752836079
8752836080
8752836081
8752836082
8752836084
8752836085
8752836086
8752836094
8752836095
8752836096
8752836098
8752836099
8752836105
8752836106
8752836108
8752836116
8752836117
8752836119
8752836120
8752836126
8752836127
8752836129
8752836132
8752836133
8752836134
8752836139
8752836141
8752836142
8752836148
8752836149
8752836159
8752836160
8752836162
8752836163
8752836170
8752836171
8752836174
8752836175
8752836176
8752836177
8752836178
8752836179
8752836181
8752836182
8752836183
8752836199
8752836201
8752836202
8752836203
8752836217
8752836218
8752836219
8752836221
8752836222
8752836224
8752836227
8752836229
8752836230
8752836234
8752836239
8752836241
8752836243
8752836244
8752836245
8752836246
8752836257
8752836259
8752836264
8752836265
8752836266
8752836280
8752836286
8752836289
8752836290
8752836311
8752836312
8752836313
8752836314
8752836317
8752836325
8752836327
8752836328
8752836329
8752836342
8752836343
8752836346
8752836356
8752836357
8752836359
8752836360
8752836370
8752836372
8752836374
8752836378
8752836379
8752836381
8752836391
8752836394
8752836402
8752836405
8752836407
8752836417
8752836421
8752836433
8752836434
8752836436
8752836437
8752836447
8752836448
8752836449
8752836454
8752836456
8752836458
8752836459
8752836460
8752836461
8752836467
8752836470
8752836474
8752836476
8752836480
8752836481
8752836489
8752836492
8752836495
8752836502
8752836510
8752836511
8752836527
8752836528
8752836529
8752836530
8752836531
8752836539
8752836540
8752836550
8752836552
8752836553
8752836554
8752836560
8752836561
8752836563
8752836567
8752836568
8752836569
8752836573
8752836575
8752836576
8752836577
8752836578
8752836580
8752836581
8752836591
8752836598
8752836608
8752836612
8752836613
8752836614
8752836628
8752836630
8752836632
8752836640
8752836642
8752836644
8752836645
8752836653
8752836654
8752836656
8752836659
8752836663
8752836665
8752836668
8752836669
8752836670
8752836680
8752836681
8752836682
8752836685
8752836686
8752836691
8752836692
8752836697
8752836701
8752836707
8752836708
8752836713
8752836714
8752836716
8752836717
8752836724
8752836725
8752836726
8752836734
8752836736
8752836739
8752836749
8752836750
8752836752
8752836773
8752836775
8752836781
8752836782
8752836783
8752836786
8752836787
8752836788
8752836797
8752836798
8752836800
8752836812
8752836813
8752836814
8752836815
8752836817
8752836826
8752836840
8752836852
8752836853
8752836854
8752836857
8752836858
8752836865
8752836866
8752836867
8752836875
8752836876
8752836878
8752836889
8752836891
8752836892
8752836893
8752836899
8752836900
8752836902
8752836905
8752836907
8752836908
8752836914
8752836916
8752836917
8752836935
8752836942
8752836943
8752836954
8752836955
8752836965
8752836966
8752836967
8752836969
8752836970
8752836971
8752836974
8752836982
8752836983
8752836984
8752836985
8752836986
8752836987
8752837000
8752837003
8752837004
8752837006
8752837018
8752837019
8752837020
8752837021
8752837031
8752837036
8752837037
8752837046
8752837047
8752837049
8752837050
8752837051
8752837055
8752837060
8752837061
8752837062
8752837063
8752837064
8752837067
8752837069
8752837075
8752837077
8752837079
8752837086
8752837087
8752837089
8752837094
8752837100
8752837105
8752837106
8752837107
8752837108
8752837109
8752837110
8752837118
8752837120
8752837121
8752837122
8752837133
8752837136
8752837137
8752837147
8752837148
8752837155
8752837156
8752837157
8752837160
8752837163
8752837170
8752837175
8752837176
8752837186
8752837189
8752837196
8752837197
8752837198
8752837213
8752837216
8752837218
8752837219
8752837220
8752837234
8752837244
8752837249
8752837261
8752837262
8752837263
8752837271
8752837272
8752837274
8752837283
8752837284
8752837294
8752837295
8752837304
8752837305
8752837307
8752837308
8752837310
8752837311
8752837312
8752837320
8752837323
8752837335
8752837336
8752837337
8752837338
8752837339
8752837348
8752837349
8752837351
8752837354
8752837356
8752837366
8752837367
8752837371
8752837373
8752837374
8752837375
8752837376
8752837377
8752837379
8752837381
8752837392
8752837395
8752837396
8752837407
8752837413
8752837414
8752837416
8752837417
8752837418
8752837422
8752837426
8752837428
8752837429
8752837444
8752837460
8752837465
8752837467
8752837468
8752837469
8752837479
8752837481
8752837482
8752837483
8752837484
8752837485
8752837492
8752837493
8752837494
8752837495
8752837498
8752837506
8752837507
8752837508
8752837509
8752837511
8752837519
8752837525
8752837528
8752837537
8752837538
8752837540
8752837551
8752837552
8752837554
8752837562
8752837564
8752837565
8752837566
8752837567
8752837577
8752837581
8752837582
8752837590
8752837591
8752837593
8752837598
8752837609
8752837611
8752837613
8752837616
8752837620
8752837624
8752837625
8752837627
8752837634
8752837635
8752837636
8752837637
8752837640
8752837641
8752837644
8752837650
8752837651
8752837654
8752837655
8752837656
8752837665
8752837675
8752837676
8752837679
8752837680
8752837684
8752837685
8752837691
8752837692
8752837694
8752837703
8752837704
8752837705
8752837707
8752837708
8752837709
8752837711
8752837723
8752837724
8752837729
8752837743
8752837746
8752837747
8752837748
8752837750
8752837756
8752837758
8752837759
8752837760
8752837768
8752837769
8752837771
8752837773
8752837774
8752837776
8752837777
8752837779
8752837789
8752837791
8752837794
8752837796
8752753120
8752837810
8752837811
8752837813
8752837814
8752837823
8752837824
8752837841
8752837848
8752837849
8752837860
8752837863
8752837864
8752837875
8752837885
8752837887
8752837888
8752837889
8752837897
8752753138
8752837900
8752837901
8752753139
8752837909
8752837911
8752837912
8752837913
8752837918
8752837919
8752837920
8752837929
8752837931
8752837934
8752837941
8752837950
8752837952
8752837953
8752837955
8752837963
8752837964
8752837966
8752837967
8752837969
8752837977
8752837978
8752837979
8752837983
8752837985
8752837986
8752837988
8752837995
8752837998
8752838001
8752753159
8752838013
8752838015
8752838026
8752838027
8752838031
8752838037
8752838038
8752838039
8752838041
8752838043
8752838044
8752838045
8752838048
8752838049
8752838059
8752838061
8752838062
8752838064
8752838077
8752838079
8752838088
8752838092
8752838093
8752838095
8752838096
8752838102
8752838105
8752838106
8752838107
8752838118
8752838121
8752838125
8752838132
8752838134
8752838136
8752838137
8752838138
8752838141
8752838142
8752838143
8752838144
8752838145
8752838146
8752838154
8752838155
8752838156
8752838157
8752838158
8752838166
8752838168
8752838180
8752838184
8752838186
8752838198
8752838199
8752838200
8752838203
8752838213
8752838223
8752838224
8752838232
8752838234
8752838235
8752838237
8752838247
8752838248
8752838249
8752838251
8752838259
8752838260
8752838261
8752838271
8752838273
8752838275
8752838284
8752838287
8752838288
8752838299
8752838300
8752838301
8752838310
8752838313
8752838314
8752838324
8752838325
8752838326
8752838333
8752838335
8752838337
8752838338
8752838340
8752838351
8752838353
8752838355
8752838356
8752838357
8752838362
8752838366
8752838367
8752838368
8752838369
8752838371
8752838373
8752838389
8752838390
8752838394
8752838401
8752838403
8752838404
8752838411
8752838412
8752838413
8752838414
8752838415
8752838416
8752838418
8752838419
8752838429
8752838436
8752838437
8752838440
8752838441
8752838442
8752838447
8752838448
8752838449
8752838450
8752838452
8752838454
8752838460
8752838461
8752838462
8752838468
8752838480
8752838482
8752838484
8752838494
8752838496
8752838499
8752838500
8752838501
8752838513
8752838516
8752838521
8752838522
8752838524
8752838527
8752838529
8752838540
8752838541
8752838548
8752838550
8752838551
8752838552
8752838553
8752838555
8752838556
8752838557
8752838568
8752838572
8752838575
8752838576
8752838577
8752838587
8752838588
8752838590
8752838597
8752838598
8752838599
8752838600
8752838602
8752838603
8752838604
8752838606
8752838607
8752838608
8752838617
8752838621
8752838627
8752838629
8752838633
8752838634
8752838637
8752838638
8752838647
8752838648
8752838661
8752838663
8752838673
8752838674
8752838675
8752838681
8752838682
8752838684
8752838685
8752838693
8752838694
8752838695
8752838696
8752838700
8752838702
8752838703
8752838714
8752838715
8752838716
8752838723
8752838725
8752838726
8752838733
8752838734
8752838735
8752838752
8752838753
8752838754
8752838756
8752838757
8752838770
8752838772
8752838773
8752838774
8752838781
8752838783
8752838784
8752838797
8752838798
8752838800
8752838802
8752838809
8752838812
8752838820
8752838821
8752838824
8752838825
8752838826
8752838835
8752838838
8752838839
8752838841
8752838851
8752838853
8752838855
8752838857
8752838860
8752838861
8752838862
8752838867
8752838870
8752838879
8752838890
8752838894
8752838897
8752838899
8752838900
8752838910
8752838940
8752838941
8752838944
8752838946
8752838947
8752838952
8752838953
8752838955
8752838956
8752838957
8752838958
8752838968
8752838969
8752838970
8752838972
8752838979
8752838983
8752838995
8752838997
8752839000
8752839009
8752839015
8752839022
8752839023
8752839035
8752839038
8752839044
8752839045
8752839046
8752839049
8752839055
8752839056
8752839057
8752839060
8752839061
8752839065
8752839075
8752839083
8752839093
8752839094
8752839102
8752839103
8752839104
8752839106
8752839107
8752839108
8752839114
8752839120
8752839121
8752839122
8752839124
8752839125
8752839134
8752839135
8752753384
8752839143
8752839144
8752839146
8752839153
8752839154
8752839157
8752839158
8752839162
8752839163
8752839166
8752839167
8752839169
8752839175
8752839176
8752839178
8752839180
8752839181
8752839182
8752839190
8752839198
8752839200
8752839201
8752839208
8752839210
8752839213
8752839215
8752839222
8752839223
8752839224
8752839226
8752839227
8752839228
8752839229
8752839230
8752839241
8752839242
8752839243
8752839244
8752839245
8752839247
8752839248
8752839257
8752839260
8752839261
8752839262
8752839263
8752839270
8752839273
8752839281
8752839290
8752839294
8752839295
8752839297
8752839298
8752839299
8752839317
8752839329
8752839330
8752839331
8752839332
8752839333
8752839334
8752839335
8752839339
8752839348
8752839349
8752839350
8752839351
8752839353
8752839355
8752839358
8752839359
8752839360
8752839361
8752839363
8752839364
8752839365
8752839378
8752839379
8752839380
8752839382
8752839385
8752839386
8752839387
8752839398
8752839406
8752839407
8752839416
8752839418
8752839422
8752839431
8752839432
8752839438
8752839439
8752839440
8752839446
8752839447
8752839448
8752839458
8752839459
8752839460
8752839462
8752839463
8752839468
8752839471
8752839472
8752839473
8752839474
8752839476
8752839477
8752839488
8752839490
8752839491
8752839507
8752839508
8752839509
8752839511
8752839522
8752839523
8752839525
8752839526
8752839527
8752839528
8752839530
8752839531
8752839533
8752839535
8752839537
8752839546
8752839548
8752839551
8752839552
8752839553
8752839561
8752839563
8752839564
8752839578
8752839579
8752839589
8752839590
8752839593
8752839594
8752839596
8752839597
8752839598
8752839612
8752839622
8752839624
8752839630
8752839632
8752839633
8752839640
8752839642
8752839649
8752839669
8752839676
8752839677
8752839682
8752839685
8752839686
8752839689
8752839690
8752839696
8752839699
8752839700
8752839708
8752839709
8752839711
8752839712
8752839722
8752839723
8752839724
8752839738
8752839740
8752839742
8752839748
8752839749
8752839750
8752839751
8752839754
8752839760
8752839762
8752839763
8752839764
8752839772
8752839774
8752839777
8752839778
8752839786
8752839787
8752839788
8752839789
8752839791
8752839792
8752839804
8752839806
8752839807
8752839808
8752839809
8752839810
8752839813
8752839822
8752839824
8752839830
8752839833
8752839834
8752839836
8752839837
8752839846
8752839847
8752839850
8752839852
8752839860
8752839868
8752839870
8752839884
8752839892
8752839902
8752839904
8752839907
8752839916
8752839919
8752839920
8752839923
8752839924
8752839925
8752839926
8752839929
8752839936
8752839941
8752839942
8752839943
8752839944
8752839945
8752839947
8752839948
8752839949
8752839952
8752839954
8752839956
8752839969
8752839970
8752839973
8752839974
8752839975
8752839986
8752839987
8752839988
8752839989
8752839991
8752839995
8752839996
8752839997
8752839998
8752840001
8752840012
8752840014
8752840021
8752840028
8752840030
8752840044
8752840046
8752840047
8752840053
8752840056
8752840058
8752840061
8752840062
8752840076
8752840077
8752840089
8752840092
8752840093
8752840098
8752840100
8752840109
8752840110
8752840111
8752840121
8752840123
8752840125
8752840126
8752840128
8752840129
8752840130
8752840131
8752840132
8752840137
8752840142
8752840152
8752840153
8752840154
8752840157
8752840158
8752840159
8752840160
8752840162
8752840171
8752840172
8752840185
8752840186
8752840188
8752840201
8752840205
8752840207
8752840208
8752840209
8752840216
8752840217
8752840218
8752840229
8752840231
8752840232
8752840233
8752840234
8752840235
8752840244
8752840245
8752840246
8752840247
8752840248
8752840252
8752840256
8752840257
8752840260
8752840261
8752840263
8752840275
8752840277
8752840287
8752840288
8752840293
8752840294
8752840302
8752840312
8752840322
8752840323
8752840324
8752840325
8752840335
8752840337
8752840338
8752840339
8752840340
8752840341
8752840343
8752840345
8752840346
8752840348
8752840349
8752840352
8752840353
8752840360
8752840361
8752840363
8752840367
8752840368
8752840375
8752840376
8752840386
8752840388
8752840389
8752840394
8752840397
8752840398
8752840399
8752840400
8752840401
8752840413
8752840414
8752840415
8752840416
8752840417
8752840418
8752840419
8752840420
8752840421
8752840422
8752840429
8752840430
8752840432
8752840444
8752840447
8752840448
8752840454
8752840455
8752840457
8752840466
8752840467
8752840474
8752840475
8752840476
8752840491
8752840492
8752840493
8752840505
8752840507
8752840508
8752840510
8752840511
8752840522
8752840524
8752840525
8752840526
8752840528
8752840529
8752840549
8752840550
8752840563
8752840565
8752840566
8752840567
8752840569
8752840571
8752840586
8752840588
8752840589
8752840591
8752840601
8752840608
8752840609
8752840612
8752840615
8752840620
8752840623
8752840624
8752840625
8752840626
8752840635
8752840640
8752840645
8752840647
8752840651
8752840653
8752840656
8752840663
8752840664
8752840665
8752840666
8752840667
8752840668
8752840674
8752840677
8752840678
8752840679
8752840680
8752840681
8752840682
8752840683
8752840684
8752840691
8752840693
8752840694
8752840695
8752840708
8752840709
8752840710
8752840719
8752840721
8752840722
8752840729
8752840731
8752840733
8752840734
8752840735
8752840748
8752840749
8752840750
8752840751
8752840752
8752840753
8752840754
8752840755
8752840756
8752840758
8752840759
8752840760
8752840761
8752840766
8752840774
8752840776
8752840788
8752840789
8752840796
8752840797
8752840798
8752840799
8752840808
8752840810
8752840812
8752840820
8752840823
8752840831
8752840832
8752840834
8752840837
8752840838
8752840839
8752840847
8752840848
8752840849
8752840850
8752840851
8752840854
8752840855
8752840864
8752840868
8752840878
8752840879
8752840880
8752840881
8752840891
8752840892
8752840894
8752840901
8752840902
8752840905
8752840906
8752840908
8752840913
8752840927
8752840931
8752840935
8752840941
8752840943
8752840945
8752840946
8752840947
8752840949
8752840963
8752840964
8752840965
8752840966
8752840977
8752840980
8752840987
8752840988
8752840998
8752841000
8752841003
8752841006
8752841007
8752841013
8752841014
8752841016
8752841024
8752841026
8752841027
8752841029
8752841030
8752841031
8752841034
8752841036
8752841038
8752841039
8752841047
8752841058
8752841060
8752841061
8752841062
8752841064
8752841066
8752841081
8752841082
8752841084
8752841091
8752841093
8752841095
8752841096
8752841104
8752841106
8752841107
8752841115
8752841116
8752841125
8752841127
8752841130
8752841131
8752841137
8752841138
8752841141
8752841152
8752841161
8752841163
8752841164
8752841166
8752841175
8752841177
8752841179
8752841187
8752841192
8752841197
8752841199
8752841203
8752841204
8752841207
8752841208
8752841217
8752841218
8752841219
8752841220
8752841221
8752841227
8752841229
8752841233
8752841235
8752841238
8752841239
8752841240
8752841251
8752841254
8752841258
8752841265
8752841268
8752841269
8752841271
8752841279
8752841282
8752841284
8752841286
8752841287
8752841288
8752841294
8752841296
8752841297
8752841304
8752841308
8752841311
8752841325
8752841327
8752841328
8752841335
8752841337
8752841342
8752841343
8752841355
8752841356
8752841366
8752841367
8752841368
8752841370
8752841381
8752841382
8752841383
8752841384
8752841385
8752841392
8752841394
8752841395
8752841396
8752841402
8752841403
8752841405
8752841416
8752841424
8752841427
8752841428
8752841437
8752841438
8752841440
8752841441
8752841443
8752841444
8752841445
8752841450
8752841451
8752841454
8752841456
8752841457
8752841458
8752841477
8752841482
8752841487
8752841488
8752841492
8752841504
8752841505
8752841506
8752841512
8752841514
8752841515
8752841516
8752841521
8752841523
8752841524
8752841525
8752841529
8752841532
8752841536
8752841544
8752841545
8752841551
8752841553
8752841565
8752841567
8752841569
8752841571
8752841581
8752841593
8752841597
8752841603
8752841606
8752841611
8752841615
8752841616
8752841617
8752841619
8752841621
8752841623
8752841624
8752841633
8752841634
8752841635
8752841636
8752841637
8752841638
8752841652
8752841653
8752841654
8752841662
8752841663
8752841671
8752841674
8752841675
8752841678
8752841679
8752841680
8752841681
8752841695
8752841697
8752841698
8752841701
8752841707
8752841711
8752841712
8752841713
8752841722
8752841723
8752841725
8752841726
8752841742
8752841754
8752841759
8752841760
8752841762
8752841774
8752841775
8752841777
8752841778
8752841780
8752841781
8752841784
8752841786
8752841797
8752841798
8752841801
8752841802
8752841809
8752841810
8752841811
8752841812
8752841813
8752841814
8752841816
8752841822
8752841825
8752841826
8752841827
8752841828
8752841829
8752841834
8752841835
8752841836
8752841838
8752841839
8752841841
8752841857
8752841860
8752841861
8752841862
8752841863
8752841867
8752841868
8752841869
8752841875
8752841877
8752841882
8752841884
8752841885
8752841886
8752841887
8752841892
8752841893
8752841895
8752841896
8752841897
8752841898
8752841905
8752841906
8752841907
8752841908
8752841910
8752841911
8752841913
8752841914
8752841925
8752841926
8752841941
8752841942
8752841950
8752841952
8752841953
8752841962
8752841965
8752841966
8752841967
8752841970
8752841972
8752841979
8752841981
8752841987
8752841999
8752842001
8752842003
8752842005
8752842010
8752842030
8752842031
8752842039
8752842040
8752842044
8752842046
8752842058
8752842059
8752842060
8752842063
8752842075
8752842076
8752842078
8752842085
8752842092
8752842093
8752842096
8752842104
8752842114
8752842115
8752842116
8752842117
8752842120
8752842121
8752842124
8752842125
8752842127
8752842137
8752842138
8752842147
8752842163
8752842165
8752842167
8752842171
8752842174
8752842176
8752842182
8752842183
8752842184
8752842185
8752842190
8752842195
8752842200
8752842214
8752842215
8752842216
8752842223
8752842226
8752842230
8752842234
8752842235
8752842242
8752842243
8752842245
8752842246
8752842251
8752842252
8752842259
8752842260
8752842261
8752842262
8752842274
8752842285
8752842286
8752842288
8752842294
8752842300
8752842301
8752842302
8752842303
8752842304
8752842311
8752842312
8752842314
8752842327
8752842330
8752842331
8752842332
8752842333
8752780071
8752842335
8752842336
8752842339
8752842340
8752842341
8752842342
8752842349
8752842350
8752842353
8752842355
8752842368
8752842370
8752842381
8752842384
8752842392
8752842393
8752842396
8752842408
8752842410
8752842416
8752842419
8752842420
8752842430
8752842432
8752842437
8752842444
8752842446
8752842447
8752842450
8752842459
8752842461
8752842463
8752842472
8752842473
8752842474
8752842482
8752842484
8752842487
8752842488
8752842489
8752842491
8752842498
8752842506
8752842512
8752842514
8752842515
8752842517
8752842522
8752842523
8752842525
8752842527
8752842528
8752842535
8752842538
8752842540
8752842541
8752842547
8752842548
8752842549
8752842552
8752842559
8752842560
8752842561
8752842568
8752842574
8752842577
8752842579
8752842581
8752842582
8752842588
8752842589
8752842591
8752842594
8752842603
8752842605
8752842606
8752842614
8752842615
8752842617
8752842618
8752842619
8752842624
8752842625
8752842626
8752842627
8752842628
8752842629
8752842630
8752842631
8752842632
8752842639
8752842641
8752842642
8752842644
8752842645
8752842651
8752842652
8752842653
8752842655
8752842657
8752842672
8752842673
8752842674
8752842675
8752842676
8752842677
8752842678
8752842681
8752842689
8752842691
8752842692
8752842693
8752842705
8752842707
8752842713
8752842718
8752842719
8752842720
8752842722
8752842724
8752842725
8752842726
8752842736
8752842737
8752842740
8752842750
8752842752
8752842753
8752842755
8752842764
8752842765
8752842766
8752842767
8752842769
8752842778
8752842781
8752842785
8752842786
8752842787
8752842794
8752842795
8752842796
8752842797
8752842807
8752842809
8752842812
8752842813
8752842815
8752842816
8752842827
8752842829
8752842831
8752842832
8752842835
8752842841
8752842842
8752842843
8752842844
8752842846
8752842850
8752842852
8752842853
8752842859
8752842862
8752842864
8752842876
8752842877
8752842878
8752842879
8752842888
8752842889
8752842891
8752842892
8752842893
8752842898
8752842899
8752842910
8752842912
8752842913
8752842916
8752842917
8752842925
8752842926
8752842930
8752842931
8752842932
8752842933
8752842941
8752842943
8752842944
8752842946
8752842947
8752842955
8752842960
8752842968
8752842969
8752842971
8752842983
8752842984
8752842998
8752843000
8752843001
8752843002
8752843003
8752843004
8752843011
8752843012
8752843013
8752843016
8752843019
8752843022
8752843026
8752843036
8752843037
8752843040
8752843047
8752843049
8752843050
8752843051
8752843053
8752843055
8752843056
8752843057
8752843058
8752843064
8752843065
8752843068
8752843069
8752843071
8752843073
8752843080
8752843094
8752843096
8752843107
8752843108
8752843115
8752843116
8752843117
8752843118
8752843119
8752843120
8752843122
8752843123
8752843132
8752843148
8752843149
8752843150
8752843154
8752843155
8752843156
8752843166
8752843167
8752843168
8752843169
8752843171
8752843172
8752843180
8752843182
8752843185
8752843186
8752843206
8752843208
8752843211
8752843215
8752843216
8752843220
8752843223
8752843224
8752843227
8752843237
8752843238
8752843239
8752843250
8752843251
8752843256
8752843266
8752843267
8752843268
8752843271
8752843272
8752843274
8752843285
8752843286
8752843298
8752843299
8752843300
8752843305
8752843322
8752843332
8752843333
8752843335
8752843336
8752843338
8752843340
8752843341
8752843342
8752843351
8752843352
8752843354
8752843355
8752843356
8752843357
8752843364
8752843365
8752843366
8752843385
8752843386
8752843389
8752843391
8752843392
8752843393
8752843395
8752843399
8752843401
8752843402
8752843403
8752843405
8752843415
8752843417
8752843419
8752843420
8752843426
8752843427
8752843429
8752843434
8752843437
8752843439
8752843440
8752843441
8752843454
8752843455
8752843467
8752843468
8752843469
8752843473
8752843481
8752843482
8752843484
8752843485
8752843486
8752843488
8752843490
8752843500
8752843503
8752843504
8752843514
8752843515
8752843516
8752843528
8752843529
8752843530
8752843532
8752843540
8752843542
8752843543
8752843545
8752843560
8752843562
8752843577
8752843589
8752843590
8752843597
8752843598
8752843599
8752843603
8752843604
8752843605
8752843609
8752843611
8752843612
8752843627
8752843629
8752843630
8752843633
8752843642
8752843650
8752843651
8752843658
8752843659
8752843660
8752843661
8752843671
8752843673
8752843674
8752843676
8752843679
8752843680
8752843681
8752843682
8752843684
8752843685
8752843687
8752843701
8752843702
8752843704
8752843710
8752843712
8752843715
8752843719
8752843720
8752843728
8752843730
8752843732
8752843741
8752843743
8752843744
8752843745
8752843752
8752843756
8752843757
8752843759
8752843760
8752843766
8752843780
8752843781
8752843786
8752843797
8752843801
8752843807
8752843810
8752843811
8752843813
8752843815
8752843822
8752843824
8752843825
8752843826
8752843827
8752843833
8752843834
8752843835
8752843837
8752843840
8752843842
8752843843
8752843853
8752843855
8752843856
8752843858
8752843866
8752843868
8752843871
8752843872
8752843873
8752843874
8752843875
8752843876
8752843878
8752843882
8752843883
8752843884
8752843900
8752843901
8752843916
8752843919
8752843920
8752843922
8752843923
8752843925
8752843935
8752843936
8752843937
8752843945
8752843947
8752843949
8752843950
8752843953
8752843954
8752843961
8752843963
8752843964
8752843965
8752843966
8752843969
8752843976
8752843980
8752843985
8752843986
8752843997
8752843998
8752843999
8752844000
8752844002
8752844005
8752844013
8752844015
8752844016
8752844026
8752844032
8752844037
8752844038
8752844041
8752844046
8752844048
8752844049
8752844050
8752844052
8752844053
8752844055
8752844061
8752844065
8752844066
8752844068
8752844069
8752844077
8752844078
8752844080
8752844081
8752844086
8752844088
8752844093
8752844094
8752844097
8752844105
8752844106
8752844108
8752844109
8752844110
8752844111
8752844118
8752844120
8752844130
8752844131
8752844136
8752844138
8752844139
8752844141
8752844150
8752844151
8752844152
8752844160
8752844161
8752844164
8752844166
8752844170
8752844171
8752844172
8752844173
8752844176
8752844182
8752844184
8752844188
8752844189
8752844200
8752844201
8752844202
8752844204
8752844208
8752844214
8752844215
8752844216
8752844217
8752844226
8752844227
8752844228
8752844237
8752844238
8752844253
8752844255
8752844256
8752844258
8752844260
8752844263
8752844264
8752844269
8752844271
8752844272
8752844273
8752844274
8752844275
8752844278
8752844286
8752844287
8752844288
8752844289
8752844291
8752844298
8752844304
8752844306
8752844307
8752844318
8752844320
8752844321
8752844326
8752844327
8752844328
8752844330
8752844331
8752844332
8752844333
8752844334
8752844340
8752844344
8752844345
8752844346
8752844353
8752844355
8752844356
8752844358
8752844359
8752844361
8752844362
8752844363
8752844364
8752844370
8752844372
8752844381
8752844384
8752844385
8752844387
8752844388
8752844390
8752844391
8752844402
8752844406
8752844409
8752844410
8752844411
8752844420
8752844427
8752844433
8752844434
8752844442
8752844449
8752844450
8752844451
8752844457
8752844458
8752844460
8752844465
8752844467
8752844468
8752844469
8752844471
8752844482
8752844483
8752844484
8752844486
8752844487
8752844499
8752844502
8752844503
8752844505
8752844514
8752844516
8752844517
8752844528
8752844529
8752844531
8752844533
8752844536
8752844537
8752844538
8752844547
8752844549
8752844550
8752844553
8752844554
8752844556
8752844557
8752844558
8752844572
8752844573
8752844574
8752844580
8752844582
8752844583
8752844595
8752844603
8752844605
8752844606
8752844609
8752844613
8752844614
8752844627
8752844630
8752844633
8752844640
8752844642
8752844643
8752844644
8752844646
8752844647
8752844658
8752844659
8752844660
8752844664
8752844666
8752844667
8752844669
8752844675
8752844676
8752844678
8752844686
8752844691
8752844692
8752844698
8752844700
8752844701
8752844716
8752844717
8752844718
8752844719
8752844720
8752844721
8752844732
8752844733
8752844736
8752844738
8752844739
8752844751
8752844752
8752844755
8752844756
8752844769
8752844772
8752844774
8752844782
8752844784
8752844786
8752844790
8752844791
8752844792
8752844799
8752844800
8752844802
8752844808
8752844809
8752844810
8752844813
8752844814
8752844820
8752844822
8752844823
8752844825
8752844827
8752844830
8752844832
8752844848
8752844849
8752844850
8752844852
8752844853
8752844854
8752844863
8752844864
8752844865
8752844869
8752844881
8752844882
8752844883
8752844887
8752844889
8752844890
8752844897
8752844898
8752844900
8752844901
8752844902
8752844903
8752844904
8752844913
8752844919
8752844920
8752844923
8752844924
8752844928
8752844929
8752844931
8752844932
8752844934
8752844935
8752844946
8752844948
8752844951
8752844952
8752844963
8752844964
8752844965
8752844966
8752844967
8752844968
8752844969
8752844972
8752844974
8752844975
8752844976
8752844977
8752844983
8752844984
8752844986
8752844998
8752844999
8752845002
8752845006
8752845007
8752845009
8752845010
8752845020
8752845021
8752845022
8752845023
8752845031
8752845032
8752845033
8752845044
8752845045
8752845046
8752845048
8752845054
8752845055
8752845061
8752845066
8752845068
8752845079
8752845080
8752845086
8752845089
8752845091
8752845099
8752845101
8752845115
8752845117
8752845118
8752845124
8752845135
8752845137
8752845138
8752845139
8752845144
8752845149
8752845150
8752845151
8752845153
8752845154
8752845155
8752845156
8752845168
8752845169
8752845170
8752845171
8752845180
8752845182
8752845190
8752845191
8752845193
8752845195
8752845197
8752845198
8752845199
8752845209
8752845210
8752845212
8752845213
8752845214
8752845225
8752845227
8752845228
8752845229
8752845234
8752845237
8752845240
8752845241
8752845257
8752845269
8752845271
8752845272
8752845273
8752845276
8752845278
8752845294
8752845296
8752845307
8752845313
8752845314
8752845315
8752845317
8752845324
8752845325
8752845335
8752845343
8752845344
8752845346
8752845347
8752845349
8752845351
8752845352
8752845353
8752845362
8752845363
8752845364
8752845365
8752845368
8752845369
8752845374
8752845375
8752845376
8752845377
8752845378
8752845379
8752845380
8752845383
8752845384
8752845390
8752845391
8752845392
8752845399
8752845403
8752845414
8752845416
8752845418
8752845419
8752845427
8752845430
8752845438
8752845440
8752845446
8752845451
8752845467
8752845469
8752845470
8752845477
8752845480
8752845481
8752845482
8752845497
8752845498
8752845499
8752845501
8752845509
8752845511
8752845519
8752845522
8752845524
8752845526
8752845527
8752845528
8752845529
8752845533
8752845536
8752845546
8752845547
8752845549
8752845550
8752845552
8752845556
8752845559
8752845560
8752845563
8752845564
8752845571
8752845576
8752845583
8752845584
8752845587
8752845591
8752845600
8752845607
8752845608
8752845609
8752845610
8752845612
8752845614
8752845615
8752845621
8752845622
8752845623
8752845625
8752845630
8752845631
8752845632
8752845634
8752845639
8752845641
8752845642
8752845645
8752845653
8752845654
8752845655
8752845656
8752845661
8752845662
8752845664
8752845666
8752845667
8752845670
8752845679
8752845680
8752845681
8752845682
8752845685
8752845696
8752845697
8752845699
8752845703
8752845704
8752845705
8752845707
8752845709
8752845711
8752845715
8752845718
8752845719
8752845720
8752845725
8752845728
8752845736
8752845739
8752845740
8752845747
8752845749
8752845751
8752845752
8752845753
8752845757
8752845760
8752845762
8752845763
8752845770
8752845771
8752845772
8752845774
8752845776
8752845787
8752845795
8752845796
8752845801
8752845802
8752845803
8752845809
8752845811
8752845820
8752845821
8752845825
8752845835
8752845836
8752845841
8752845842
8752845851
8752845852
8752845853
8752845855
8752845856
8752845857
8752845858
8752845859
8752845860
8752845862
8752845864
8752845878
8752845882
8752845883
8752845884
8752845885
8752845890
8752845893
8752845894
8752845895
8752845901
8752845902
8752845903
8752845905
8752845906
8752845918
8752845924
8752845938
8752845939
8752845941
8752845943
8752845945
8752845946
8752845954
8752845956
8752845964
8752845965
8752845970
8752845971
8752845978
8752845979
8752845983
8752845992
8752845993
8752845994
8752845997
8752845998
8752846000
8752846001
8752846003
8752846004
8752846005
8752846010
8752846014
8752846015
8752846017
8752846025
8752846026
8752846036
8752846038
8752846043
8752846046
8752846056
8752846058
8752846059
8752846062
8752846070
8752846077
8752846089
8752846090
8752846091
8752846093
8752846094
8752846095
8752846102
8752846103
8752846104
8752846105
8752846108
8752846109
8752846117
8752846118
8752846119
8752846120
8752846127
8752846128
8752846129
8752846130
8752846137
8752846138
8752846139
8752846141
8752846145
8752846147
8752846148
8752846163
8752846165
8752846179
8752846182
8752846186
8752846187
8752846188
8752846193
8752846194
8752846196
8752846197
8752846204
8752846205
8752846207
8752846209
8752846219
8752846224
8752846226
8752846227
8752846229
8752846230
8752846239
8752846253
8752846260
8752846262
8752846265
8752846266
8752846277
8752846279
8752846282
8752846284
8752846285
8752846286
8752846287
8752846289
8752846297
8752846299
8752846305
8752846306
8752846307
8752846308
8752846309
8752846316
8752846317
8752846318
8752846321
8752846322
8752846324
8752846332
8752846341
8752846346
8752846349
8752846350
8752846351
8752846352
8752846358
8752846360
8752846363
8752846365
8752846373
8752846377
8752846391
8752846392
8752846399
8752846400
8752846401
8752846412
8752846420
8752846423
8752846424
8752846427
8752846428
8752846430
8752846431
8752846441
8752846442
8752846443
8752846444
8752846446
8752846447
8752846449
8752846467
8752846468
8752846469
8752846471
8752846474
8752846479
8752846480
8752846481
8752846482
8752846483
8752846484
8752846491
8752846492
8752846494
8752846501
8752846511
8752846512
8752846513
8752846514
8752846515
8752846517
8752846527
8752846531
8752846532
8752846545
8752846547
8752846548
8752846550
8752846559
8752846561
8752846563
8752846564
8752846565
8752846566
8752846569
8752846570
8752846577
8752846580
8752846583
8752846584
8752846585
8752846595
8752846596
8752846597
8752846606
8752846608
8752846609
8752846610
8752846619
8752846621
8752846622
8752846623
8752846624
8752846626
8752846637
8752846638
8752846640
8752846642
8752846644
8752846649
8752846650
8752846651
8752846652
8752846654
8752846655
8752846660
8752846661
8752846662
8752846668
8752846670
8752846672
8752846680
8752846681
8752846684
8752846686
8752846699
8752846700
8752846703
8752846715
8752846717
8752846718
8752846719
8752846720
8752846722
8752846724
8752846725
8752846734
8752846736
8752846737
8752846738
8752846740
8752846741
8752846743
8752846744
8752846750
8752846751
8752846752
8752846754
8752846763
8752846764
8752846771
8752846773
8752846784
8752846785
8752846787
8752846798
8752846800
8752846808
8752846810
8752846817
8752846820
8752846821
8752846822
8752846824
8752846826
8752846838
8752846841
8752846842
8752846843
8752846855
8752846856
8752846858
8752846860
8752846861
8752846863
8752846870
8752846872
8752846874
8752846876
8752846881
8752846882
8752846893
8752846894
8752846896
8752846905
8752846911
8752846912
8752846914
8752846925
8752846928
8752846930
8752846931
8752846932
8752846941
8752846944
8752846945
8752846946
8752846948
8752846949
8752846951
8752846957
8752846958
8752846961
8752846968
8752846969
8752846975
8752846978
8752846983
8752846985
8752846986
8752846999
8752847003
8752847005
8752847007
8752847014
8752847020
8752847025
8752847030
8752847031
8752847032
8752847042
8752847045
8752847047
8752847051
8752847053
8752847054
8752847055
8752847060
8752754960
8752847068
8752847070
8752847071
8752847072
8752847074
8752847082
8752847085
8752847086
8752847088
8752847089
8752847090
8752847096
8752847098
8752847109
8752847111
8752847112
8752847126
8752847127
8752847128
8752847129
8752847139
8752847140
8752847142
8752847143
8752847151
8752847155
8752847157
8752847158
8752847166
8752847169
8752847176
8752847177
8752847181
8752847182
8752847184
8752847186
8752847188
8752847192
8752847208
8752847209
8752847210
8752847212
8752847221
8752847222
8752847223
8752847224
8752847225
8752847227
8752847233
8752847236
8752847246
8752847247
8752847250
8752847259
8752847260
8752847261
8752847262
8752847269
8752847273
8752847274
8752847275
8752847282
8752847283
8752847285
8752847286
8752847287
8752847295
8752847296
8752847298
8752847301
8752847302
8752847303
8752847304
8752847313
8752847315
8752847318
8752847319
8752847325
8752847326
8752847328
8752847329
8752847331
8752847332
8752847335
8752847347
8752847348
8752847364
8752847366
8752847369
8752847370
8752847384
8752847386
8752847387
8752847390
8752847391
8752847404
8752847406
8752847420
8752847422
8752847423
8752847425
8752847426
8752847427
8752847429
8752847446
8752847447
8752847448
8752847449
8752847450
8752847454
8752847458
8752847459
8752847462
8752847463
8752847464
8752847465
8752847467
8752847474
8752847483
8752847485
8752847486
8752847487
8752847488
8752847489
8752847499
8752847501
8752847502
8752847504
8752847505
8752847515
8752847517
8752847518
8752847519
8752847521
8752847526
8752847527
8752847531
8752847532
8752847533
8752847535
8752847544
8752847545
8752847546
8752847550
8752847551
8752847552
8752847554
8752847555
8752847565
8752847566
8752847567
8752847570
8752847571
8752847572
8752847580
8752847581
8752847587
8752847588
8752847594
8752847595
8752847598
8752847599
8752847613
8752847617
8752847618
8752847619
8752847628
8752847630
8752847631
8752847634
8752847635
8752847636
8752847643
8752847644
8752847645
8752847646
8752847647
8752847662
8752847663
8752847673
8752847674
8752847677
8752847678
8752847685
8752847686
8752847707
8752847708
8752847709
8752847710
8752847712
8752847713
8752847716
8752847727
8752847729
8752847730
8752847732
8752847733
8752847734
8752847739
8752847740
8752847741
8752847742
8752847744
8752847748
8752847751
8752847758
8752847761
8752847762
8752847770
8752847771
8752847772
8752847773
8752847775
8752847777
8752847781
8752847782
8752847783
8752847786
8752847788
8752847790
8752847797
8752847800
8752847801
8752847804
8752847805
8752847814
8752847815
8752847817
8752847824
8752847829
8752847830
8752847831
8752755113
8752755114
8752847848
8752847862
8752847863
8752847869
8752847872
8752847873
8752847880
8752847881
8752847882
8752847883
8752847885
8752847894
8752847895
8752847899
8752847900
8752847912
8752847918
8752847927
8752847929
8752847931
8752847937
8752847941
8752847942
8752847949
8752847967
8752847968
8752847973
8752847974
8752847977
8752847978
8752847979
8752847980
8752847990
8752847991
8752847992
8752847993
8752847994
8752848004
8752848007
8752848008
8752848013
8752848015
8752848016
8752848022
8752848023
8752848024
8752848036
8752848041
8752848043
8752848044
8752848045
8752848046
8752848049
8752848061
8752848073
8752848074
8752848075
8752848076
8752848077
8752848078
8752848086
8752848087
8752848101
8752848111
8752848112
8752848116
8752848117
8752848118
8752848119
8752848123
8752848127
8752848133
8752848136
8752848148
8752848152
8752848154
8752848156
8752848162
8752848167
8752848168
8752848169
8752848178
8752848179
8752848183
8752848184
8752848185
8752848192
8752848194
8752848195
8752848196
8752848198
8752848199
8752848200
8752848201
8752848212
8752848213
8752848214
8752848223
8752848225
8752848227
8752848228
8752848233
8752848235
8752848236
8752848245
8752848246
8752848247
8752848250
8752848260
8752848263
8752848264
8752848265
8752848269
8752848276
8752848279
8752848281
8752848287
8752848289
8752848292
8752848294
8752848303
8752848304
8752848305
8752848306
8752848308
8752848311
8752848327
8752848338
8752848342
8752848344
8752848355
8752848366
8752848373
8752848379
8752848381
8752848382
8752848383
8752848384
8752848386
8752848395
8752848397
8752848398
8752848399
8752848405
8752848407
8752848408
8752848410
8752848413
8752848414
8752848422
8752848424
8752848425
8752848434
8752848435
8752848436
8752848437
8752848447
8752848448
8752848449
8752848450
8752848451
8752848453
8752848455
8752848471
8752848472
8752848473
8752848474
8752848475
8752848487
8752848489
8752848490
8752848497
8752848499
8752848500
8752848501
8752848512
8752848514
8752848515
8752848518
8752848526
8752848529
8752848543
8752848546
8752848547
8752848550
8752848563
8752848565
8752848566
8752848571
8752848572
8752848573
8752848574
8752848575
8752848576
8752848584
8752848588
8752848589
8752848590
8752848594
8752848595
8752848612
8752848614
8752848624
8752848629
8752848630
8752848631
8752848639
8752848642
8752848644
8752848645
8752848655
8752848656
8752848665
8752848675
8752848676
8752848683
8752848684
8752848687
8752848693
8752848694
8752848695
8752848696
8752848699
8752848700
8752848703
8752848704
8752848710
8752848711
8752848712
8752848713
8752848714
8752848718
8752848724
8752848725
8752848726
8752848727
8752848730
8752848731
8752848739
8752848741
8752848743
8752848745
8752848747
8752848753
8752848754
8752848757
8752848770
8752848771
8752848772
8752848773
8752848781
8752848785
8752848786
8752848788
8752848790
8752848791
8752848793
8752848794
8752848795
8752848796
8752848805
8752848810
8752848812
8752848813
8752848814
8752848820
8752848825
8752848832
8752848834
8752848835
8752848836
8752848837
8752848840
8752848856
8752848860
8752848862
8752848865
8752848877
8752848879
8752848894
8752848895
8752848908
8752848910
8752848915
8752848926
8752848927
8752848928
8752848929
8752848935
8752848938
8752848940
8752848942
8752848943
8752848954
8752848956
8752848957
8752848958
8752848965
8752848969
8752848970
8752848971
8752848975
8752848985
8752848987
8752848988
8752848989
8752848993
8752848994
8752848996
8752848997
8752848998
8752848999
8752849000
8752849008
8752849011
8752849012
8752849013
8752849023
8752849024
8752849028
8752849033
8752849034
8752849035
8752849044
8752849045
8752849047
8752849048
8752849049
8752849059
8752849060
8752849061
8752849062
8752849064
8752849080
8752849081
8752849082
8752849083
8752849087
8752849088
8752849089
8752849102
8752849103
8752849106
8752849108
8752849117
8752849119
8752849121
8752849122
8752849123
8752849139
8752849145
8752849152
8752849153
8752849154
8752849155
8752849166
8752849167
8752849168
8752849169
8752849176
8752849177
8752849178
8752849186
8752849189
8752849190
8752849191
8752849192
8752849196
8752849204
8752849206
8752849207
8752849209
8752849217
8752849219
8752849220
8752849221
8752849223
8752849224
8752849225
8752849227
8752849229
8752849240
8752849242
8752849249
8752849251
8752849254
8752849256
8752849257
8752849266
8752849268
8752849269
8752849273
8752849274
8752849287
8752849289
8752849291
8752849292
8752849293
8752849307
8752849309
8752849317
8752849320
8752849322
8752849323
8752849324
8752849330
8752849339
8752849341
8752849343
8752849344
8752849345
8752849346
8752849357
8752849358
8752849360
8752849362
8752849363
8752849364
8752849365
8752849366
8752849370
8752849371
8752849374
8752849382
8752849384
8752849389
8752849390
8752849393
8752849396
8752849397
8752849403
8752849404
8752849406
8752849409
8752849410
8752849411
8752849412
8752849413
8752849414
8752849415
8752849422
8752849425
8752849428
8752849436
8752849441
8752849445
8752849449
8752849450
8752849453
8752849454
8752849458
8752849460
8752849461
8752849464
8752849465
8752849466
8752849468
8752849482
8752849483
8752849495
8752849496
8752849498
8752849499
8752849500
8752849501
8752849502
8752849508
8752849509
8752849510
8752849512
8752849513
8752849520
8752849521
8752849522
8752849523
8752849534
8752849535
8752849536
8752849547
8752849548
8752849552
8752849554
8752849555
8752849556
8752849566
8752849567
8752849569
8752849570
8752849578
8752849582
8752849583
8752849592
8752849593
8752849600
8752849601
8752849602
8752849603
8752849606
8752849607
8752849614
8752849617
8752849618
8752849619
8752849621
8752849622
8752849623
8752849628
8752849629
8752849632
8752849638
8752849639
8752849640
8752849641
8752849642
8752849648
8752849650
8752849661
8752849662
8752849668
8752849669
8752849670
8752849672
8752849673
8752849675
8752849677
8752849678
8752849679
8752849684
8752849685
8752849686
8752849690
8752849691
8752849698
8752849701
8752849703
8752849704
8752849716
8752849717
8752849718
8752849720
8752849722
8752849723
8752849730
8752849731
8752849735
8752849744
8752849747
8752849750
8752849751
8752849752
8752849754
8752849760
8752849761
8752849763
8752849777
8752849780
8752849784
8752849785
8752849790
8752849792
8752849794
8752849797
8752849806
8752849807
8752849809
8752849812
8752849814
8752849822
8752849824
8752849825
8752849828
8752849839
8752849840
8752849841
8752849849
8752849851
8752849852
8752849853
8752849862
8752849864
8752849873
8752849875
8752849883
8752849885
8752849887
8752849899
8752849900
8752849902
8752849903
8752849904
8752849905
8752849906
8752849908
8752849916
8752849925
8752849933
8752849934
8752849937
8752849939
8752849940
8752849941
8752849948
8752849953
8752849954
8752849956
8752849957
8752849958
8752849959
8752849961
8752849968
8752849991
8752849992
8752850001
8752850010
8752850012
8752850014
8752850015
8752850017
8752850018
8752850020
8752850021
8752850028
8752850030
8752850031
8752850034
8752850043
8752850044
8752850047
8752850048
8752850050
8752850052
8752850056
8752850062
8752850064
8752850065
8752850067
8752850068
8752850069
8752850076
8752850079
8752850080
8752850083
8752850084
8752850087
8752850090
8752850094
8752850095
8752850096
8752850104
8752850105
8752850106
8752850112
8752850115
8752850116
8752850124
8752850125
8752850126
8752850129
8752850134
8752850137
8752850153
8752850155
8752850171
8752850173
8752850176
8752850183
8752850186
8752850188
8752850198
8752850199
8752850204
8752850213
8752850216
8752850218
8752850220
8752850221
8752850222
8752850229
8752850230
8752850237
8752850238
8752850239
8752850241
8752850244
8752850245
8752850254
8752850262
8752850271
8752850272
8752850276
8752850277
8752850278
8752850279
8752850291
8752850299
8752850301
8752850303
8752850304
8752850309
8752850310
8752850312
8752850318
8752850322
8752850328
8752850329
8752850332
8752850333
8752850336
8752850337
8752850338
8752850339
8752850346
8752850347
8752850348
8752850349
8752850350
8752850351
8752850358
8752850366
8752850367
8752850368
8752850373
8752850374
8752850381
8752850386
8752850387
8752850388
8752850389
8752850390
8752850398
8752850400
8752850401
8752850404
8752850405
8752850407
8752850409
8752850411
8752850413
8752850425
8752850440
8752850442
8752850443
8752850444
8752850455
8752850456
8752850459
8752850462
8752850469
8752850471
8752850476
8752850489
8752850491
8752850492
8752850493
8752850501
8752850503
8752850504
8752850509
8752850518
8752850519
8752850520
8752850521
8752850528
8752850529
8752850530
8752850531
8752850534
8752850537
8752850538
8752850539
8752850547
8752850553
8752850575
8752850577
8752850578
8752850579
8752850581
8752850583
8752850585
8752850586
8752850597
8752850611
8752850613
8752850614
8752850621
8752850622
8752850623
8752850624
8752850625
8752850636
8752850638
8752850640
8752850641
8752850642
8752850649
8752850653
8752850663
8752850664
8752850665
8752850667
8752850674
8752850676
8752850690
8752850691
8752850693
8752850694
8752850695
8752850702
8752850703
8752850718
8752850719
8752850729
8752850731
8752850732
8752850733
8752850750
8752850774
8752850775
8752850786
8752850787
8752850788
8752850795
8752850803
8752850804
8752850805
8752850815
8752850818
8752850829
8752850839
8752850841
8752850842
8752850843
8752850845
8752850846
8752850847
8752850855
8752850856
8752850857
8752850858
8752850863
8752850874
8752850875
8752850876
8752850877
8752850878
8752850880
8752850882
8752850883
8752850884
8752850896
8752850907
8752850908
8752850909
8752850910
8752850911
8752850912
8752850918
8752850919
8752850921
8752850922
8752850923
8752850928
8752850929
8752850931
8752850933
8752850935
8752850937
8752850938
8752850943
8752850945
8752850947
8752850948
8752850949
8752850950
8752850951
8752850955
8752850957
8752850960
8752850969
8752850973
8752850986
8752850987
8752850988
8752850989
8752850991
8752851000
8752851002
8752851003
8752851015
8752851020
8752851023
8752851024
8752851025
8752851030
8752851031
8752851032
8752851044
8752851045
8752851048
8752851054
8752851055
8752851056
8752851058
8752851059
8752851067
8752851069
8752851072
8752851073
8752851074
8752851076
8752851085
8752851086
8752851094
8752851095
8752851096
8752851097
8752851098
8752851099
8752851108
8752851117
8752851119
8752851121
8752851126
8752851130
8752851131
8752851132
8752851140
8752851142
8752851149
8752851150
8752851151
8752851152
8752851153
8752851154
8752851155
8752851156
8752851157
8752851169
8752851177
8752851179
8752851181
8752851184
8752851185
8752851194
8752851196
8752851203
8752851204
8752851209
8752851210
8752851211
8752851212
8752851214
8752851215
8752851219
8752851221
8752851222
8752851228
8752851235
8752851242
8752851250
8752851251
8752851254
8752851255
8752851256
8752851260
8752851268
8752851271
8752851273
8752851279
8752851280
8752851284
8752851292
8752851293
8752851297
8752851299
8752851300
8752851301
8752851302
8752851303
8752851305
8752851322
8752851323
8752851324
8752851326
8752851327
8752851338
8752851340
8752851341
8752851351
8752851354
8752851355
8752851356
8752851357
8752851358
8752851359
8752851363
8752851376
8752851377
8752851378
8752851380
8752851381
8752851382
8752851384
8752851385
8752851392
8752851396
8752851397
8752851417
8752851419
8752851431
8752851432
8752851438
8752851439
8752851441
8752851442
8752851443
8752851445
8752851447
8752851458
8752851460
8752851461
8752851462
8752851463
8752851472
8752851480
8752851483
8752851487
8752851488
8752851490
8752851491
8752851494
8752851495
8752851499
8752851502
8752851503
8752851506
8752851508
8752851509
8752851511
8752851512
8752851519
8752851520
8752851522
8752851531
8752851532
8752851533
8752851534
8752851535
8752851549
8752851560
8752851561
8752851564
8752851574
8752851575
8752851579
8752851585
8752851587
8752851588
8752851599
8752851601
8752851610
8752851612
8752851613
8752851614
8752851629
8752851631
8752851637
8752851639
8752851645
8752851651
8752851652
8752851666
8752851667
8752851669
8752851679
8752851682
8752851683
8752851690
8752851692
8752851704
8752851705
8752851706
8752851707
8752851710
8752851715
8752851717
8752851718
8752851719
8752851720
8752851721
8752851722
8752851727
8752851728
8752851729
8752851730
8752851739
8752851740
8752851743
8752851750
8752851753
8752851763
8752851764
8752851765
8752851766
8752851767
8752851774
8752851775
8752851778
8752851779
8752851780
8752851782
8752851785
8752851798
8752851799
8752851816
8752851818
8752851821
8752851823
8752851824
8752851834
8752851835
8752851837
8752851847
8752851848
8752851849
8752851850
8752851851
8752851858
8752851859
8752851860
8752851861
8752851863
8752851867
8752851874
8752851884
8752851885
8752851886
8752851889
8752851898
8752851899
8752851900
8752851910
8752851911
8752851913
8752851914
8752851919
8752851921
8752851922
8752851925
8752851927
8752851928
8752851932
8752851933
8752851934
8752851940
8752851946
8752851947
8752851959
8752851961
8752851962
8752851963
8752851964
8752851965
8752851968
8752851976
8752851997
8752851999
8752852001
8752852003
8752852017
8752852022
8752852023
8752852024
8752852025
8752852026
8752852027
8752852028
8752852029
8752852030
8752852031
8752852040
8752852041
8752852042
8752852051
8752852053
8752852055
8752852060
8752852069
8752852070
8752852073
8752852081
8752852086
8752852091
8752852092
8752852093
8752852105
8752852106
8752852108
8752852116
8752852117
8752852118
8752852120
8752852121
8752852122
8752852128
8752852132
8752852135
8752852136
8752852137
8752852150
8752852154
8752852155
8752852167
8752852171
8752852176
8752852177
8752852178
8752852187
8752852189
8752852190
8752852191
8752852193
8752852198
8752852199
8752852201
8752852202
8752852203
8752852205
8752852206
8752852220
8752852221
8752852222
8752852231
8752852232
8752852233
8752852239
8752852242
8752852248
8752852251
8752852253
8752852264
8752852265
8752852268
8752852277
8752852278
8752852279
8752852280
8752852282
8752852284
8752852292
8752852294
8752852296
8752852298
8752852299
8752852303
8752852305
8752852306
8752852309
8752852310
8752852318
8752852319
8752852321
8752852322
8752852323
8752852331
8752852337
8752852344
8752852346
8752852347
8752852349
8752852356
8752852358
8752852359
8752852362
8752852367
8752852368
8752852369
8752852370
8752852371
8752852372
8752852379
8752852380
8752852381
8752852382
8752852385
8752852391
8752852392
8752852395
8752852399
8752852400
8752852408
8752852415
8752852417
8752852418
8752852419
8752852426
8752852427
8752852428
8752852432
8752852437
8752852439
8752852442
8752852443
8752852447
8752852449
8752852450
8752852451
8752852459
8752852460
8752852462
8752852464
8752852465
8752852466
8752852467
8752852469
8752852481
8752852482
8752852485
8752852486
8752852487
8752852490
8752852499
8752852500
8752852501
8752852502
8752852507
8752852508
8752852519
8752852520
8752852521
8752852523
8752852525
8752852527
8752852531
8752852532
8752852533
8752852547
8752852550
8752852555
8752852556
8752852557
8752852559
8752852563
8752852571
8752852573
8752852574
8752852580
8752852582
8752852583
8752852594
8752852597
8752852604
8752852610
8752852611
8752852617
8752852618
8752852619
8752852621
8752852624
8752852625
8752852627
8752852628
8752852634
8752852637
8752852645
8752852647
8752852651
8752852652
8752852653
8752852654
8752852655
8752852658
8752852668
8752852669
8752852670
8752852679
8752852681
8752852683
8752852684
8752852685
8752852690
8752852691
8752852701
8752852704
8752852714
8752852715
8752852716
8752852717
8752852719
8752852720
8752852723
8752852724
8752852733
8752852734
8752852735
8752852736
8752852738
8752852741
8752852742
8752852749
8752852750
8752852752
8752852753
8752852754
8752852758
8752852766
8752852767
8752852771
8752852783
8752852784
8752852786
8752852787
8752852789
8752852797
8752852798
8752852799
8752852809
8752852811
8752852812
8752852813
8752852817
8752852823
8752852830
8752852831
8752852834
8752852839
8752852841
8752852844
8752852847
8752852848
8752852856
8752852857
8752852858
8752852870
8752852871
8752852878
8752852882
8752852883
8752852884
8752852889
8752852891
8752852892
8752756120
8752852904
8752852907
8752756122
8752852918
8752756124
8752852925
8752852926
8752852928
8752852930
8752852933
8752852944
8752852957
8752852958
8752852959
8752852961
8752852969
8752852971
8752852974
8752852975
8752852976
8752852977
8752852988
8752852989
8752852992
8752852993
8752852996
8752852998
8752853008
8752853009
8752853015
8752853017
8752853019
8752853020
8752853021
8752853022
8752853024
8752853025
8752853026
8752853027
8752853029
8752853030
8752853032
8752853033
8752853034
8752853035
8752853036
8752853043
8752853047
8752853049
8752853050
8752853059
8752853060
8752853067
8752853068
8752853069
8752853084
8752853085
8752853088
8752853092
8752853102
8752853109
8752853112
8752853113
8752853115
8752853117
8752853126
8752853127
8752853130
8752853137
8752853139
8752853143
8752853144
8752853151
8752853152
8752853155
8752853156
8752853157
8752853167
8752853168
8752853169
8752853178
8752853181
8752853182
8752853183
8752853184
8752853187
8752853188
8752853199
8752853200
8752853204
8752853212
8752853213
8752853215
8752853229
8752853231
8752853238
8752853239
8752853240
8752853242
8752853245
8752853246
8752853248
8752853256
8752853257
8752853258
8752853260
8752853261
8752853263
8752853264
8752853273
8752853277
8752853285
8752853286
8752853293
8752853294
8752853296
8752853298
8752853303
8752853304
8752853305
8752853306
8752853308
8752853310
8752853314
8752853315
8752853316
8752853317
8752853323
8752853325
8752853328
8752853329
8752853330
8752853338
8752853344
8752853345
8752853346
8752853354
8752853355
8752853356
8752853358
8752853362
8752853368
8752853369
8752853370
8752853372
8752853373
8752853380
8752853381
8752853385
8752853388
8752853389
8752853391
8752853392
8752853393
8752853404
8752853407
8752853417
8752853420
8752853426
8752853428
8752853431
8752853433
8752853434
8752853445
8752853446
8752853448
8752853449
8752853459
8752853462
8752853465
8752853466
8752853468
8752853469
8752853470
8752853472
8752853475
8752853476
8752853480
8752853486
8752853487
8752853488
8752853489
8752853491
8752853498
8752853501
8752853503
8752853504
8752853513
8752853518
8752853519
8752853521
8752853535
8752853540
8752853541
8752853548
8752853551
8752853557
8752853567
8752853568
8752853569
8752853571
8752853581
8752853582
8752853587
8752853598
8752853601
8752853603
8752853604
8752853605
8752853606
8752853616
8752853625
8752853627
8752853628
8752853634
8752853639
8752853644
8752853647
8752853652
8752853655
8752853658
8752853668
8752853670
8752853674
8752853683
8752853684
8752853687
8752853688
8752853689
8752853691
8752853692
8752853702
8752853703
8752853704
8752853705
8752853706
8752853720
8752853721
8752853722
8752853725
8752853727
8752853742
8752853743
8752853745
8752853746
8752853747
8752853751
8752853756
8752853757
8752853758
8752853760
8752853761
8752853768
8752853769
8752853771
8752853779
8752853798
8752853799
8752853804
8752853811
8752853814
8752853815
8752853816
8752853817
8752853825
8752853826
8752853827
8752853836
8752853840
8752853852
8752853853
8752853856
8752853857
8752853858
8752853866
8752853867
8752853868
8752853869
8752853871
8752853872
8752853884
8752853885
8752853888
8752853890
8752853900
8752853901
8752853902
8752853912
8752853914
8752853916
8752853919
8752853920
8752853932
8752853933
8752853934
8752853935
8752853939
8752853949
8752853951
8752853952
8752853953
8752853955
8752853957
8752853964
8752853965
8752853968
8752853971
8752853972
8752853993
8752853994
8752756339
8752854005
8752854006
8752854015
8752854017
8752854018
8752854021
8752854023
8752854025
8752854026
8752854033
8752854035
8752854038
8752854039
8752854052
8752854061
8752854062
8752854064
8752854065
8752854066
8752854072
8752854074
8752854076
8752854077
8752854078
8752854092
8752854093
8752854094
8752854095
8752854096
8752854097
8752756357
8752854099
8752854104
8752854116
8752854118
8752854125
8752854126
8752854127
8752854128
8752854134
8752854147
8752854148
8752854149
8752854150
8752854151
8752854159
8752854160
8752854161
8752854164
8752854165
8752854173
8752854177
8752854180
8752854181
8752854182
8752854190
8752854192
8752854193
8752854194
8752854197
8752854206
8752854207
8752854208
8752854215
8752854216
8752854218
8752854220
8752854231
8752854234
8752854243
8752854248
8752854249
8752854251
8752854262
8752854263
8752854279
8752854286
8752854287
8752854290
8752854291
8752854293
8752854297
8752854298
8752854301
8752854303
8752854304
8752854307
8752854311
8752854314
8752854317
8752854324
8752854335
8752854336
8752854337
8752854339
8752854340
8752854344
8752854345
8752854346
8752854353
8752854356
8752854357
8752854360
8752854361
8752854363
8752854364
8752854366
8752854367
8752854368
8752854370
8752854380
8752854383
8752854384
8752854389
8752854391
8752854396
8752854397
8752854404
8752854405
8752854407
8752854415
8752854419
8752854433
8752854434
8752854435
8752854438
8752854439
8752854440
8752854441
8752854445
8752854446
8752854448
8752854450
8752854452
8752854454
8752854455
8752854466
8752854467
8752854469
8752854471
8752854472
8752854473
8752854479
8752854499
8752854500
8752854501
8752854502
8752854505
8752854506
8752854511
8752854513
8752854515
8752854518
8752854526
8752854528
8752854530
8752854541
8752854542
8752854544
8752854547
8752854548
8752854554
8752854555
8752854561
8752854570
8752854571
8752854572
8752854574
8752854587
8752854588
8752854590
8752854592
8752854593
8752854594
8752854604
8752854609
8752854616
8752854617
8752854621
8752854624
8752854627
8752854628
8752854629
8752854631
8752854642
8752854646
8752854647
8752854651
8752854652
8752854661
8752854665
8752854666
8752854667
8752854668
8752854674
8752854680
8752854684
8752854685
8752854686
8752854687
8752854688
8752854694
8752854695
8752854698
8752854703
8752854704
8752854706
8752854707
8752854708
8752854709
8752854710
8752854714
8752854715
8752854716
8752854717
8752854730
8752854732
8752854734
8752854743
8752854744
8752854755
8752854756
8752854758
8752854772
8752854773
8752854774
8752854787
8752854788
8752854789
8752854790
8752854793
8752854797
8752854799
8752854801
8752854805
8752854806
8752854811
8752854816
8752854817
8752854819
8752854826
8752854827
8752854830
8752854839
8752854841
8752854842
8752854853
8752854855
8752854856
8752854857
8752854860
8752854861
8752854872
8752854873
8752854877
8752854888
8752854889
8752854898
8752854911
8752854912
8752854913
8752854915
8752854918
8752854919
8752854920
8752854928
8752854929
8752854930
8752854937
8752854940
8752854949
8752854950
8752854952
8752854953
8752854963
8752854965
8752854973
8752854977
8752854978
8752854980
8752854989
8752854991
8752854992
8752855001
8752855003
8752855005
8752855006
8752855007
8752855015
8752855016
8752855018
8752855029
8752855035
8752855044
8752855045
8752855046
8752855047
8752855052
8752855065
8752855066
8752855067
8752855068
8752855073
8752855074
8752855077
8752855085
8752855092
8752855096
8752855097
8752855100
8752855101
8752855112
8752855113
8752855115
8752855116
8752855117
8752855125
8752855127
8752855128
8752855135
8752855140
8752855147
8752855149
8752855151
8752855169
8752855170
8752855171
8752855182
8752855183
8752855184
8752855185
8752855186
8752855198
8752855205
8752855209
8752855210
8752855212
8752855225
8752855234
8752855235
8752855236
8752855238
8752855239
8752855242
8752855249
8752855252
8752855253
8752855258
8752855259
8752756589
8752855269
8752855270
8752855273
8752855282
8752855284
8752855285
8752855291
8752855292
8752855293
8752855301
8752855303
8752855304
8752855309
8752855323
8752855324
8752855325
8752855326
8752855327
8752855329
8752855330
8752855340
8752855341
8752855344
8752855355
8752855356
8752855357
8752855361
8752855368
8752855369
8752855371
8752855372
8752855374
8752855376
8752855377
8752855378
8752855385
8752855386
8752855387
8752855389
8752855391
8752855399
8752855400
8752855404
8752855420
8752855421
8752855422
8752756622
8752855431
8752855440
8752855442
8752855460
8752855462
8752855464
8752855465
8752855466
8752855468
8752855474
8752855478
8752855479
8752855480
8752855486
8752855487
8752855488
8752855490
8752855491
8752855493
8752855498
8752855502
8752855505
8752855507
8752855516
8752855518
8752855520
8752855521
8752855523
8752855536
8752855537
8752855538
8752855541
8752855544
8752855551
8752855552
8752855554
8752855556
8752855557
8752855558
8752855566
8752855567
8752855568
8752855569
8752855578
8752855579
8752855581
8752855583
8752855593
8752855594
8752855597
8752855602
8752855605
8752855606
8752855615
8752855616
8752855617
8752855619
8752855629
8752855630
8752855631
8752855643
8752855644
8752855645
8752855647
8752855657
8752855658
8752855661
8752855670
8752855671
8752855681
8752855690
8752855695
8752855697
8752855709
8752855710
8752855711
8752855713
8752855720
8752855722
8752855724
8752855725
8752855727
8752855731
8752855732
8752855740
8752855741
8752855742
8752855743
8752855746
8752855748
8752855749
8752855758
8752855760
8752855769
8752855771
8752855772
8752855782
8752855790
8752855796
8752855799
8752855800
8752855802
8752855803
8752855805
8752855816
8752855817
8752855818
8752855826
8752855828
8752855830
8752855831
8752855842
8752855843
8752855847
8752855848
8752855850
8752855859
8752855862
8752855864
8752855865
8752855866
8752855872
8752855874
8752855877
8752855884
8752855886
8752855887
8752855894
8752855895
8752855896
8752855897
8752855898
8752855900
8752855904
8752855912
8752855922
8752855931
8752855932
8752855933
8752855934
8752855935
8752855941
8752855942
8752855943
8752855944
8752855948
8752855949
8752855959
8752855960
8752855969
8752855970
8752855980
8752855981
8752855982
8752855990
8752855994
8752855997
8752856000
8752856007
8752856008
8752856009
8752856010
8752856011
8752856014
8752856025
8752856026
8752856027
8752856030
8752856037
8752856038
8752856039
8752856044
8752856045
8752856046
8752856047
8752856048
8752856049
8752856050
8752856057
8752856058
8752856060
8752856064
8752856065
8752856067
8752856079
8752856086
8752856087
8752856089
8752856091
8752856092
8752856102
8752856107
8752856108
8752856109
8752856117
8752856118
8752856119
8752856123
8752856124
8752856125
8752856126
8752856137
8752856139
8752856147
8752856148
8752856156
8752856157
8752856168
8752856171
8752856174
8752856179
8752856182
8752856186
8752856187
8752856188
8752856189
8752856190
8752856191
8752856192
8752856193
8752856204
8752856205
8752856207
8752856209
8752856210
8752856211
8752856212
8752856213
8752856216
8752856219
8752856220
8752856225
8752856226
8752856233
8752856234
8752756783
8752856238
8752856239
8752856248
8752856249
8752856250
8752856253
8752856266
8752856267
8752856268
8752856273
8752856274
8752856280
8752856281
8752856283
8752856284
8752856290
8752856291
8752856292
8752856298
8752856300
8752856301
8752856302
8752856316
8752856317
8752856318
8752856321
8752856334
8752856339
8752856340
8752856342
8752856347
8752856348
8752856349
8752856350
8752856351
8752856352
8752856359
8752856361
8752856368
8752856369
8752856372
8752856373
8752856374
8752856384
8752856385
8752856387
8752856389
8752856394
8752856396
8752856397
8752856403
8752856408
8752756817
8752856410
8752856412
8752756818
8752856414
8752856415
8752856425
8752856426
8752856427
8752856428
8752856430
8752856441
8752856442
8752856443
8752856448
8752856449
8752856450
8752856451
8752856452
8752856453
8752856477
8752856488
8752856489
8752856503
8752856504
8752856506
8752856513
8752856516
8752856520
8752856521
8752856523
8752856525
8752856534
8752856535
8752856536
8752856541
8752856543
8752856545
8752856547
8752856555
8752856556
8752856557
8752856558
8752856560
8752856567
8752856568
8752856569
8752856570
8752856572
8752856579
8752856592
8752856593
8752856594
8752856596
8752856597
8752856606
8752856607
8752856608
8752856610
8752856611
8752856619
8752856620
8752856622
8752856623
8752856645
8752856652
8752856653
8752856654
8752856657
8752856658
8752856659
8752856671
8752856673
8752856674
8752856677
8752856678
8752856691
8752856694
8752856695
8752856696
8752856697
8752856714
8752856719
8752856720
8752856721
8752856722
8752856725
8752856727
8752856729
8752856739
8752856740
8752856741
8752856745
8752856753
8752856754
8752856756
8752856757
8752856758
8752856769
8752856773
8752856777
8752856785
8752856789
8752856798
8752856799
8752856800
8752856803
8752856805
8752856807
8752856808
8752856814
8752856815
8752856816
8752856819
8752856820
8752856823
8752856824
8752856825
8752856832
8752856834
8752856835
8752856846
8752856854
8752856856
8752856858
8752856860
8752856865
8752856866
8752856867
8752856870
8752856871
8752856872
8752856884
8752856892
8752856893
8752856894
8752856895
8752856903
8752856904
8752856920
8752856938
8752856949
8752856950
8752856960
8752856964
8752856977
8752856978
8752856997
8752857000
8752857001
8752857002
8752857004
8752857009
8752857010
8752857011
8752857015
8752857017
8752857020
8752857029
8752857030
8752857033
8752857040
8752857043
8752857044
8752857051
8752857054
8752857055
8752857058
8752857059
8752857060
8752857067
8752857073
8752857075
8752857076
8752857083
8752857084
8752857086
8752857087
